name,cas,smiles,cluster,chaos_id,paper_dim1,paper_dim2,ours_pc1,ours_pc2,ours_pc3
aceticacid,64-19-7,C(C)(=O)O,9.0,6596,-102.1257513,-364.5758595,0.36342246408355183,0.3569005807894948,0.0027499690248107434
aceticanhydride,108-24-7,C(C)(=O)OC(C)=O,4.0,6638,0.674897409,12.23489972,0.15585578877110107,-0.011947283412090427,0.23001406727612014
propanone,67-64-1,CC(C)=O,2.0,8973,-145.0965618,51.40012888,0.205404790643529,-0.10356055234053213,0.1629661040741299
acetonitrile,75-05-8,C(C)#N,4.0,5717,-76.67901781,-21.5026173,0.30791520393283117,0.023592817658264285,0.38755016301447887
acetophenone,98-86-2,C(C)(=O)C1=CC=CC=C1,3.0,7403,-95.72719999,43.73464902,0.09962504869787382,-0.057793182751103817,0.06733003993755458
acetylacetone,123-54-6,C(C)(=O)CC(C)=O,4.0,5994,-77.08011475,21.1921456,0.18159213095250196,-0.06064968023238252,0.19543120180036
ethanolamine,141-43-5,C(O)CN,8.0,44523,-444.329658,-90.8875238,0.265125456916144,-0.05933093386481098,0.09661400865660418
aniline,62-53-3,NC1=CC=CC=C1,6.0,45183,-117.3065566,-60.29456858,0.2220961741069932,0.13541328627639998,0.028662603622363527
anisole,100-66-3,C1(=CC=CC=C1)OC,6.0,36126,77.71107038,25.87561547,-0.019425658042824864,0.002470740029206758,0.05865138072702956
benzaldehyde,100-52-7,C(C1=CC=CC=C1)=O,3.0,49066,-63.61849039,32.53816114,0.10252687004882621,-0.025708518527523393,0.09224009021344005
benzene,71-43-2,C1=CC=CC=C1,5.0,52999,206.2896308,14.66561318,-0.08111275437420576,0.04066928503257902,0.0672864676155695
benzonitrile,100-47-0,C(C1=CC=CC=C1)#N,6.0,43861,-22.97473134,8.938883935,0.09999186096553749,-0.006004213692532235,0.12054506544987273
benzylalcohol,100-51-6,C(C1=CC=CC=C1)O,7.0,51327,-150.4568979,-220.34478,0.2075532546048696,0.16400413979081238,-0.060464792219253785
bromobenzene,108-86-1,BrC1=CC=CC=C1,5.0,276,218.6946925,-3.917848351,-0.11246960075413935,0.05351284308812283,0.048394205196445605
1-bromobutane,109-65-9,BrCCCC,5.0,18067,211.4251102,21.66643353,-0.14161084574145757,0.029579319444211157,0.02899084150251498
bromoethane,74-96-4,BrCC,5.0,14127,199.1990237,7.647712253,-0.08808847656250963,0.0356604703154466,0.06535475445379843
1-butanol,71-36-3,C(CCC)O,7.0,24811,-213.4258425,-164.6572775,0.16699555329405444,0.10060214028914462,-0.12868091522517341
2-butanol,78-92-2,CC(CC)O,7.0,15340,-211.5885431,-148.6101467,0.16746542525416896,0.06861411396977339,-0.11965538701909824
butanone,78-93-3,CC(CC)=O,3.0,14946,-140.6394345,62.47357861,0.15047931400031075,-0.11012849186296247,0.08295973128081102
n-butylacetate,123-86-4,C(CCC)OC(C)=O,3.0,25023,-87.05570689,68.57671775,0.050579547691375085,-0.09833937399956934,0.005342377858159302
1-butylamine,109-73-9,C(CCC)N,1.0,24620,-609.0927325,116.6496752,0.2941794060050312,-0.2697097697403928,-0.1400208572553161
butyronitrile,109-74-0,C(CCC)#N,3.0,16769,-75.43071592,28.83900381,0.14658635100117004,-0.05305712192046569,0.14774520265993213
cs2,75-15-0,S=C=S,5.0,51763,261.8913066,45.12767318,-0.2684478513192649,0.03533215075949021,-0.03250580997213116
ccl4,56-23-5,ClC(Cl)(Cl)Cl,5.0,40555,260.5215113,38.06518531,-0.24194975065199703,0.0384717696431403,-0.01821040947104576
chlorobenzene,108-90-7,ClC1=CC=CC=C1,5.0,41528,218.8339983,-0.364093731,-0.11095091315318993,0.05489270950194285,0.04871342112937172
1-chlorobutane,109-69-3,ClCCCC,5.0,24617,211.4705916,28.03329638,-0.13985532137044987,0.028668155388349166,0.029129975387677056
chcl3,67-66-3,ClC(Cl)Cl,6.0,40617,209.9843961,-177.8661139,0.014428564202089132,0.2394320627606207,0.02067334859758999
1-chloropropane,540-54-5,ClCCC,5.0,25702,206.6001792,23.61520628,-0.1168034789915364,0.027856098705176784,0.04578536320432507
2-chloropropane,75-29-6,ClC(C)C,5.0,10420,199.4500496,23.2570615,-0.112530170062725,0.025093958468583668,0.0481075443793737
3-hydroxytoluene,108-39-4,OC=1C=C(C)C=CC1,9.0,39739,7.049182287,-430.8417789,0.2776962460511045,0.43127721244082673,-0.08123947958283308
cyclohexane,110-82-7,C1CCCCC1,5.0,2189,274.8827485,59.58944731,-0.2732314724816536,0.03228801156326295,-0.0380458281886569
cyclohexanol,108-93-0,C1(CCCCC1)O,7.0,50820,-219.0630524,-141.7399813,0.15479201438355303,0.04551889657305778,-0.1320238910235676
cyclohexanone,108-94-1,C1(CCCCC1)=O,3.0,48204,-154.6513725,73.99884274,0.1271821269991207,-0.133710113793047,0.047911806847039926
cyclohexene,110-83-8,C1=CCCCC1,5.0,1906,198.078044,54.50991351,-0.19469641304319663,0.01010576642213672,-0.016163686253717755
cyclopentane,287-92-3,C1CCCC1,5.0,2182,273.1756117,59.19556951,-0.2671493404631662,0.03192372026598361,-0.03541541196710544
cyclopentanone,120-92-3,C1(CCCC1)=O,3.0,48178,-136.7198019,64.50953147,0.14823303477236896,-0.11832819217546757,0.09797268135735013
n-decane,124-18-5,CCCCCCCCCC,5.0,21147,273.4897911,58.98343459,-0.2688031655723485,0.03160047466806779,-0.03532141329797504
"1,1'-oxybis-2-ethoxy-ethane",112-36-7,CCOCCOCCOCC,3.0,29022,-262.9920326,97.45149739,0.0377349414142321,-0.12580137224324497,-0.044294204793168285
diglyme,111-96-6,COCCOCCOC,3.0,33932,-222.2468431,81.30195927,0.10068133241633327,-0.12633575096591126,0.021474174609525956
dibenzylether,103-50-4,C(C1=CC=CC=C1)OCC1=CC=CC=C1,3.0,52626,-82.4668336,52.6952344,0.05755539125815394,-0.08613037074969963,-0.021370346092727917
di-n-butylether,142-96-1,C(CCC)OCCCC,3.0,25142,-163.9174255,111.0456987,-0.0479057975336211,-0.11218890589023808,-0.09833745207264835
"1,3-dichlorobenzene",541-73-1,ClC1=CC(=CC=C1)Cl,5.0,41495,225.916552,-18.79513015,-0.13449683909602292,0.06065002252517932,0.03656679574956912
"1,2-dichlorobenzene",95-50-1,ClC1=C(C=CC=C1)Cl,5.0,41548,225.0703887,-8.048188569,-0.1317567777340029,0.058957241867984726,0.0346688728876016
"1,2-dichloroethane",107-06-2,ClCCCl,6.0,40852,193.8311066,-39.3939697,-0.046189237762428316,0.06940394385370731,0.08261809268964976
"1,1-dichloroethane",75-34-3,ClC(C)Cl,6.0,11369,203.7935668,-61.21497069,-0.07591369574792146,0.07264791387471708,0.057389342399992466
"1,1-dichloroethylene",75-35-4,ClC(=C)Cl,5.0,3165,238.2516856,-21.72331203,-0.15743851776380843,0.060978482443411475,0.024625826675483454
"cis-1,2-dichloroethene",156-59-2,Cl\C=C/Cl,6.0,40504,212.7409132,-81.10682921,-0.05370729843245003,0.11521159240137072,0.05015667296777041
ch2cl2,75-09-2,ClCCl,6.0,40893,197.1926792,-99.77749721,-0.006693935911791406,0.1328598643667186,0.06346138009715338
diethylamine,109-89-7,C(C)NCC,1.0,27124,-561.5528002,135.2199332,0.21464504120164754,-0.26162243459414036,-0.16798488985639032
diethylcarbonate,105-58-8,C(C)OC(OCC)=O,3.0,28347,-32.51944013,51.19607299,0.030712010245538893,-0.061244170818314944,0.05138685310921502
diethyleneglycol,111-46-6,C(COCCO)O,8.0,51221,-240.5905532,-180.8579436,0.254671935095163,0.020800537849430676,0.03487228043598662
diethylether,60-29-7,C(C)OCC,3.0,28834,-179.9430941,102.5028605,0.044996679761595604,-0.14351806686487087,-0.06128926411355721
diisopropylether,108-20-3,C(C)(C)OC(C)C,3.0,10630,-248.6509209,115.8772922,0.030211978828566195,-0.14912521224224856,-0.0961780802357754
"1,2-dimethoxyethane",110-71-4,COCCOC,3.0,33904,-192.0353747,80.51034438,0.08470168564904278,-0.12061910288527862,0.007122565797356083
"n,n-dimethylacetamide",127-19-5,CN(C)C(C)=O,2.0,6170,-284.4951735,78.43093898,0.24665953111283886,-0.18535097544329615,0.09296984771167831
"n,n-dimethylaniline",121-69-7,CN(C)c1ccccc1,5.0,31306,185.1517259,19.58753512,-0.0845126616511905,0.023799283168888043,0.0687548879571879
"3,3-dimethyl-2-butanone",75-97-8,CC(C(C)=O)(C)C,3.0,5815,-126.0023834,75.85377212,0.08609108005829184,-0.11888480436592314,0.013946536947460857
dimethylformamide,68-12-2,CN(C=O)C,2.0,30991,-250.6998097,61.02730522,0.26435017745227385,-0.15409656321946322,0.16573524699400224
"2,4-dimethylpyridine",108-47-4,CC1=NC=CC(=C1)C,2.0,40119,-399.7844661,106.4765913,0.20016900827133363,-0.20789907967408514,-0.07428095456145348
"2,6-dimethylpyridine",108-48-5,CC1=NC(=CC=C1)C,2.0,39641,-386.288679,103.7934372,0.1790147948286091,-0.19114033262531854,-0.08068694923174148
dimethylsulfoxide,67-68-5,CS(=O)C,4.0,36413,-341.8639005,39.77432406,0.35932533448613446,-0.15596991095154036,0.28449085953244585
"2,6-dimethyl-4-heptanone",108-83-8,CC(C)CC(CC(C)C)=O,3.0,9509,-84.79576908,80.6800581,-0.0001158512712295041,-0.09796952314961672,-0.03964630799014094
"2,4-dimethyl-3-pentanone",565-80-0,CC(C)C(C(C)C)=O,3.0,9006,-88.48757942,79.67436769,0.03603688271092652,-0.11039486289871629,-0.012223116503788342
dioxane,123-91-1,O1CCOCC1,3.0,2307,-163.6102565,57.87777013,0.1545633513493866,-0.10761711535820917,0.10565783909384868
diphenylether,101-84-8,C1(=CC=CC=C1)OC1=CC=CC=C1,5.0,52725,171.062414,11.23201277,-0.08530414092305981,0.037690574970648066,0.053710506310588726
di-n-propylether,111-43-3,C(CC)OCCC,3.0,26079,-163.6513848,108.6248795,0.012174484447865513,-0.14094130769977475,-0.08888177250870395
"1,3-dimethyl-2-imidazolidinone",80-73-9,CN1C(N(CC1)C)=O,2.0,31596,-230.9495498,71.77358006,0.20168857217411992,-0.16457234225440143,0.07609354073119745
"1,3-dimethyltetrahydropyrimidin-2(1h)-one",7226-23-5,CN1C(N(CCC1)C)=O,2.0,31589,-290.5257972,89.39513589,0.1924037145053622,-0.18642913525633376,0.0280513827767304
ethanol,64-17-5,C(C)O,7.0,27202,-236.6388025,-169.9575828,0.24018823360500544,0.10260892343694954,-0.05865398905120762
ethylacetate,141-78-6,C(C)OC(C)=O,3.0,28629,-93.20737027,58.01303784,0.09757309262174044,-0.09455016688009299,0.05836521686702901
ethylbenzoate,93-89-0,C(C)OC(C1=CC=CC=C1)=O,3.0,28488,-22.14941381,45.74078029,0.0055771318741653884,-0.046509985781294026,0.01638404988235201
ethylformate,109-94-4,C(C)OC=O,3.0,28832,-54.5870906,20.9399608,0.1137871529735588,-0.03883767036722614,0.1081954522466632
ethylpropionate,105-37-3,C(C)OC(CC)=O,3.0,27922,-83.26992697,66.35263169,0.053302737962826814,-0.09250256769827526,0.021168550088880737
"1,2-diaminoethane",107-15-3,NCCN,2.0,44507,-606.1268063,71.97534178,0.4570478463522096,-0.21856045623222592,0.12224667074590677
glycol,107-21-1,OCCO,8.0,51203,-209.3864654,-217.9953939,0.3377688713822788,0.1756281031497176,0.0724006037807314
fluorobenzene,462-06-6,FC1=CC=CC=C1,5.0,43199,213.462658,0.389075912,-0.08882801774145503,0.0558058772145232,0.06115976526561093
formamide,75-12-7,C(=O)N,10.0,44367,-205.4683997,-109.2306855,0.4459453448599703,0.3431798035074136,0.2399166772099597
2-furanmethanol,98-00-0,O1C(=CC=C1)CO,8.0,51334,-151.1904416,-229.0764904,0.24001602786104573,0.21275716969578712,-0.0363775524359795
glycerol,56-81-5,OCC(O)CO,8.0,50973,-188.0989688,-238.7995428,0.3221962024885181,0.08858210561556418,0.12419889498691536
n-heptane,142-82-5,CCCCCCC,5.0,19839,274.5641445,59.43434642,-0.26726127473903255,0.03181006567379907,-0.03399192056939282
hexamethylphosphoramide,680-31-9,CN(P(=O)(N(C)C)N(C)C)C,2.0,31111,-357.8586161,114.2490464,0.2070345140926863,-0.2498814273946189,-0.07083778446448132
hexane,110-54-3,CCCCCC,5.0,19127,275.1686789,59.71419043,-0.26699322404544756,0.03196085141546002,-0.03354192249917593
1-hexanol,111-27-3,C(CCCCC)O,7.0,23808,-200.4145434,-166.6379787,0.1311087147111791,0.09100264137960445,-0.15440353625400569
iodobenzene,591-50-4,IC1=CC=CC=C1,5.0,43279,216.5079235,-3.370418136,-0.11599719233132848,0.051391600373436645,0.048621815718461664
iodoethane,75-03-6,ICC,5.0,26587,204.4206395,6.905942859,-0.1165219953373118,0.03248326782242009,0.047501473888368076
isobutanol,78-83-1,C(C(C)C)O,7.0,10237,-197.312515,-177.2949085,0.16715465816940167,0.11619782402249179,-0.12618494919568488
"2,2,4-trimethylpentane",540-84-1,CC(C)(CC(C)C)C,5.0,9557,272.1423692,57.30239883,-0.25987275530507975,0.03155744833337799,-0.028769138306705074
"1,3,5-trimethylbenzene",108-67-8,CC1=CC(=CC(=C1)C)C,5.0,37854,215.1486524,35.20024729,-0.15232457113353037,0.017705538101561887,0.022607939566968934
methanol,67-56-1,CO,8.0,32054,-242.0515482,-188.2268913,0.298958766442549,0.17665018390584655,-0.004160200433686539
methylacetate,79-20-9,COC(C)=O,3.0,33256,-86.91851998,44.9176448,0.1462810869561491,-0.08271675770526955,0.13160092484572958
methylbenzoate,93-58-3,COC(C1=CC=CC=C1)=O,3.0,33123,-16.06318223,37.26055988,0.03983108552589084,-0.04240395325507421,0.044222463945106205
2-methyl-2-butanol,75-85-4,CC(C)(CC)O,7.0,14730,-218.3154311,-129.8225303,0.14152268685829367,0.05992931590293967,-0.13034492754924945
isopentanol,123-51-3,C(CC(C)C)O,7.0,10113,-202.1746152,-168.8157964,0.1505577137418118,0.09398085935880911,-0.1386588116952467
3-methyl-2-butanone,563-80-4,CC(C(C)=O)C,3.0,5833,-131.6290921,70.71160325,0.11091696467641135,-0.11713491797917283,0.0399550482756535
methylformate,107-31-3,COC=O,4.0,33627,-49.61897969,4.213331177,0.1847070701396017,-0.018407286102118624,0.2001655785265107
4-methyl-2-pentanone,108-10-1,CC(CC(C)=O)C,3.0,5995,-132.8121599,73.2659567,0.07674145105563267,-0.1057522996348599,0.014621869288379061
2-methoxyethanol,109-86-4,COCCO,8.0,33903,-222.7297673,-134.5641037,0.2131786743856532,-0.003512600705387867,-0.0011328276685206445
n-methylacetamide,79-16-3,CNC(C)=O,4.0,31859,-282.544722,-13.73397147,0.302607018847441,0.018034960256702506,0.0542957903967054
methylformamide,123-39-7,CNC=O,4.0,31889,-239.7803147,-48.60357934,0.3597347435188873,0.02375484228727639,0.211099243711775
n-methyl-2-pyrrolidinone,872-50-4,CN1C(CCC1)=O,2.0,31569,-281.39913,80.91132056,0.242593270092182,-0.1959428060274997,0.0899605686902161
morpholine,110-91-8,N1CCOCC1,2.0,2304,-496.0666496,83.53428542,0.3099837058938417,-0.21215098143738723,0.01346280816669689
nitrobenzene,98-95-3,[N+](=O)([O-])C1=CC=CC=C1,6.0,50309,84.53706656,3.808634268,0.014744163234892952,0.02687936362392512,0.10360234586076134
nitroethane,79-24-3,[N+](=O)([O-])CC,6.0,30080,78.62956552,-18.41144703,0.14396743111633947,0.06852332798203008,0.21647766577255492
nitromethane,75-52-5,[N+](=O)([O-])C,6.0,36777,70.99959222,-57.97462767,0.24059615270788584,0.16739804254442248,0.27970550077181117
octane,111-65-9,CCCCCCCC,5.0,20423,274.0369756,59.25180503,-0.26792309392417435,0.03157486587220394,-0.035606467553607815
1-octanol,111-87-5,C(CCCCCCC)O,7.0,23241,-191.9429085,-163.175587,0.11030764767314391,0.08851217758035655,-0.16925362147483958
pentane,109-66-0,CCCCC,5.0,18068,275.7776859,59.96373376,-0.26612133099657426,0.03201598272852622,-0.03359502899840331
1-pentanol,71-41-0,C(CCCC)O,7.0,24205,-208.7999751,-162.6340297,0.1495094759059234,0.09053809938800143,-0.14168959137995782
2-pentanol,6032-29-7,CC(CCC)O,7.0,17340,-209.0448584,-144.964872,0.1504817048366539,0.06353367475669412,-0.13708912431871562
3-pentanol,584-02-1,CCC(CC)O,7.0,15982,-200.9999622,-144.7792897,0.13728663439947703,0.07830153235282915,-0.13603367411596887
2-pentanone,107-87-9,CC(CCC)=O,3.0,17199,-143.9242691,69.92181979,0.11947774606476154,-0.11363435818782021,0.042808528997068676
3-pentanone,96-22-0,CCC(CC)=O,3.0,14269,-127.2215635,71.0570689,0.10248189745049432,-0.1075627723793615,0.033546512490579036
n-pentylacetate,628-63-7,C(CCCC)OC(C)=O,3.0,24300,-85.83449351,71.23072499,0.028310581228413546,-0.09472321137234462,-0.00948910800027008
ethoxybenzene,103-73-1,C(C)OC1=CC=CC=C1,5.0,29748,70.49557172,34.96069727,-0.03738033336846066,-0.00831250557008616,0.0362221861849031
phenol,108-95-2,C1(=CC=CC=C1)O,9.0,51638,7.975914881,-445.9934079,0.3152011357126783,0.4626109985893248,-0.0711520647655626
3-picoline,108-99-6,N1=CC(=CC=C1)C,2.0,40097,-370.9691119,90.74276636,0.21969304265614098,-0.1859727344240624,-0.03228389197739704
4-methylpyridine,108-89-4,CC1=CC=NC=C1,2.0,40131,-384.1964046,93.02155555,0.2148642754707866,-0.17846438437780274,-0.018448711235372294
piperidine,110-89-4,N1CCCCC1,1.0,2252,-574.7108212,124.4943184,0.24681898686288434,-0.2795536639018587,-0.15828204604978713
propanol,71-23-8,C(CC)O,7.0,25867,-216.195204,-173.7770567,0.2022987909873887,0.09067323203100745,-0.0997871667736664
2-propanol,67-63-0,CC(C)O,7.0,10549,-229.9142447,-149.2296425,0.20022019831233603,0.07184773728693379,-0.08235787884488815
n-propylamine,107-10-8,C(CC)N,1.0,25705,-623.9960687,113.5058533,0.3259852924709174,-0.27008976077934177,-0.11369693609435977
n-propylformate,110-74-7,C(CC)OC=O,3.0,26044,-52.16782477,28.64295667,0.07961154089315574,-0.049995396899791836,0.06244945034236435
propylenecarbonate,108-32-7,CC1COC(=O)O1,4.0,13946,-45.6958224,-2.725897142,0.2009346752695309,0.003308254560406469,0.26827604065856575
propionitrile,107-12-0,C(CC)#N,4.0,14180,-78.69157387,14.51833884,0.20307710064015452,-0.03861181691085582,0.23441851929601365
pyridine,110-86-1,N1=CC=CC=C1,2.0,53002,-361.4089879,75.31218957,0.22871633640844646,-0.15065926671075586,0.003128796896823694
pyrrolidine,123-75-1,N1CCCC1,1.0,2251,-603.4742397,124.3492797,0.28019715044730525,-0.2670950577961845,-0.12586408348255662
chinoline,91-22-5,N1=CC=CC2=CC=CC=C12,2.0,52983,-316.1023785,71.93568398,0.18094081682891816,-0.13248507094223874,-0.032376547698538184
styrene,100-42-5,C=CC1=CC=CC=C1,5.0,5558,208.6253283,10.04743327,-0.08087510221603973,0.04510569228777251,0.0718289044822378
"tetrahydrothiophene-1,1-dioxide",126-33-0,S1(CCCC1)(=O)=O,4.0,49564,-75.14409495,0.807331598,0.21252693405522236,-0.054093114169343204,0.30752171562447245
tert-butanol,75-65-0,C(C)(C)(C)O,7.0,8095,-232.6446838,-131.4703524,0.17588263871817564,0.05663133741125657,-0.1111737821455625
methyl-t-butylether,1634-04-4,COC(C)(C)C,3.0,33221,-231.6913071,108.2814943,0.03698043401185702,-0.14224992971352354,-0.07283569031973557
"2,5,8,11,14-pentaoxapentadecane",143-24-8,COCCOCCOCCOCCOC,3.0,33946,-321.6601206,91.7164862,0.029720593830612006,-0.09303257657113276,-0.016601762072390183
"1,1,2,2-tetrachloroethane",79-34-5,ClC(C(Cl)Cl)Cl,6.0,40604,199.9448327,-163.731242,-0.014692748744335866,0.17950746467366493,0.03544440182810174
"2,2'-oxybis(2,1-ethanediyloxy)bisethanol",112-60-7,O(CCOCCO)CCOCCO,7.0,51226,-276.7071479,34.2477229,0.1728854615816829,-0.13326764552305057,0.062356937714306615
thf,109-99-9,C1CCOC1,2.0,2253,-247.8768388,99.81965344,0.0901101456842863,-0.149775748029986,-0.018312780954226178
tetramethylurea,632-22-4,CN(C(N(C)C)=O)C,2.0,30898,-303.9205935,97.44481948,0.18696488795500416,-0.19603234377254664,0.007803043714887917
toluene,108-88-3,CC1=CC=CC=C1,5.0,39902,209.9274656,23.26032819,-0.11201902716510512,0.029079144045104872,0.04944770757248864
"1,1,1-trichloroethane",71-55-6,ClC(C)(Cl)Cl,5.0,11302,234.3479146,2.304305102,-0.16105446156316744,0.04767065697727431,0.023754093519213607
trichloroethene,79-01-6,ClC=C(Cl)Cl,5.0,40718,232.2627239,-82.91073428,-0.11712972787099343,0.13002184804991224,-0.0005217357072362002
triethylamine,121-44-8,C(C)N(CC)CC,1.0,26732,-774.2987734,202.8809067,0.075790841833001,-0.21955710126345215,-0.179107770289101
triethyleneglycol,112-27-6,C(COCCOCCO)O,2.0,51224,-236.2915904,-99.44363477,0.18039109873717907,-0.14833779653810633,0.06127343549928464
trifluoroaceticacid,76-05-1,FC(C(=O)O)(F)F,9.0,46413,60.14595224,-666.7340692,0.4825428801228677,0.7505575750835334,-0.09500615646822905
"2,2,2-trifluoroethanol",75-89-8,FC(CO)(F)F,9.0,50937,-38.01485736,-396.6586464,0.27282199348882497,0.37485151609516304,-0.07635969119997116
"1,3-propanediol",504-63-2,C(CCO)O,8.0,51163,-239.3214683,-192.9609235,0.286969165709228,0.07406152864558602,0.0021916235960960546
"2,4,6-collidine",108-75-8,N1=C(C=C(C=C1C)C)C,2.0,37882,-403.5625277,115.5080917,0.1899762408590281,-0.22846694371417647,-0.1122215372657998
"1,3-dimethylbenzene",108-38-3,CC1=CC(=CC=C1)C,5.0,39613,212.7429699,29.9863222,-0.13466318063633972,0.02205864519255098,0.03383237741431042
"1,2-dimethylbenzene",95-47-6,CC1=C(C=CC=C1)C,5.0,39924,210.5536597,27.89890208,-0.12400584556161497,0.02398833570568953,0.04229506514850341
"1,4-dimethylbenzene",106-42-3,CC1=CC=C(C=C1)C,5.0,38709,213.0927605,29.78973531,-0.1344016723204,0.022484245916294752,0.035544738132137335
h2o,7732-18-5,O,10.0,45385,-215.09302,-297.3823951,0.5439818749156295,0.6418819060782782,0.2131144738310987
propyleneglycol,57-55-6,C(C(C)O)O,8.0,11781,-206.9980812,-205.4341862,0.28137817475866456,0.11430776420755505,0.018397935724122294
"1,4-butadiol",110-63-4,OCCCCO,,51142,-276.3391577,-173.0152674,0.2477201261001685,0.06210610521901811,-0.06793333719731448
2-ethoxy-2-methyl-propane,637-92-3,C(C)OC(C)(C)C,,28608,-223.9259035,112.5081188,0.016088114210499403,-0.14348160567473123,-0.0986468978760103
co2,124-38-9,O=C=O,,48815,200.1441861,8.107701107,-0.038429474800368596,0.06410959528434118,0.08593003053772015
1-methyl-4-isopropylbenzene,99-87-6,CC1=CC=C(C=C1)C(C)C,5.0,38552,220.3209109,34.63129503,-0.15750909320612957,0.021824167820686333,0.019628896055383538
diethoxymethane,462-95-3,C(C)OCOCC,,29053,-140.8332646,83.91188045,0.019519013240835104,-0.09436204314470997,-0.016892443330852054
"2,2-dimethyl-4-hydroxymethyl-1,3-dioxolane",100-79-8,CC1(OCC(O1)CO)C,7.0,12706,-170.7780774,-163.5775711,0.1737865592570352,-0.017325012540270617,0.010101705571428036
dimethylisosorbide,5306-85-4,COC1COC2C(COC12)OC,3.0,33602,-156.6974098,56.94072637,0.09692442826369191,-0.08981254795888934,0.05624421289292882
2-hydroxypropanoicacidethylester,97-64-3,CCOC(=O)C(C)O,7.0,27603,-174.2907762,-97.85959496,0.141089882476037,-0.024772136078403537,0.001497114105756968
ethyllaurate,106-33-2,C(C)OC(CCCCCCCCCCC)=O,3.0,21607,-51.25808842,81.12887385,-0.08552792405413392,-0.06907420461861945,-0.06715300772955021
"4-hydroxymethyl-1,3-dioxolan",5464-28-8,OCC1OCOC1,8.0,51034,-164.0398066,-184.9118177,0.2552261438337933,0.041822765889939766,0.09384173541663379
lacticacid,50-21-5,C(C(O)C)(=O)O,,11641,-119.6290244,-369.6836938,0.3374442823969762,0.3812121145280565,-0.08236566675671002
dipentene,138-86-3,CC(=C)C1CCC(=CC1)C,5.0,2709,215.9654036,45.66008102,-0.18279510358892473,0.014589993768974702,-0.0004385742883869077
2-methyltetrahydrofuran,96-47-9,CC1OCCC1,3.0,36650,-233.6912063,104.7006006,0.07430655077662962,-0.16133099090733885,-0.06015730433911434
2-octanol,123-96-6,CC(CCCCCC)O,,20087,-196.1016373,-143.9133671,0.10684222006777053,0.050969320355024356,-0.158042048193722
tetrahydrofurfurylalcohol,97-99-4,C(C1CCCO1)O,7.0,51283,-230.0693932,-113.8382824,0.19302425593494674,-0.029159149863282878,-0.025896891884283603
glycerol-triacetate,102-76-1,C(C)(=O)OCC(OC(C)=O)COC(C)=O,3.0,6893,-59.06209985,25.69030566,0.09872031747218207,-0.0586233863395248,0.092435623730225
dihydro-5-methyl-2(3h)-furanone,108-29-2,CC1CCC(O1)=O,4.0,36641,-108.601964,37.04045641,0.18770834421366145,-0.08505935270499897,0.19402153994587468
methyl-tert-amylether,994-05-8,COC(C)(C)CC,,14731,-207.2119676,108.7528324,0.012069322195186333,-0.1362023583934915,-0.08400072028896782
benzoicacidphenylmethylester,120-51-4,O=C(OCc1ccccc1)c2ccccc2,3.0,47628,19.02389084,31.14160609,-0.013853703122841093,-0.01275255875549804,0.030505197136325754
cyclopentyl-methyl-ether,5614-37-9,C1(CCCC1)OC,3.0,33553,-174.8040313,101.4623972,-0.0016692845495420569,-0.12531753557259068,-0.0778805981623107
dimethyl_adipate,627-93-0,COC(=O)CCCCC(=O)OC,3.0,32674,-66.70606324,45.55405859,0.09124599958347751,-0.0869752599701189,0.04685180978855041
pentanedioicaciddimethylester,1119-40-0,COC(=O)CCCC(=O)OC,3.0,32656,-58.60196123,39.47411453,0.10107944315196404,-0.06501628142628321,0.0917000297476779
dimethylsuccinate,106-65-0,COC(CCC(=O)OC)=O,3.0,32617,-39.55015559,30.02986621,0.12831554157269753,-0.04634549323838886,0.14134312755035142
diethyleneglycolmonobutylether,112-34-5,CCCCOCCOCCO,,25178,-231.9346276,-58.94765027,0.10558372997104017,-0.15987169861606154,-0.04139140534593523
dimethylcarbonate,616-38-6,COC(OC)=O,,32931,-30.83930453,28.88018364,0.12520098116574915,-0.04144093466998343,0.15927207372773702
"n,n-dimethyldecanamid",14433-76-2,CCCCCCCCCC(=O)N(C)C,3.0,21164,-241.1290668,101.3547073,0.08766337813759258,-0.16983637232444052,-0.0773304380397536
"n,n-dimethyloctanamide",1118-92-9,CCCCCCCC(=O)N(C)C,2.0,20453,-247.3793774,98.68682456,0.1094374703645171,-0.17342000040482924,-0.060910131506364096
dioxolane,646-06-0,O1COCC1,3.0,2313,-104.4854689,39.18918258,0.1543899653921661,-0.07426358043518681,0.14787773719291716
"1,2-ethanedioldiacetate",111-55-7,CC(=O)OCCOC(C)=O,,7006,-69.64924027,29.50150354,0.12150211471833432,-0.05529867612447085,0.1074114197514552
hexamethyldisiloxane,107-46-0,C[Si](O[Si](C)(C)C)(C)C,,37001,-18.60100924,86.30818042,-0.15534114736780408,-0.021535659407013227,-0.043468610398121645
aceticacid-2-methylpropylester,110-19-0,CC(COC(C)=O)C,3.0,6870,-82.75062954,68.63257402,0.04388661920742792,-0.09251959681164099,0.009807583158657552
methyl-5-(dimethylamino)-2-methyl-5-oxopentanoate,1174627-68-9,COC(C(CCC(=O)N(C)C)C)=O,2.0,32279,-220.1879444,70.35788392,0.14537282631732612,-0.14601610282880884,0.009972460978722609
"1,1,1,3,3-pentafluorobutane",406-58-6,FC(CC(C)(F)F)(F)F,,11437,205.0163785,-66.50039884,-0.06288617155772165,0.07701457159871217,0.06743841709870821
PDMS,63148-62-9,C[Si](C)(C)O[Si](C)(C)O[Si](C)(C)C,,37011,-470.2052058,156.579469,-0.16506231836058946,-0.003012276756405248,-0.03175769376868512
1-nonene,124-11-8,C=CCCCCCCC,,4454,232.9185076,52.25232647,-0.22172130589348021,0.021887624192975564,-0.02104449791784029
2-ethyl-1-hexanol,104-76-7,C(C)C(CO)CCCC,,25515,-170.8792502,-181.5691618,0.109670114995382,0.08970259234619685,-0.16016813841428607
2-nitropropane,79-46-9,[N+](=O)([O-])C(C)C,,10793,93.25663796,18.80340882,0.05023547045607801,0.0020255921569812003,0.14666315138350197
4-oh-4-me-2-pentanone,123-42-2,CC(=O)CC(C)(C)O,,5991,-258.8350892,-36.98698751,0.18107472068011915,-0.1374361035360506,0.03987983442271113
isophorone,78-59-1,O=C1C=C(CC(C)(C)C1)C,,13100,-206.1079134,81.49675049,0.13134540249933727,-0.15302047141812436,0.00801347813839828
methyloleate,112-62-9,COC(CCCCCCC\C=C/CCCCCCCC)=O,3.0,20767,-25.53025955,74.4147157,-0.06054737294065175,-0.07326010934312954,-0.05160658523928684
dimethoxymethane,109-87-5,COCOC,,33984,-138.7097245,67.97629565,0.0859137754462591,-0.09559152513060847,0.04763318162228474
tetrachloroethene,127-18-4,ClC(=C(Cl)Cl)Cl,5.0,40580,259.2541561,39.62180901,-0.2426897351191698,0.03628659944475053,-0.021564399977058165
beta-pinene,127-91-3,C12C(CCC(C1(C)C)C2)=C,5.0,3386,211.9132451,54.09633505,-0.2075299419428675,0.01868471778118873,-0.013394990504130249
gamma-butyrolactone,96-48-0,C1(CCCO1)=O,,48304,-99.10702558,22.89663243,0.23404693306050464,-0.0684670089772197,0.27921611128436064
"((1,1-dimethylethoxy)methyl)oxirane",7665-72-7,CC(C)(OCC1OC1)C,,8156,-149.4183814,70.68264102,0.06196691248408675,-0.10963601353707378,-0.025043844158247903
"(1,1-dimethylethyl)benzene",98-06-6,CC(C)(C)C1=CC=CC=C1,,8336,218.9914385,30.91273453,-0.1461933505213622,0.025684937124944848,0.026122869905363458
(1-methylethyl)-cyclopentane,3875-51-2,CC(C)C1CCCC1,,9440,272.920227,58.61965609,-0.2694710553070961,0.03163669212620282,-0.036169297199997355
(2-propenyloxy)methyl-oxirane,106-92-3,C(C=C)OCC1OC1,,4816,-90.4858047,47.28189449,0.07509939147668565,-0.07398826492545041,0.03786939873938961
(2-methyl-1-propenyl)benzene,786-49-0,CC(=CC1=CC=CC=C1)C,,8947,214.3041968,25.10108204,-0.13488828305883843,0.028058714244684306,0.03566429374830232
(3-chloropropyl)trimethoxy-silane,2530-87-2,ClCCC[Si](OC)(OC)OC,,34296,-65.84986703,53.93323028,-0.043370524685065207,-0.04686038649821501,-0.007451974867359821
(3-chloropropyl)dimethylchlorosilane,10605-40-0,ClCCC[Si](Cl)(C)C,,37090,202.8852036,15.92355233,-0.13593470132434962,0.032185944338059116,0.033740728041234735
(chloromethyl)-oxirane,106-89-8,ClCC1OC1,,40766,-8.712061678,0.64940674,0.09073106986367226,0.011113756827234094,0.11483225741483853
(c-chloroethoxy)ethene,110-75-8,ClCCOC=C,,5230,110.0678103,-7.327300721,-0.029360184812718983,0.02644483947050852,0.06960162469794036
(chloromethyl)-benzene,100-44-7,ClCC1=CC=CC=C1,,40932,194.6380174,-7.571652266,-0.04819040221183317,0.0588554535973647,0.086957058100688
(dichloromethyl)-benzene,98-87-3,ClC(Cl)C1=CC=CC=C1,,40623,202.1336165,-68.82381806,-0.053385735200866695,0.10416764705029312,0.050244697440155535
(chloromethyl)cyclopropane,5911-08-0,ClCC1CC1,,40762,195.9414822,10.63070534,-0.08123509146571742,0.03921516548589171,0.06610873154268279
(dichloromethyl)dimethylchlorosilane,18171-59-0,ClC(Cl)[Si](Cl)(C)C,,37078,209.7367312,-61.12485735,-0.11199021090142255,0.0815613574904827,0.025394938668424037
(e)-(1-methyl-1-propenyl)benzene,768-00-3,C/C(=C\C)/C1=CC=CC=C1,,1245,214.5861716,23.72989591,-0.1313915786669165,0.029560828764394424,0.0386288030344063
(e)-1-propenylbenzene,637-50-3,C(=C\C)/C1=CC=CC=C1,,1661,209.9063202,17.42185529,-0.10455258213178006,0.0352874090831407,0.05697817882154169
"(e)-1,3-hexadiene",20237-34-7,C=C\C=C\CC,,3302,220.5224999,35.21402416,-0.14778801741041395,0.023008785919729415,0.025523907234429204
(e)-2-decene,20063-97-2,C\C=C\CCCCCCC,,1552,239.3176173,54.63651077,-0.2347467447245003,0.02390961031669495,-0.02611809123583596
(e)-2-butenenitrile,627-26-9,C(\C=C\C)#N,,1296,-66.4666046,11.43104103,0.15056440827174375,-0.02641794380966881,0.17111172336432634
(e)-2-heptenoic-acid,18999-28-5,C(\C=C\CCCC)(=O)O,,17786,-86.33295066,-341.637812,0.20852306839298526,0.2929802198452251,-0.14718156316491182
(e)-3-methyl-2-pentene,616-12-6,C\C(=C/C)\CC,,1224,217.5305096,53.21878118,-0.20520099653082532,0.018964048510882216,-0.011604780647427232
(e)-4-octene,14850-23-8,CCC\C=C\CCC,,16198,238.0961332,54.75090759,-0.22989769213853584,0.021717911270953502,-0.022686292097823624
(e)-5-undecene,764-97-6,CCCC\C=C\CCCCC,,17806,246.2403424,55.3215761,-0.2411913190349754,0.02375473300848712,-0.02841357038764183
"(e,z)-2,4-hexadiene",5194-50-3,C\C=C\C=C/C,,1710,213.39297,36.47151693,-0.14130878928604917,0.019514296041102813,0.03101621950234124
(trichloromethyl)-benzene,98-07-7,ClC(Cl)(Cl)C1=CC=CC=C1,,40564,228.6595964,5.936510575,-0.15747583948504562,0.04914442093854619,0.02236964568003605
(methylthio)-ethane,624-89-5,CSCC,,29875,36.19126175,51.49144545,-0.03898396145784935,-0.03085434338562831,0.037791760600972404
"(z)-1,2-dimethylcyclopentane",1192-18-3,C[C@H]1CCC[C@H]1C,,13797,272.71789,58.63494351,-0.2662407181057423,0.031868346004246005,-0.03421710134186099
"(z)-1,3-dimethylcyclopentane",2532-58-3,C[C@@H]1CC[C@H](C)C1,,13662,272.9807081,58.70577877,-0.26779584244051796,0.03176411590742638,-0.0362808651615724
(z)-2-butenedioicaciddibutylester,105-76-0,CCCCOC(=O)\C=C/C(=O)OCCCC,,24829,-22.37840488,26.27728556,-0.025616525928668837,-0.06005617813176712,0.002253001220249184
(z)-2-hexene,7688-21-3,C\C=C/CCC,,1726,210.3066126,54.07198923,-0.20967130174848828,0.01946084059608169,-0.015246536626432595
(z)-2-methyl-2-pentenal,623-36-9,C/C(/C=O)=C/CC,,12075,-127.9054046,69.02449137,0.08689498364978325,-0.10082422132896122,0.03209956737373362
(z)-2-octene,7642-04-08 00:00:00,C\C=C/CCCCC,,1729,219.5634868,55.27448204,-0.21907875496166823,0.018628634769152334,-0.022572550503508582
"(z,z)-9,12-octadecadienoicacid",60-33-3,C(CCCCCCC\C=C/C\C=C/CCCCC)(=O)O,,18943,-39.14374193,-349.7370192,-0.07107690719573594,-0.08119282375778855,-0.07658480323760314
"(z)-4,4-dimethyl-2-pentene",762-63-0,CC(\C=C/C)(C)C,,1687,240.5003972,51.89200602,-0.19987514778555276,0.015635343100763838,-0.012055252186899285
(z)-5-undecene,764-96-5,CCCC\C=C/CCCCC,,17853,225.1953627,57.28588699,-0.2363879422394226,0.02109386145198889,-0.02849689388486789
"1,1'-bicyclohexyl-2-one",90-42-6,C1(C(CCCC1)=O)C1CCCCC1,,48210,-114.9817933,86.83358843,0.01901085984726967,-0.123273288394611,-0.05545448432074844
"1,1'-methylenebis(oxy)bisbutane",2568-90-3,C(OCCCC)OCCCC,,25206,-109.2331103,91.28206936,-0.03070763522708094,-0.09713793804090916,-0.06261814771736729
"1,1'-methylenebis(oxy)bispropane",505-84-0,C(OCCC)OCCC,,26116,-124.3063881,89.73332248,-0.012802030292012056,-0.09257436643258057,-0.041344208849947654
"1,1'-oxybis-octane",629-82-3,O(CCCCCCCC)CCCCCCCC,,23315,-136.5441931,110.9514466,-0.07551322825088322,-0.10521665976570405,-0.10918019459671832
"1,1'-thiobis2-methylpropane",592-65-4,CC(C)CSCC(C)C,,10365,91.52982613,61.1477212,-0.13376856021902728,-0.0183376665953173,-0.017512783541708925
"1,1'-thiobispropane",111-47-7,S(CCC)CCC,,26304,59.11048173,61.68997042,-0.09026229775889934,-0.03599928895021044,-0.00765712065523731
"1,1,1,2-tetrachloroethane",630-20-6,ClC(CCl)(Cl)Cl,,40734,215.4660581,-87.43677725,-0.0943950172924346,0.09841671265210712,0.03424106833727865
"1,1,1-trichloro-2,2,3,3,3-pentafluoropropane",4259-43-2,ClC(C(C(F)(F)F)(F)F)(Cl)Cl,,41987,269.9601329,43.2962679,-0.23137966442440283,0.07176607256481647,-0.04391477183359498
"1,1,1-trifluoro-2-propanol",374-01-6,FC(C(C)O)(F)F,,11675,-52.4191781,-359.0063353,0.22143580442101113,0.31067718645840364,-0.08607150840851635
"1,1,2,2-tetrabromoethane",79-27-6,BrC(C(Br)Br)Br,,23,196.9739346,-152.3413738,-0.0307883716161674,0.15520065257985524,0.03380939161320111
"1,1,2,2-tetrachloro-1-fluoroethane",354-14-3,ClC(C(Cl)Cl)(F)Cl,,41770,215.6878181,-171.5954594,-0.0183393656999433,0.24049083305800006,-0.01091584886178632
"1,1,2,3,4,4-hexachloro-1,3-butadiene",87-68-3,ClC(=C(C(=C(Cl)Cl)Cl)Cl)Cl,,40573,254.9514756,37.34109106,-0.24585310892765475,0.036171918742363446,-0.022900893845603804
"1,1,2,2-tetrafluoro-1-(trifluoromethoxy)ethane",2356-61-8,FC(C(F)F)(OC(F)(F)F)F,,42468,228.2738183,-174.1504548,0.004882605006046346,0.25717553501106377,0.005669937509061754
"1,1,2-trichloroethane",79-00-5,ClC(CCl)Cl,,40752,197.700294,-106.4005721,-0.02825043385070706,0.12326835310161914,0.055309677962024746
"1,1,2-trimethylcyclohexane",7094-26-0,CC1(C(CCCC1)C)C,,13812,271.335911,56.696002,-0.2643123725372644,0.03178180899394547,-0.03187686456823146
"1,1,2-trimethylcyclopentane",4259-00-1,CC1(C(CCC1)C)C,,13794,271.3464911,57.54301006,-0.263490140326219,0.03154427539703303,-0.03198496463399107
"1,1,3,3-tetramethyl-1,3-diphenyldisiloxane",56-33-7,C[Si](O[Si](C1=CC=CC=C1)(C)C)(C1=CC=CC=C1)C,,37125,11.31623236,54.66129052,-0.03202419738197759,-0.07349147751588354,-0.05696678873177123
"1,1,3,3-tetramethylcyclopentane",50876-33-0,CC1(CC(CC1)(C)C)C,,12550,271.087273,56.42122291,-0.26134743823951484,0.03185719830177309,-0.029311250695741416
"1,1-dibromoethane",557-91-5,BrC(C)Br,,7458,204.8416953,-60.24041915,-0.08443235673855701,0.06796229843059695,0.056021087346243253
"1,1,3-trimethylcyclopentane",4516-69-2,CC1(CC(CC1)C)C,,13646,272.4018826,58.03956373,-0.266769665133497,0.0316511610334844,-0.03449526307086699
"1,1,3-trimethylcyclohexane",3073-66-3,CC1(CC(CCC1)C)C,,13758,270.7109412,56.63039272,-0.2638306679428281,0.031482051327039955,-0.032636620453922335
"1,1-diethoxyethane",105-57-7,C(C)OC(C)OCC,,28653,-162.9248704,92.17907558,0.023025001170098956,-0.11769089657437348,-0.041911404983967324
"1,1-dichlorocyclohexane",2108-92-1,ClC1(CCCCC1)Cl,,40637,221.4804567,29.1632741,-0.17268843207622608,0.02750435407290581,0.012468445308000899
"1,1-dimethoxy-2-methyl-propane",41632-89-7,COC(C(C)C)OC,,33408,-146.0374804,87.42389231,0.002324382308761736,-0.1039039876427897,-0.045817615030647865
"1,1-dimethylcyclohexane",590-66-9,CC1(CCCCC1)C,,12575,271.5308667,57.02054169,-0.26408911030213095,0.03167468609184824,-0.03234714312846499
"1,1-dimethylcyclopentane",1638-26-2,CC1(CCCC1)C,,12568,271.0059777,57.53860707,-0.26598882166199983,0.03162144706203424,-0.034540023351941125
"1,1-diphenylethane",612-00-0,C1(=CC=CC=C1)C(C)C1=CC=CC=C1,,11936,204.7418276,16.76925494,-0.11008066511566644,0.031001907255645517,0.05146204453026269
"1,2,3,4,5,5-hexachloro-1,3-cyclopentadiene",77-47-4,ClC1=C(C(=C(C1(Cl)Cl)Cl)Cl)Cl,,40643,249.1716214,33.56059767,-0.2353230816217081,0.036608899913636285,-0.019974003345366198
"1,2,2-trichloropentafluoropropane",1599-41-3,ClC(C(C(F)(F)F)(Cl)Cl)(F)F,,41950,269.6507481,43.1937031,-0.2505176836303921,0.0430480556398586,-0.028712481770154546
"1,2,3,4-tetrafluorobenzene",551-62-2,FC1=C(C(=C(C=C1)F)F)F,,43149,226.7334529,-37.33818731,-0.13369487580002812,0.06559640669125176,0.03101004378971482
"1,2,3,4-tetrahydro-2-methylnaphthalene",3877-19-8,CC1CC2=CC=CC=C2CC1,,13903,215.9710353,35.58920715,-0.1593697773304881,0.018467965592831568,0.01590054981293329
"1,2,3,4-tetrahydro-5-methylnaphthalene",2809-64-5,CC1=C2CCCCC2=CC=C1,,39819,213.0892124,37.1092181,-0.1574375671121503,0.015526391750132007,0.016952457951968935
"1,2,3,4-tetrahydro-6-methylnaphthalene",1680-51-9,CC=1C=C2CCCCC2=CC1,,39324,216.3819954,38.58250871,-0.16627720674292387,0.015051243885339766,0.010807652839319126
"1,2,3,5-tetramethylbenzene",527-53-7,CC1=C(C(=CC(=C1)C)C)C,,37684,214.3415855,37.56109355,-0.15541691052604525,0.01608535207134772,0.022338750868249237
"1,2,3,4-tetramethylbenzene",488-23-3,CC1=C(C(=C(C=C1)C)C)C,,38638,212.2959578,36.62267958,-0.14943436535897472,0.015526312348341124,0.024406947609995275
"1,2,3,5-tetrafluorobenzene",2367-82-0,FC1=C(C(=CC(=C1)F)F)F,,43085,222.5554035,-65.42526693,-0.10530439533628311,0.09435013330857842,0.029134436230892194
"1,2,3,5-tetraethylbenzene",38842-05-6,C(C)C1=C(C(=CC(=C1)CC)CC)CC,,30311,224.5242873,46.06466259,-0.19316629038614577,0.015849470578531786,-0.002197791966482368
"1,2,3-trichloropropane",96-18-4,ClCC(CCl)Cl,,40749,195.1292828,-62.92877768,-0.046402332509535994,0.0774977037275534,0.07404776195837914
"1,2,3-trichloro-1,1,2,3,3-pentafluoropropane",76-17-5,ClC(C(C(F)(F)Cl)(F)Cl)(F)F,,41869,271.2552998,45.61030935,-0.255170211755566,0.03982739082939608,-0.028503197992662134
"1,2,3-trimethylbenzene",526-73-8,CC1=C(C(=CC=C1)C)C,,39618,210.60581,32.56623635,-0.13737413308961,0.019143937440029908,0.030412415225684886
"1,2,3-trimethylcyclohexane,(1a,2b,3a)",1678-81-5,CC1CCCC(C)C1C,,13768,272.6413024,57.78047266,-0.2676779510953227,0.03183928930855645,-0.03418876944674085
"1,2,4-benzenetricarboxylicacidtrimethylester",2459-10-01 00:00:00,COC(=O)c1ccc(C(=O)OC)c(c1)C(=O)OC,,33022,-6.477859832,21.62955659,0.06936670046108147,-0.038535013817885516,0.09332829135819436
"1,2,4-trimethylbenzene",95-63-6,CC1=C(C=C(C=C1)C)C,,38637,213.4492565,33.58339348,-0.1425646552058311,0.019598962770268676,0.029769384521661314
"1,2,4-trifluorobenzene",367-23-7,FC1=C(C=C(C=C1)F)F,,43148,216.7584573,-48.47394136,-0.09155339066646644,0.0825142294359244,0.04581567921346551
"1,2-butanediol",584-03-2,C(C(CC)O)O,,16014,-197.6750106,-201.025466,0.2420135603354509,0.09749781763914851,-0.025547461611032076
"1,2-cycloheptanedione",3008-39-7,C1(C(CCCCC1)=O)=O,,48224,-52.27156417,32.68251979,0.12647818747093623,-0.05129060513416601,0.17479721269372633
"1,2-dibromopropane",78-75-1,BrCC(C)Br,,36609,205.2444482,-24.13086935,-0.09546369164897119,0.04901270712672494,0.058503931028333754
"1,2-dibutoxyethane",112-48-1,C(CCC)OCCOCCCC,,25176,-296.6093991,119.533513,-0.015400292435983363,-0.11882200853017509,-0.07781139212783875
"1,2-dichloro-1-fluoroethane",430-57-9,ClC(CCl)F,,41809,193.5797012,-100.8225704,-0.01915650138159963,0.11229573927747462,0.068780932589364
"1,2-dichloro-2-fluoropropane",420-97-3,ClCC(C)(F)Cl,,11389,203.3776308,-47.74178409,-0.06650524858214825,0.07371831618211627,0.06329623418039088
"1,2-diethylbenzene",135-01-3,C(C)C1=C(C=CC=C1)CC,,30671,216.6437187,35.01749079,-0.15498213455080287,0.020688378931091222,0.02115779708473588
"1,2-dichloropropane",78-87-5,ClCC(C)Cl,,36616,199.6208135,-19.83491423,-0.09101037819728516,0.05062823541835958,0.06009421634160661
"1,2-dichloro-3,3,4,4,5,5-hexafluorocyclopentene",706-79-6,ClC1=C(C(C(C1(F)F)(F)F)(F)F)Cl,,42612,258.8072042,30.97966967,-0.212706124542667,0.04639871455636354,-0.00723415339630427
"1,2-diisopropylbenzene",577-55-9,C(C)(C)C1=C(C=CC=C1)C(C)C,,10940,222.0492447,38.11317628,-0.16807887355791987,0.020518999199265964,0.013733615105514943
"1,2-dimethylhydrazine",540-73-8,CNNC,,31959,-483.7653307,65.20196305,0.30628296256671983,-0.1946665478040623,-0.01408561317653064
"1,2-dimethyl-cyclopentene",765-47-9,CC1=C(CCC1)C,,13020,234.3569613,53.14715267,-0.22393269389772655,0.024179434199378163,-0.017952837745717095
"1,2-dimethylcyclohexene",1674-10-8,CC1=C(CCCC1)C,,13021,236.2995745,53.56476198,-0.2276325235537772,0.02248433023542901,-0.021612191370942287
"1,2-dimethylnaphthalene",573-98-8,CC1=C(C=CC2=CC=CC=C12)C,,39504,212.241027,19.23123041,-0.11857683589917807,0.03321377298722969,0.04864852586968194
"1,2-epoxy-3-ethoxypropane",4016-11-09 00:00:00,C(C)OCC1CO1,,28926,-118.9033907,58.43182295,0.09587067700184788,-0.09186747546068233,0.044168726792356325
"1,2-ethanedithiol",540-63-6,C(CS)S,,51824,97.48888313,-40.44180265,0.04693224853651828,0.06366369922862994,0.12867469498710057
"1,2-propanediamine",78-90-0,C(C(C)N)N,,36618,-606.1138205,88.93622089,0.37256992384874105,-0.24769707940710195,-0.03075685130397838
"1,2-propyleneglycoldiacetate",623-84-7,CC(COC(C)=O)OC(C)=O,,6875,-72.1848852,41.14612954,0.09031852747292896,-0.07090030562537836,0.07517635674373754
"1,3,5,7-cyclooctatetraene",629-20-9,C1=CC=CC=CC=C1,,1880,154.239412,22.00639329,-0.07377632478535134,0.027407891126605667,0.06409583436916519
"1,3,5-cyclooctatriene",1871-52-9,C1=CC=CC=CCC1,,1882,200.3957358,29.88837959,-0.12143306095878895,0.01655219567868029,0.035596225940395104
"1,3,5-trifluorobenzene",372-38-3,FC1=CC(=CC(=C1)F)F,,43093,218.9315243,-55.78199167,-0.09645257156712701,0.09049713890831222,0.0377720107816702
"1,3,5-triisopropylbenzene",717-74-8,C(C)(C)C1=CC(=CC(=C1)C(C)C)C(C)C,,10817,232.5710469,43.91048391,-0.19347528786733423,0.021301756246326665,-0.001836153432116919
"1,3,5-triethylbenzene",102-25-0,C(C)C1=CC(=CC(=C1)CC)CC,,30323,223.5041026,43.14382371,-0.18682245105587608,0.017354856061879143,-0.0003379498260426614
"1,3,5-trimethyladamantane",707-35-7,CC12CC3(CC(CC(C1)C3)(C2)C)C,,12887,269.1148283,56.51757255,-0.26372174156722206,0.030547132590500882,-0.033596516278992294
"1,3-butanediol",107-88-0,C(CC(C)O)O,,11753,-252.7526829,-173.7113458,0.25208140932359935,0.03753039164857111,-0.031110622259006158
"1,3-bis(1-methylethyl)-benzene",99-62-7,CC(C)C1=CC(=CC=C1)C(C)C,,10918,224.7969215,38.16919317,-0.17136369264489884,0.022522998133709088,0.01014793088904662
"1,3-cyclohexadiene",592-57-4,C1=CC=CCC1,,1900,206.746388,34.1085113,-0.13947795434159574,0.019117589593100608,0.02742686389061973
"1,3-cycloheptadiene",4054-38-0,C1=CC=CCCC1,,1907,206.1391404,38.41005666,-0.1490561418199145,0.014649619555618337,0.021660083867723876
"1,3-cyclohexanedimethanamine",2579-20-6,C1(CC(CCC1)CN)CN,,44409,-586.8528388,104.4025628,0.3341441074606,-0.27916558761694465,-0.10380033313429386
"1,3-dibromopropane",109-64-8,BrCCCBr,,111,197.3660186,-15.31699294,-0.06964733688828108,0.04938834298896589,0.07510085044840051
"1,3-dibromobenzene",108-36-1,BrC1=CC(=CC=C1)Br,,263,223.7851155,-21.99975652,-0.13626957630359865,0.057656161124128184,0.03678586326388602
"1,3-dichloro-2-butene",926-57-8,ClCC=C(C)Cl,,1092,198.7370466,-24.52190443,-0.09967158097442039,0.047815864330387835,0.05628775691930195
"1,3-dichloro-2-propanol",96-23-1,ClCC(CCl)O,,50683,-75.28512942,-262.2257268,0.175916439305031,0.14596768253141698,-0.012285480751662432
"1,3-dichloro-trans-2-butene",10075-38-4,C\C(Cl)=C\CCl,,1092,202.5220617,-4.901112649,-0.09967158097442039,0.047815864330387835,0.05628775691930195
"1,3-dichloropropane",142-28-9,ClCCCCl,,40842,196.2189131,-7.316047628,-0.05950941433126451,0.051273292979191205,0.08278941389465068
"1,3-diethylbenzene",141-93-5,C(C)C1=CC(=CC=C1)CC,,30605,219.1971908,36.20149402,-0.16308113705721364,0.02051524450293798,0.013608690611379598
"1,3-diethenylbenzene",108-57-6,C(=C)C1=CC(=CC=C1)C=C,,5544,210.4761507,6.877635328,-0.07930262848100618,0.04937218815995167,0.07166986275296618
"1,3-diethyl-5-methylbenzene",2050-24-0,C(C)C1=CC(=CC(=C1)C)CC,,30291,221.98712,40.81868498,-0.17703700923331972,0.017388186074486976,0.006079164104657138
"1,3-diiodopropane",627-31-6,ICCCI,,43248,199.1870035,-16.05733122,-0.10002364577917419,0.0415240371048103,0.05939638911283406
"1,3-dimethyladamantane",702-79-4,CC12CC3(CC(CC(C1)C3)C2)C,,12888,271.1193828,58.00787072,-0.26722194042594777,0.03084363249778946,-0.03546472066750787
"1,3-dioxane",505-22-6,O1COCCC1,,2314,-134.2946097,55.05823663,0.13137474266629393,-0.09566746652672793,0.10454479563328818
"1,3-dimethylnaphthalene",575-41-7,CC1=CC(=CC2=CC=CC=C12)C,,37834,213.9813637,20.18857524,-0.12064485504470007,0.032628363368838335,0.04706837957937828
"1,3-propanediamine",109-76-2,C(CCN)N,,44482,-635.0444465,91.17288993,0.4237050060302481,-0.24882410790418208,0.043227155863505916
"1,3-dithiolane",4829-04-03 00:00:00,S1CSCC1,,2333,96.89669718,2.549172364,0.0036665560175364034,0.023064586901491164,0.11205224607948251
"1,3-divinyl-1,1,3,3-tetramethyldisiloxane",2627-95-4,C(=C)[Si](O[Si](C)(C)C=C)(C)C,,5416,-44.63198401,80.98914103,-0.17436351013578785,0.013472926053284559,-0.005117917365076711
"1,3-hexadien-5-yne",10420-90-3,C=CC=CC#C,,326,191.4720134,-90.85749713,0.046982393765461226,0.18496674843905214,0.04363490009438383
"1,3-propanedithiol",109-80-8,C(CCS)S,,51812,89.32903921,-22.14319614,0.01572567944312607,0.030771097152189463,0.1069946834220231
"1,4-bis(1-methylethyl)-benzene",100-18-5,CC(C)C1=CC=C(C=C1)C(C)C,,10851,225.8700569,38.27884105,-0.17158485373590754,0.022491160875694673,0.010313964412996125
"1,4-butanedithiol",1191-08-8,C(CCCS)S,,51810,80.3266304,-10.67681266,-0.01709513543715593,0.02078794318833089,0.08153185665904855
"1,4-cyclooctadiene",1073-07-0,C1=CCC=CCCC1,,1908,177.4685811,47.85471362,-0.13779217231797142,0.0004296001202458017,0.008904805353848739
"1,4-dibromobutane",110-52-1,BrCCCCBr,,115,195.2030795,-6.003200338,-0.07207522415036426,0.04475873750408161,0.0749764719440867
"1,4-diethylbenzene",105-05-5,C(C)C1=CC=C(C=C1)CC,,30482,220.5621549,36.21773642,-0.16362033653880298,0.020123046859478848,0.014185234511230493
"1,4-dichloro-2-butyne",821-10-3,ClCC#CCCl,,40722,184.7879281,-77.08750994,-7.523745202102224e-05,0.1044058687109447,0.08358564881338014
"1,4-dichlorobutane",110-56-5,ClCCCCCl,,40837,194.7027366,0.457440598,-0.06417042823886347,0.045955212293143075,0.08045801108704473
"1,4-difluoro-2-methylbenzene",452-67-5,FC1=C(C=C(C=C1)F)C,,37973,218.0564697,-5.573874633,-0.114396216882565,0.05314569495389533,0.04638260739571881
"1,5,9-cyclododecatriene",706-31-0,C1=CCCC=CCCC=CCC1,,1905,174.125367,47.03919825,0.06139816849519933,-0.1794482304279877,-0.13330466894183662
"1,5-cyclooctadiene",111-78-4,C1=CCCC=CCC1,,1903,133.4198417,51.36809228,-0.1791538222390386,0.014075820012757107,0.0012987332929455444
"1,4-oxathiane",15980-15-1,O1CCSCC1,,2327,-131.626384,50.46427547,0.11255274346491355,-0.08276912035584219,0.06834179438042635
"1,5-dichloro-pentane",628-76-2,ClCCCCCCl,,40833,196.1376005,7.899020349,-0.078663840336157,0.03870295347830051,0.07103166548329004
"1,5-dichlorohexamethyltrisiloxane",3582-71-6,Cl[Si](O[Si](O[Si](Cl)(C)C)(C)C)(C)C,,37104,182.1140048,33.28134312,-0.17551716703735165,0.030265145862828028,0.01175292594637429
"1,5-dimethylcyclopentene",16491-15-9,CC1=CCCC1C,,13234,215.4443466,55.26528438,-0.21731528518518498,0.020558382583574328,-0.01775712181556792
"1,5-hexadien-3-yne",821-08-9,C=CC#CC=C,,3525,215.3242383,4.037523127,-0.0780533784569112,0.051737538039821465,0.06714532264011441
"1,5-hexadiyne",628-16-0,C#CCCC#C,,597,171.1368773,-95.7800149,0.09254755099847918,0.1839663279592657,0.08087682245990076
"1,6-dimethylnaphthalene",575-43-9,CC1=CC=CC2=CC(=CC=C12)C,,39256,213.7469949,20.53375562,-0.12141960026809896,0.03191243701219282,0.047215585973700125
"1,6-heptadiyne",2396-63-6,C#CCCCC#C,,611,171.3054076,-84.36445495,0.05535401848491636,0.16319827899782224,0.061159690467373753
"1,6-heptadiene",3070-53-9,C=CCCCC=C,,4431,208.6719765,39.14911414,-0.17757127657426414,0.01969365314688795,0.0023614626186248275
"1,6-hexanedithiol",1191-43-1,C(CCCCCS)S,,51808,76.57166723,1.753352421,-0.050114310523565984,0.012256137765187334,0.05460796623440164
"1,7-dimethylnaphthalene",575-37-1,CC1=CC=CC2=CC=C(C=C12)C,,39492,213.8165089,20.25765123,-0.12163943593586546,0.032629503476197974,0.046022518907332374
"1,8-octanedithiol",1191-62-4,C(CCCCCCCS)S,,51806,82.30940058,8.82405104,-0.10714081971205415,0.000395546306315941,0.011529378368687901
"1,8-nonadiyne",2396-65-8,C#CCCCCCC#C,,622,171.8175341,-70.21678909,0.024630150884442446,0.14162726148488758,0.049148711034205615
"1,9-nonanedithiol",3489-28-9,C(CCCCCCCCS)S,,51805,84.75460739,11.39682766,-0.12329177659057716,0.002646233205973612,0.004240707022777919
"1-(1,1-dimethylethyl)-3,5-dimethylbenzene",98-19-1,CC(C)(C)C1=CC(=CC(=C1)C)C,,37850,223.6804946,40.06065732,-0.17485263493052958,0.018894145183165054,0.00828502313252637
"1-(1,1-dimethylethyl)-3-methylbenzene",1075-38-3,CC(C)(C)C1=CC(=CC=C1)C,,39598,221.0006029,35.84722762,-0.16236855693894459,0.02152404323640214,0.017051166730850557
1-(1-methylethenyl)-4-(1-methylethyl)benzene,2388-14-9,CC(=C)C1=CC=C(C=C1)C(C)C,,2943,221.116659,28.76186211,-0.15134476725960289,0.0270737588059904,0.0261269835770479
"1-(2,5-dimethylphenyl)ethanone",2142-73-6,CC1=C(C=C(C=C1)C)C(C)=O,,7253,-113.6753679,63.78323511,0.05355383211722803,-0.08682559709050307,7.377643514250499e-06
"1-(3,4-dimethylphenyl)ethanone",3637-01-02 00:00:00,CC=1C=C(C=CC1C)C(C)=O,,7316,-112.0554125,60.20202123,0.07220122687930353,-0.08570613168379619,0.026717897729049325
1-(dimethylamino)-2-propanol,108-16-7,CN(CC(C)O)C,,36627,-307.4842444,14.60674627,0.12087238289570115,-0.16935537139983173,-0.056586877521720196
1-(ethenyloxy)decane,765-05-9,C(=C)OCCCCCCCCCC,,5211,89.09851054,60.52156032,-0.13971389916058477,-0.01955631881083591,-0.03608469906237434
1-(methylthio)-propane,3877-15-4,CSCCC,,26288,48.88272226,54.20652722,-0.06120724888400497,-0.03179527873569978,0.019133603958881223
1-(methylthio)butane,628-29-5,CSCCCC,,25447,54.56649639,56.67287061,-0.09161076471482353,-0.024748869670871736,0.0016412484762170028
1-acetylpiperidine,618-42-8,C(C)(=O)N1CCCCC1,,6221,-283.5141849,92.00119865,0.1922742306252763,-0.19406396002515958,0.010795393537810753
1-bromo-2-chloroethane,107-04-0,BrCCCl,,40778,197.3022419,-40.57560741,-0.05124658084367655,0.06732880472583248,0.07979631410915362
1-bromo-2-propanone,598-31-2,BrCC(C)=O,,5955,-34.74825353,-20.65223739,0.12459470828027731,-0.00651524957409661,0.1099107930862108
1-bromo-3-methylbutane,107-82-4,BrCCC(C)C,,9782,215.9551056,24.43208491,-0.15776429217700444,0.028063438107442194,0.020312770542313754
1-bromo-2-chloroethene,3018-09-05 00:00:00,BrC=CCl,,40501,218.8932621,-82.13534439,-0.055581311375900055,0.1144097814678229,0.04892734874889025
1-bromodecane,112-29-5,BrCCCCCCCCCC,,21359,228.2605017,35.82450081,-0.19847707588908062,0.028800890573294945,-0.00566522993786975
1-bromoheptane,629-04-9,BrCCCCCCC,,20422,221.4978968,31.09494348,-0.1779944779549485,0.028327197652017865,0.005533903133394077
1-bromohexane,111-25-1,BrCCCCCC,,19838,218.7024744,29.15466876,-0.16771709686602587,0.028413190931598165,0.012268915757050337
1-bromododecane,143-15-7,BrCCCCCCCCCCCC,,21745,231.9261455,38.29653973,-0.20699107355630997,0.028684252164892555,-0.010368571216427756
1-bromooctane,111-83-1,BrCCCCCCCC,,20864,224.2481216,32.65835218,-0.18544135941609663,0.02826189184570282,0.00151048479285546
1-bromopropane,106-94-5,BrCCC,,16750,207.0539229,17.23260185,-0.12277549310813679,0.03147905039380676,0.04098767411552523
1-butoxy-2-propanol,5131-66-8,C(CCC)OCC(C)O,,25088,-222.1965482,-59.05344884,0.11648438049038785,-0.035279522094677364,-0.10693654019103797
1-bromopentane,110-53-2,BrCCCCC,,19126,215.1794482,26.38962797,-0.15660611553673856,0.028708966053924846,0.0189950949667549
1-chloro-2-(chloromethyl)benzene,611-19-8,ClC1=C(C=CC=C1)CCl,,40934,203.2251126,-15.19757344,-0.07928557948690775,0.061868716129141674,0.06267503525353142
"1-chloro-2,2-dimethylpropane",753-89-9,ClCC(C)(C)C,,8012,221.013017,30.33245437,-0.15593516811987526,0.02885928376964064,0.019965807203382025
1-chloro-2-(1-methylethyl)benzene,2077-13-6,ClC1=C(C=CC=C1)C(C)C,,10941,230.5867192,19.95191855,-0.1668279069867273,0.03927479907976504,0.01766978572978657
1-chloro-2-ethylbenzene,89-96-3,ClC1=C(C=CC=C1)CC,,30674,228.1240489,16.48756516,-0.15914616682112395,0.040081964493585046,0.023093894790259813
1-chloro-2-methylbenzene,95-49-8,ClC1=C(C=CC=C1)C,,39999,223.261748,12.5228481,-0.13547218879511794,0.04435326686628882,0.03565872843857959
1-chloro-2-methyl-propane,513-36-0,ClCC(C)C,,10208,214.7579784,27.61226132,-0.1431493796932228,0.027954228963744325,0.02804257290811689
1-chloro-2-methyl-2-propanol,558-42-9,ClCC(C)(O)C,,8569,-144.5261667,-210.4649375,0.15618097606555104,0.028348020607384814,-0.042744473681025984
1-chloro-3-bromopropane,109-70-6,ClCCCBr,,40788,196.5116561,-11.57945329,-0.06480691220392261,0.049950409683049826,0.0802095948775765
1-chloro-3-ethylbenzene,620-16-6,ClC1=CC(=CC=C1)CC,,30617,226.6789974,14.93912304,-0.15251421563722312,0.041070462651112374,0.027433353666791133
1-chloro-4-(trifluoromethyl)-benzene,98-56-6,ClC1=CC=C(C=C1)C(F)(F)F,,42265,228.6839472,-27.98854404,-0.13722723356512811,0.06288644336597227,0.03582110093155786
1-chloro-4-(1-methylethyl)benzene,2621-46-7,ClC1=CC=C(C=C1)C(C)C,,10874,229.6794564,16.0604167,-0.1588881960889073,0.04121393193568362,0.023263534069858562
1-chloro-4-fluorobenzene,352-33-0,ClC1=CC=C(C=C1)F,,43141,217.6347864,-23.54744477,-0.10653998564596821,0.065567435490955,0.04910575014842357
1-chloro-4-ethylbenzene,622-98-0,ClC1=CC=C(C=C1)CC,,30493,226.606522,13.8134381,-0.1512150600531656,0.04162114518070035,0.027351461332260824
1-chloronaphthalene,90-13-1,ClC1=CC=CC2=CC=CC=C12,,41523,220.1182478,1.937574048,-0.11793209640084543,0.05422120571033251,0.04530906286491423
1-chlorooctane,111-85-3,ClCCCCCCCC,,23198,224.9943907,34.64694388,-0.1853237877164762,0.02728829147550727,0.0005246561240953325
1-chloropentane,543-59-9,ClCCCCC,,24154,215.353765,28.77733977,-0.15478840057532398,0.027707492567005308,0.01864982137465893
1-chlorohexane,544-10-5,ClCCCCCC,,23755,219.1970796,31.23038729,-0.16728056226558902,0.027350811753801357,0.011550724093743532
1-chloroheptane,629-06-1,ClCCCCCCC,,23489,222.2539088,33.07520488,-0.17730951898203032,0.02734109140853383,0.005020874557904021
1-chlorononane,2473-01-0,ClCCCCCCCCC,,23089,227.0544914,36.17741193,-0.19140564076426886,0.02768414144205978,-0.002810899848715653
1-cis-2-trans-3-trimethylcyclopentane,15890-40-1,C[C@@H]1CC[C@@H](C)C1C,,13664,272.7689336,57.83311369,-0.2657001860377588,0.03204632159236093,-0.03279903222569184
1-decanethiol,143-10-2,C(CCCCCCCCC)S,,23039,113.5237939,29.27061929,-0.1452132475642977,0.0008121966893446603,-0.016670296170798172
1-decene,872-05-9,C=CCCCCCCCC,,4463,237.9738879,52.41839206,-0.22677287384603032,0.02317974036014724,-0.022824883567433157
1-cyclopropylethanone,765-43-5,C1(CC1)C(C)=O,,5931,-157.4171513,65.22198701,0.13503229551128781,-0.11384532520453174,0.05397407382636572
1-dodecene,112-41-4,C=CCCCCCCCCCC,,4499,240.3650709,53.19716709,-0.23431225399529,0.025072309989718114,-0.02445353686798914
1-dodecanethiol,112-55-0,C(CCCCCCCCCCC)S,,22850,119.4662111,32.27300947,-0.15695083414711167,0.0020379942460216223,-0.022041006350236994
1-decyne,764-93-2,C#CCCCCCCCC,,628,199.0022321,-43.40633618,-0.09460593554086233,0.11737390423930595,-0.022540575474090857
1-dodecyne,765-03-7,C#CCCCCCCCCCC,,637,203.7418481,-38.48062987,-0.113325585839414,0.11236007856807836,-0.0298112161007193
1-ethoxy-2-propanol-acetate,54839-24-6,C(C)(=O)OC(COCC)C,,28877,-112.6648257,67.40002985,0.05577915036712323,-0.09682165963772442,0.008064756292868853
1-ethoxy-2-fluorobenzene,451-80-9,C(C)OC1=C(C=CC=C1)F,,29763,88.23465548,24.21946399,-0.0420290699340773,0.011162363770615247,0.045936600788413294
1-ethoxy-4-fluorobenzene,459-26-7,C(C)OC1=CC=C(C=C1)F,,29668,84.82790996,21.03800596,-0.04607791547806762,0.009408092160826274,0.0351740199404666
1-ethoxybutane,628-81-9,C(C)OCCCC,,25082,-172.5305953,107.9756209,0.003659119896346586,-0.1347989965408652,-0.08789886520584457
1-ethoxyheptane,1969-43-3,C(C)OCCCCCCC,,23579,-158.6236834,109.2521275,-0.028110124262382637,-0.12634378624377784,-0.10372816413417042
1-ethyl-1-methylcyclopentane,16747-50-5,C(C)C1(CCCC1)C,,16347,271.8871472,57.6897873,-0.26731126591756776,0.03199329490782054,-0.033464882311388305
"1-ethyl-2,3-dimethylbenzene",933-98-2,C(C)C1=C(C(=CC=C1)C)C,,30599,214.2708673,35.21038757,-0.1508562370885922,0.018492575400632767,0.02358602309348649
"1-ethyl-2,4-dimethylbenzene",874-41-9,C(C)C1=C(C=C(C=C1)C)C,,30465,216.9515832,36.67565204,-0.15774806425889173,0.018613311943845124,0.02002595044739869
"1-ethyl-2,4,5-trimethylbenzene",17851-27-3,C(C)C1=C(C=C(C(=C1)C)C)C,,30280,218.8134444,39.03301011,-0.16498708946506865,0.017209750305871414,0.01581858692535825
"1-ethyl-3,5-dimethylbenzene",934-74-7,C(C)C1=CC(=CC(=C1)C)C,,30289,218.8575715,38.31653247,-0.16592869311627254,0.017557791118586293,0.0132129520082037
1-ethyl-4-(1-methylethyl)benzene,4218-48-8,C(C)C1=CC=C(C=C1)C(C)C,,30452,223.580523,37.47820639,-0.16868681634341037,0.021373484118423904,0.011634432220901748
1-ethyl-4-methylbenzene,622-96-8,C(C)C1=CC=C(C=C1)C,,30464,216.7160329,33.45679682,-0.15079708078154933,0.02097377972336723,0.022918026156333884
1-ethylcyclohexene,1453-24-3,C(C)C1=CCCCC1,,16515,226.3864715,55.84666269,-0.22437342190588985,0.01919658807908141,-0.02301778338141582
1-ethylcyclopentene,2146-38-5,C(C)C1=CCCC1,,16512,218.8710101,56.20243394,-0.2189011833986718,0.016765289699685906,-0.02479898054054654
1-ethylnaphthalene,1127-76-0,C(C)C1=CC=CC2=CC=CC=C12,,30658,215.4447278,17.63431939,-0.12087971450907327,0.036829428430629994,0.04542742323410571
1-fluoronaphthalene,321-38-0,FC1=CC=CC2=CC=CC=C12,,43198,216.9837234,2.184295246,-0.10351650377892906,0.05376064317883227,0.05336813125658213
1-fluoro-4-(trifluoromethyl)benzene,402-44-8,FC1=CC=C(C=C1)C(F)(F)F,,43123,225.5873755,-29.7471301,-0.12009640424548346,0.06601789162168419,0.04331308738615809
1-fluoroheptane,661-11-0,FCCCCCCC,,23490,161.9674727,48.43646495,-0.16420274277537208,0.01082039274514572,0.006626778301744339
1-fluorodecane,334-56-5,FCCCCCCCCCC,,22934,173.0029087,51.75153322,-0.18766372598577524,0.013469509361076623,-0.006806958824759677
1-fluorohexane,373-14-8,FCCCCCC,,23756,158.5110842,47.91109292,-0.15364393670832255,0.010056849880272663,0.013030431656926671
1-heptanethiol,1639-09-4,C(CCCCCC)S,,23652,103.4368236,22.68291297,-0.12107897373631844,0.00017115076701062446,-0.0028734550814086034
1-heptanol,111-70-6,C(CCCCCC)O,,23523,-195.8815031,-163.8528834,0.119704685299918,0.08186667777294622,-0.15804244789616498
1-heptene,592-76-7,C=CCCCCC,,4433,228.5653658,50.75940212,-0.21250201127512194,0.021686586829670496,-0.01598191292037987
1-heptanamine,111-68-2,C(CCCCCC)N,,23492,-602.1931055,127.3253568,0.24728487617643108,-0.27364691732370666,-0.18849865530211754
1-hexanethiol,111-31-9,C(CCCCC)S,,24027,98.42662963,20.09923808,-0.10825173304842312,-0.0014445502679574088,0.002760063749411973
1-heptyne,628-71-7,C#CCCCCC,,614,188.8335201,-52.68077763,-0.05581956098600775,0.1248943082613552,-0.0034545865716074427
1-hydroxy-2-propanone,116-09-6,OCC(C)=O,,6133,-182.7637072,-141.7338121,0.28012939689469235,-0.001891967728121771,0.202942195160884
1-hexyn-3-ol,105-31-7,C#CC(CCC)O,,502,-99.1544981,-276.0362817,0.2052126425716668,0.23694431874433006,-0.082130910325728
1-isocyanatobutane,111-36-4,N(=C=O)CCCC,,24739,169.3366163,33.49589165,-0.11284175927050565,0.008096561699790138,0.040622375409951575
1-iodopentane,628-17-1,ICCCCC,,24156,219.51297,25.022573,-0.17209002118031796,0.028448241465442954,0.011936397223676112
1-iodopropane,107-08-4,ICCC,,25704,211.6078824,16.05002792,-0.14355810216013115,0.030291392547163357,0.029831507575460697
1-iodobutane,542-69-8,ICCCC,,24619,216.0735528,21.85439366,-0.16009196031700257,0.02897780384484603,0.01963957207598749
1-iodo-hexane,637-45-9,ICCCCCC,,23757,222.6327485,27.66186287,-0.18235271754736648,0.028587840268076755,0.0059730572469594125
1-isopropyl-4-methylcyclohexane,99-82-1,C(C)(C)C1CCC(CC1)C,,13636,272.5161501,57.87536258,-0.26818459517031573,0.0318452589377326,-0.033887482918808005
1-methoxy-2-acetoxypropane,108-65-6,COCC(C)OC(C)=O,,33679,-96.0217006,58.85301691,0.09863779296141212,-0.09547145230187787,0.055865308516189094
1-methoxy-2-methylbenzene,578-58-5,COC1=C(C=CC=C1)C,,36151,149.3326,24.12864555,-0.07267813301830235,0.01218234460208814,0.04458986370946397
1-methoxy2-propanol,107-98-2,COCC(C)O,,33678,-223.5660186,-107.2226,0.1688414964119445,-0.02281585890849662,-0.04639062397912371
1-methoxynaphthalene,2216-69-5,COC1=CC=CC2=CC=CC=C12,,36123,194.0453171,8.45616297,-0.08494041592134924,0.04321531954300656,0.06511634361507847
1-methyl-2-isopropylbenzene,527-84-4,CC1=C(C=CC=C1)C(C)C,,39955,217.1395833,33.48615387,-0.1485082451513898,0.02199459718724819,0.024695752846941057
1-methyl-2-ethylbenzene,611-14-3,CC1=C(C=CC=C1)CC,,30664,213.4884559,31.77646596,-0.14098779726335464,0.021897055938605112,0.030921345542360926
1-methyl-3-(1-methylethyl)-benzene,535-77-3,CC1=CC(=CC=C1)C(C)C,,39601,219.4989492,34.94366265,-0.15672950748903486,0.021629233262311382,0.019961062051044507
1-methyl-2-propylbenzene,1074-17-5,CC1=C(C=CC=C1)CCC,,26525,217.0181803,33.72403199,-0.1519724499535785,0.021449770704344718,0.02337665940802432
1-methyl-3-ethylcyclopentane,3726-47-4,CC1CC(CC1)CC,,16602,273.2024934,58.8550088,-0.2703793655986828,0.0319074032207233,-0.037129309972749026
1-methyl-3-propyl-benzene,1074-43-7,CC1=CC(=CC=C1)CCC,,26511,219.3984763,35.73039011,-0.16765032852742706,0.021811372075841957,0.01241040560416076
1-methyl-4-(1-methylethenyl)benzene,1195-32-0,CC1=CC=C(C=C1)C(=C)C,,2948,215.0499591,24.24503982,-0.131104552481563,0.027883227334537474,0.03974672306957036
"1-methyl-4-(1-methylethyl)-1,4-cyclohexadiene",99-85-4,CC1=CCC(=CC1)C(C)C,,13185,228.4035741,45.62041309,-0.1945102748613088,0.01832661516746944,-0.002272123986388585
1-methyl-4-propylbenzene,1074-55-1,CC1=CC=C(C=C1)CCC,,26484,219.8311808,35.60350337,-0.16827636102625393,0.02227337179279271,0.012174269276964073
1-methyl-pyrrolidine,120-94-5,CN1CCCC1,,31568,-518.8695072,158.8933871,0.10304271859940407,-0.22917084504256027,-0.16123277504298825
1-methylcyclohexene,591-49-1,CC1=CCCCC1,,13238,220.1479013,54.53386851,-0.2148976887682972,0.016878126985791286,-0.018554328570316806
1-methylcyclopentene,693-89-0,CC1=CCCC1,,13231,218.5112217,53.20951751,-0.20884715487322883,0.018394407503786146,-0.015283146908654241
1-methylnaphthalene,90-12-0,CC1=CC=CC2=CC=CC=C12,,39886,211.142733,14.65975442,-0.10300016823100283,0.03944313552110735,0.05796554995704529
1-methylpiperazine,109-01-3,CN1CCNCC1,,31623,-533.3371008,108.4680711,0.2655481032056404,-0.25613460254042625,-0.10333928588516206
1-n-butylnaphthalene,1634-09-0,C(CCC)C1=CC=CC2=CC=CC=C12,,25672,220.933172,22.97575629,-0.145647270989298,0.034404980280824164,0.029193310384223025
1-nonanethiol,1455-21-6,C(CCCCCCCC)S,,23154,109.8205945,27.7284065,-0.15109788931885734,0.008630147306697278,-0.013517760280599771
1-nonanol,143-08-8,C(CCCCCCCC)O,,23099,-188.3625114,-162.4901295,0.09864729620521659,0.08652718908383072,-0.16965188296484685
1-nonanamine,112-20-9,C(CCCCCCCC)N,,23092,-596.02364,131.0033238,0.2164474404803761,-0.2658064360087978,-0.199306079673498
1-octanethiol,111-88-6,C(CCCCCCC)S,,23394,105.5647453,23.79293343,-0.1294825003353218,-0.00040943277519994465,-0.009008155530803084
1-nonyne,3452-09-03 00:00:00,C#CCCCCCCC,,625,196.4449902,-46.16794343,-0.08264769926830566,0.12172502223886111,-0.01880922598655358
1-octanamine,111-86-4,C(CCCCCCC)N,,23201,-596.0630792,128.9524558,0.2284163799979253,-0.2666587882352259,-0.19328689256151382
1-pentanethiol,110-66-7,C(CCCC)S,,24447,93.24926346,17.01206678,-0.09342323415108662,-0.0021739927151871933,0.0107511318132917
1-octen-3-ol,3391-86-4,C=CC(CCCCC)O,,3926,-153.7631369,-182.7506409,0.11939044470700559,0.09230994358332674,-0.12851762991249815
1-pentadecene,13360-61-7,C=CCCCCCCCCCCCCC,,4511,243.9459982,53.8959457,-0.24046249797413383,0.025859816454411107,-0.0269638793007826
1-phenyl-1-pentanone,1009-14-9,C1(=CC=CC=C1)C(CCCC)=O,,18260,-74.17896753,55.87607224,0.03747181558993428,-0.07051877656802659,0.006008031342598211
1-phenyl-2-propanone,103-79-7,C1(=CC=CC=C1)CC(C)=O,,6150,-100.4759599,43.25901652,0.0992436911058013,-0.06932054577435302,0.06328764330458353
1-phenylcyclohexene,771-98-2,C1(=CC=CC=C1)C1=CCCCC1,,1828,215.7847025,27.56699833,-0.15082983178226034,0.025954510455997188,0.023973913675814043
1-piperazineethanamine,140-31-8,N1(CCNCC1)CCN,,44513,-611.0415406,106.8492787,0.3455413962224406,-0.28567124741787836,-0.07625933746291069
1-propanethiol,107-03-9,C(CC)S,,26267,81.00881459,9.11261932,-0.05722042526774504,0.003749401733299805,0.04220171208769061
1-propoxy-2-propanol,1569-01-3,C(CC)OCC(C)O,,26056,-221.9052734,-92.68123046,0.1301694116835847,-0.04752282437864116,-0.0843459086968902
1-piperidinecarboxaldehyde,2591-86-8,N1(CCCCC1)C=O,,48909,-253.9982054,79.73577193,0.2009310912110786,-0.17116782036899034,0.0509286606875011
1-piperidinepropanenitrile,3088-41-3,N1(CCCCC1)CCC#N,,43571,-198.7581521,53.15091571,0.17009858545762802,-0.13398716721453302,0.007669363459853035
1-tetradecene,1120-36-1,C=CCCCCCCCCCCCC,,4509,243.562267,53.771623,-0.23829621941085802,0.025422022411502442,-0.026225023422280412
1-undecene,821-95-4,C=CCCCCCCCCC,,4476,239.7428815,52.9047272,-0.2303371574988189,0.023950930912504196,-0.0238843710441037
1-tridecene,2437-54-1,C=CCCCCCCCCCCC,,4507,242.2813192,53.41571448,-0.23608925995074842,0.025143579042071915,-0.02543236409655553
1-undecanethiol,5332-52-5,C(CCCCCCCCCC)S,,22920,119.9438654,30.49618704,-0.16464050585375345,0.010160310631930205,-0.018977757024105615
1-undecyne,2243-98-3,C#CCCCCCCCCC,,632,202.7133217,-40.71285451,-0.1062347344113051,0.11314807806516926,-0.026634042218937178
"1a,2b,4a-1,2,4-trimethylcyclohexane",7667-60-9,C[C@H]1CC[C@H](C)[C@@H](C)C1,,13658,271.7225455,57.70859182,-0.26832737442865645,0.03159265148604417,-0.03524101473829597
"1a,2a,4a-1,2,4-trimethylcyclopentane",2613-72-1,CC1CC(C)C(C)C1,,13484,272.6794672,58.47278996,-0.26885821699800677,0.03201901942123097,-0.0358810044675029
"1a,3a,5b-trimethylcyclohexane",1795-26-2,CC1CC(C)CC(C)C1,,13499,271.4691313,57.7275464,-0.2663371402231258,0.031147913245167826,-0.035733639863385645
1h-indene,95-13-6,C1C=CC2=CC=CC=C12,,1976,204.8498327,14.3205856,-0.09048191443297529,0.03629066016358814,0.06239645246232137
"2,2'-(methylimino)bis-ethanol",105-59-9,CN(CCO)CCO,,31377,-269.3890251,-138.9555558,0.1770828810005903,-0.11263527575655634,-0.0060282647484352
"2,2'-oxybis-butane",6863-58-7,O(C(C)CC)C(C)CC,,15376,-227.989062,117.9447884,-0.03555096967543879,-0.12577695682217516,-0.11759351866828406
"2,2'-thiobisethanol",111-48-8,S(CCO)CCO,,51244,-216.6511998,-216.9101301,0.23381097280328927,-0.012983507175821979,0.06021831633681446
"2,2'-thiobis2-methylpropane",107-47-1,CC(C)(C)SC(C)(C)C,,8220,41.54667855,69.0356843,-0.08749981576697893,-0.05422015807148661,-0.037002650007667955
"2,2,3,3-tetraflouro-1-propanol",76-37-9,OCC(F)(F)C(F)F,,50936,-28.08486503,-383.7552289,0.2607375801957483,0.3340935074403297,-0.052108446170843224
"2,2,3,3-tetramethylhexane",13475-81-5,CC(C)(C(CCC)(C)C)C,,17077,271.6563485,56.7079189,-0.25814900325159923,0.03205529054226227,-0.026905147220144452
"2,2,3,4-tetramethylpentane",1186-53-4,CC(C)(C(C(C)C)C)C,,9173,271.5913418,56.61239113,-0.257517084475428,0.03164672951991223,-0.026515379681600844
"2,2,3,3-tetramethylpentane",7154-79-2,CC(C)(C(CC)(C)C)C,,14648,271.6780059,56.59179418,-0.25633471538143704,0.03218121123731565,-0.026095607804063906
"2,2,3-trimethyl-butane",464-06-2,CC(C)(C(C)C)C,,9114,272.224703,56.84133054,-0.25835246311058546,0.03170274530051939,-0.027749609531095808
"2,2,3-trimethylpentane",564-02-3,CC(C)(C(CC)C)C,,14990,272.4415736,57.02672787,-0.25834478247185455,0.03232443233548814,-0.02720722008567747
"2,2,4,4,6,6-hexamethylcyclotrisilazane",1009-93-4,C[Si]1(N[Si](N[Si](N1)(C)C)(C)C)C,,37187,-129.560743,42.44930043,-0.03673958060743225,0.022177948938148975,-0.05387025305819967
"2,2,4-trimethyl-2-pentene",107-40-4,CC(C)=CC(C)(C)C,,8759,227.7552013,54.00518403,-0.21442127296370306,0.021616930191668864,-0.012975932954689273
"2,2,4,4-tetramethyl-3-pentanone",815-24-7,CC(C)(C(C(C)(C)C)=O)C,,7712,-68.83468523,82.86922776,-0.008692028308890699,-0.09834063544884834,-0.034375071395241596
"2,2,4,4-tetramethylpentane",1070-87-7,CC(C)(CC(C)(C)C)C,,7917,270.5168746,56.17695389,-0.25460740359054157,0.03135161617872513,-0.026640565751487325
"2,2,4,6,6-pentamethylheptane",13475-82-6,CC(C)(CC(CC(C)(C)C)C)C,,11043,270.7237571,56.3357691,-0.2584455338281635,0.03138726177527109,-0.02736917613250909
"2,2,4-trimethylhexane",16747-26-5,CC(C)(CC(CC)C)C,,30001,272.5968557,57.50514645,-0.2598387595895787,0.03148520556013594,-0.028396270043324862
"2,2,5-trimethylhexane",3522-94-9,CC(C)(CCC(C)C)C,,9807,271.6964812,57.09121671,-0.26263178712664187,0.03148565554451627,-0.031973746394563005
"2,2,5,5-tetramethylhexane",1071-81-4,CC(C)(CCC(C)(C)C)C,,7961,270.364295,56.34520001,-0.25872871276572545,0.03102727823538025,-0.02922093738014021
"2,2,6-trimethylcyclohexanone",2408-37-9,CC1(C(C(CCC1)C)=O)C,,13761,-115.2343324,85.95679402,0.028933583710170678,-0.11489134640628658,-0.02702189297583353
"2,2,6-trimethylheptane",1190-83-6,CC(C)(CCCC(C)C)C,,9898,271.9641015,57.30985903,-0.26301268710266645,0.03144827369038394,-0.03138375036504061
"2,2-dichlorobutane",4279-22-5,ClC(C)(CC)Cl,,14839,220.0245583,20.18008108,-0.15053775018164903,0.035536063906035975,0.02709198477344703
"2,2-diethoxyethanamine",645-36-3,C(C)OC(CN)OCC,,28702,-546.3408163,109.4241421,0.2690278734824641,-0.22936279298478982,-0.09504413836782177
"2,2-dichloropropane",594-20-7,ClC(C)(C)Cl,,8449,214.755012,13.9320091,-0.12139345006647614,0.04014622143560934,0.04405840105406343
"2,2-diethoxypropane",126-84-1,C(C)OC(C)(C)OCC,,28615,-173.7673381,99.87642075,0.0012560784170288968,-0.11921298426742286,-0.06496258211689747
"2,2-difluoroethanol",359-13-7,FC(CO)F,,50938,-89.40768504,-322.5900593,0.2908512862218408,0.29320471163124345,-0.019000845766942193
"2,2-dimethoxypropane",77-76-9,COC(C)(C)OC,,33241,-161.838768,89.24878508,0.03678783683397688,-0.12074774795113744,-0.03585876343037649
"2,2-dimethyl-3-pentanone",564-04-5,CC(C)(C(CC)=O)C,,14229,-98.6366679,79.27566109,0.043654564413622435,-0.1090166473711612,-0.010129561586877191
"2,2-dimethylbutyricacid",595-37-9,CC(C(=O)O)(CC)C,,14642,-74.77849556,-351.9552005,0.20389260059550948,0.2960061902597266,-0.15024592250814142
"2,2-dimethylcyclohexanone",1193-47-1,CC1(C(CCCC1)=O)C,,12577,-123.71703,81.80539372,0.06671350479826554,-0.1278615991659305,-0.008867709385155452
"2,2-dimethylheptane",1071-26-7,CC(C)(CCCCC)C,,19314,272.5498076,57.94708173,-0.2628979321803763,0.03135281776391787,-0.03208007489142347
"2,2-dimethylhexane",590-73-8,CC(C)(CCCC)C,,18316,272.622578,57.88011779,-0.26278307903604897,0.031510499858966104,-0.029959304299789637
"2,2-dimethylpentane",590-35-2,CC(C)(CCC)C,,17068,272.7696489,57.73520607,-0.2608465669767026,0.03156130015778596,-0.02972371390667751
"2,3,3,4-tetramethylpentane",16747-38-9,CC(C)C(C(C)C)(C)C,,9126,272.1390653,56.49199842,-0.2574663113155732,0.03199434016157141,-0.02661003416589127
"2,3,3-trimethyl-1-butene",594-56-9,CC(=C)C(C)(C)C,,2617,226.5984284,50.73370042,-0.20053641503217737,0.016847915108725946,-0.010300762666932
"2,3,3-trimethylpentane",560-21-4,CC(C)C(CC)(C)C,,14663,272.6771055,57.08610912,-0.25968707992537604,0.031696029448113325,-0.027111641434308793
"2,3,3-trimethyl-1-pentene",560-23-6,CC(=C)C(CC)(C)C,,2626,238.1673704,51.39467548,-0.21319969379990178,0.021524089627196333,-0.011448055896084221
"2,3,4-trimethyl-2-pentene",565-77-5,CC(C)=C(C(C)C)C,,8677,246.6343606,52.17706535,-0.22604231040089323,0.02318861513801646,-0.01801725040286138
"2,3,4-trimethylpentane",565-75-3,CC(C)C(C(C)C)C,,9177,273.682608,57.91378577,-0.2626340863753665,0.031855593889503216,-0.02932200280555016
"2,3,4-trimethylthiophene",1795-04-6,CC=1SC=C(C1C)C,,40236,214.5628866,22.12345995,-0.14368982838746874,0.027201570977245803,0.0316895010671741
"2,3,5-trimethylhexane",1069-53-0,CC(C)C(CC(C)C)C,,10374,272.8907245,57.57298446,-0.2637413855828663,0.03169685565557273,-0.029676945313208712
"2,3,6-trimethylpyridine",1462-84-6,CC1=NC(=CC=C1C)C,,38639,-389.6386634,111.3675592,0.1684146788343927,-0.20713794062160878,-0.10455744682373681
"2,3-dichlorobutane",2211-67-8,ClC(C)C(C)Cl,,11325,194.1980727,-17.86359452,-0.12313577023885076,0.036852662858203836,0.04235338870485834
"2,3-dichloropentane",600-11-3,ClC(C)C(CC)Cl,,15815,211.1172725,2.886808377,-0.14832366414590142,0.03419906035101469,0.027560232137575455
"2,3-dihydrobenzofuran",496-16-2,O1CCC2=C1C=CC=C2,,52811,40.80771609,32.51530338,-0.0027185120071425875,-0.017446075931946612,0.05115071272840534
"2,3-dihydropyran",110-87-2,O1CCCC=C1,,1934,-16.0790339,55.71318789,-0.017933846871808486,-0.049127903186812254,0.016655646334709333
"2,3-dihydrothiophene",1120-59-8,S1CCC=C1,,1941,156.0310578,11.74651805,-0.05721046967768081,0.022995640276163798,0.07383968678443086
"2,3-dimethyl-1,3-butadiene",513-81-5,CC(=C)C(=C)C,,2499,226.5125536,35.81747984,-0.15921791918668507,0.023457499031320637,0.02196315765835367
"2,3-dimethyl-1-pentene",3404-72-6,CC(=C)C(CC)C,,2642,237.7988094,51.56173932,-0.2093504499210749,0.020572599040727845,-0.01184056971740674
"2,3-dimethyl-2-butanol",594-60-5,CC(C)(C(C)C)O,,9139,-212.6431144,-127.9806619,0.13076063123767737,0.04374305479813229,-0.14217574632551858
"2,3-dimethyl-2-butene",563-79-1,CC(C)=C(C)C,,8674,227.7244063,49.91395977,-0.20865467469642487,0.023157021800445984,-0.0071710865638923696
"2,3-dimethyl-2-hexene",7145-20-2,CC(C)=C(CCC)C,,17197,232.7128331,53.69547157,-0.22096962812104334,0.02214796151133379,-0.015503989673466227
"2,3-dimethyl-2-pentene",10574-37-5,CC(C)=C(CC)C,,14944,233.9692086,52.27167299,-0.21782074603361617,0.022599623798656703,-0.012386540960030994
"2,3-dimethyl-3-pentanol",595-41-5,CC(C)C(CC)(O)C,,30057,-195.3100167,-126.0429268,0.1029422965613356,0.09934477457540586,-0.1459308376903304
"2,3-dimethylpyrazine",5910-89-4,CC1=NC=CN=C1C,,40398,-298.2812537,78.43921755,0.169505339743513,-0.14628409095318928,-0.002589614368997551
"2,3-dimethylpentane",565-59-3,CC(C)C(CC)C,,15010,274.5034598,58.29183185,-0.26258904578110426,0.032290943090589976,-0.029317065241693488
"2,3-dimethylpyridine",583-61-9,CC1=NC=CC=C1C,,40099,-377.083922,100.605524,0.1899615076531957,-0.1914219840283322,-0.06589375570572696
"2,3-dimethylthiophene",632-16-6,CC=1SC=CC1C,,40144,211.4813198,11.33506431,-0.1270427191309086,0.033467629828406474,0.04105666070352115
"2,3-hexanedione",3848-24-6,CC(C(CCC)=O)=O,,16793,5.280590642,37.75134692,0.061603423381578745,-0.03552219471936143,0.09202910150894601
"2,3-pentanedione",600-14-6,CC(C(CC)=O)=O,,14234,-2.942238843,32.89751082,0.09187566532588037,-0.02967429584099847,0.1245889685068013
"2,4,4-trimethyl-1-pentene",107-39-1,CC(=C)CC(C)(C)C,,2770,228.1316698,53.1887744,-0.2190851416061663,0.021582591583920615,-0.016006069875550533
"2,4,4-trimethyl-2-pentanethiol",141-59-3,CC(C)(CC(C)(C)C)S,,7928,81.57137674,36.75117747,-0.12370050679510339,-0.005757464245208958,-0.007596277765932237
"2,4,4-trimethylhexane",16747-30-1,CC(C)CC(CC)(C)C,,14687,273.2101304,57.74753026,-0.2591648321381956,0.03189586817929745,-0.026295498152507677
"2,4,5-trimethylthiazole",13623-11-5,CC=1SC(=C(N1)C)C,,40284,-293.5116167,94.24904396,0.13747004639896726,-0.18209672503672214,-0.07665374968067597
"2,4,6,8,10-pentamethylcyclopentasiloxane",6166-86-5,C[SiH]1O[SiH](O[SiH](O[SiH](O[SiH](O1)C)C)C)C,,36852,84.52773416,54.150472,-0.2035576501121436,0.029953591669418883,-0.003426140625943595
"2,4,6-cycloheptatrien-1-one",539-80-0,C1(C=CC=CC=C1)=O,,50578,-244.0203569,44.26525772,0.24584209028469214,-0.1037032300338432,0.11982265343331656
"2,4,6-trimethylbenzenamine",88-05-1,CC1=C(C(=CC(=C1)C)C)N,,37730,-135.0147347,-5.666755414,0.12151617426832798,0.00031919066214004197,-0.03685864363755334
"2,4-dichloro-1-methylbenzene",95-73-8,ClC1=C(C=CC(=C1)Cl)C,,38832,230.1029144,-4.901065588,-0.15668176898954309,0.050954190196797366,0.024818188247926122
"2,4-dichloro-1-(trifluoromethyl)-benzene",320-60-5,ClC1=C(C=CC(=C1)Cl)C(F)(F)F,,42266,230.5498297,-36.69775673,0.11707717904819817,0.4784999796328309,-0.16326211674547741
"2,4-difluoroaniline",367-25-9,FC1=C(N)C=CC(=C1)F,,44975,-60.89130305,-86.49551358,0.17768800150067535,0.16391708374297634,-0.02264927763151279
"2,4-dimethyl-1,3-pentadiene",1000-86-8,CC(=C)C=C(C)C,,2748,216.6519226,41.33176699,-0.17991760629522385,0.020655718696706335,0.008260194987677683
"2,4-dimethyl-1-pentene",2213-32-3,CC(=C)CC(C)C,,2786,218.7509071,53.05309605,-0.20565108535042406,0.019826831763509602,-0.01016172656423532
"2,4-dimethyl-2-pentanol",625-06-9,CC(C)(CC(C)C)O,,9575,-208.7055163,-121.5845224,0.10808632959672082,0.04906174308497927,-0.1483537445383381
"2,4-dimethylaniline",95-68-1,CC1=C(N)C=CC(=C1)C,,38893,-144.5555608,-27.48418365,0.15762096231120196,0.04393853802232361,-0.023021811178921492
"2,4-dimethyl-3-thiapentane",625-80-9,CC(C)SC(C)C,,10773,39.75295716,64.55564063,-0.08108687219689326,-0.04215329881687283,-0.013355230064162497
"2,4-dimethyl-2-pentene",625-65-0,CC(C)=CC(C)C,,8769,229.4028532,53.75196411,-0.21339191028291526,0.021720722327519,-0.012863888117495618
"2,4-dimethyl-3-pentanol",600-36-2,CC(C)C(C(C)C)O,,9297,-173.6958212,-134.9369163,0.10608703691489473,0.04292350648518355,-0.13561917615275412
"2,4-dimethylbenzaldehyde",15764-16-6,CC1=C(C=O)C=CC(=C1)C,,38749,-94.25289296,56.9116605,0.055195330385750994,-0.0689807073867299,0.023862857179126937
"2,4-dimethylpentane",108-08-7,CC(C)CC(C)C,,9602,273.3596853,58.09414993,-0.262119881043604,0.03142690786407131,-0.0310104177935579
"2,4-dimethylthiazole",541-58-2,CC=1SC=C(N1)C,,40237,-256.3389232,68.02554535,0.15132148415759183,-0.1604729776482918,-0.05776131534985306
"2,4-dimethylpyrrole",625-82-1,CC=1NC=C(C1)C,,37513,82.92250523,-130.5101265,0.17036413903401448,0.3047006585715113,-0.010107023024321335
"2,4-dithiapentane",1618-26-4,CSCSC,,36540,121.4187319,12.60795719,-0.038980085630141076,0.017046699512049908,0.07348665558751664
"2,4-hexadienal",142-83-6,C(C=CC=CC)=O,,1472,-149.6301208,49.49198574,0.1437213366457275,-0.07896982107933853,0.09206126442672519
"2,5,8,11-tetraoxadodecane",112-49-2,COCCOCCOCCOC,,33939,-351.0774827,99.33256214,0.07627702405457742,-0.12068632998150527,0.001069856804028779
"2,5-dichlorothiophene",3172-52-9,ClC=1SC(=CC1)Cl,,41345,234.9997853,-18.95762005,-0.1722639233697091,0.061114842894521224,0.01733815064152761
"2,5-dihydrothiophene",1708-32-3,S1CC=CC1,,1923,61.76744019,27.72055786,-0.02523514223734382,0.0025174445967917677,0.07210235513862338
"2,5-dimethyl-1,3,5-hexatriene",4916-663-6,CC(=C)C=CC(=C)C,,2473,220.0833837,29.33254916,-0.13895936221536273,0.026474641695176628,0.03618611665612172
"2,5-dimethyl-1,5-hexadiene",627-58-7,CC(=C)CCC(=C)C,,2817,201.1436991,42.79856959,-0.1877840179592085,0.01883336559818588,-0.0031383604774651978
"2,5-dimethylfuran",625-86-5,CC=1OC(=CC1)C,,38720,169.2164959,28.03176223,-0.09733668462996814,0.01715997400259238,0.043311277897235614
"2,5-dimethylpyrazine",123-32-0,CC1=NC=C(N=C1)C,,40177,-292.2991558,81.07991088,0.18233943130532068,-0.16206669896681142,-0.009678301335810345
"2,5-dimethylhexane",592-13-2,CC(C)CCC(C)C,,9820,273.3406279,58.20861935,-0.2647066269161213,0.03167313266231086,-0.03198177240079548
"2,5-dimethylpyridine",589-93-5,CC1=NC=C(C=C1)C,,38719,-377.4018763,102.8718339,0.19515221371194927,-0.2046511355920199,-0.0756862968489872
"2,5-dimethylthiophene",638-02-8,CC=1SC(=CC1)C,,38721,212.4145353,22.13728871,-0.1307085180862467,0.027757463988502474,0.03957494347019153
"2,5-norbornadiene",121-46-0,C12C=CC(C=C1)C2,,1944,159.0509692,39.78108779,-0.1392635549153447,0.01924881144468955,0.01752002140295111
"2,6-diisopropylaniline",24544-04-5,C(C)(C)C1=C(N)C(=CC=C1)C(C)C,,10920,-66.2191362,-14.79344669,0.01996301692052951,0.08555527687017922,-0.029767353151340926
"2,6-dimethyl-1,3-dioxan-4-ol-acetate",828-00-2,C(C)(=O)OC1OC(OC(C1)C)C,,6790,-60.11871416,42.69514748,0.09513112049061193,-0.06317152160137281,0.08699850784163338
"2,6-dimethyl-4-heptanol",108-80-7,CC(C)CC(CC(C)C)O,,9720,-181.5826305,-138.9950638,0.08576999020064288,0.07722944240465664,-0.1611935988684458
"2,6-dimethyl-heptane",1072-05-5,CC(C)CCCC(C)C,,9904,273.2986054,58.2957121,-0.2650689123482506,0.03164874328871164,-0.03281923710271868
"2,6-dimethylmorpholine",141-91-3,CC1CNCC(O1)C,,13939,-441.4500572,87.98894933,0.23374909269592734,-0.20618494239716412,-0.11863981578078796
"2,6-dimethylpiperidine",504-03-0,CC1NC(CCC1)C,,13771,-579.5787715,146.4845262,0.19753285183610775,-0.28261144449364684,-0.1995962296126139
"2,7-dimethyloctane",1072-16-8,CC(C)CCCCC(C)C,,9982,272.9148987,58.05582345,-0.2657780255613174,0.0316355495763148,-0.03295063618934936
2-(2-aminoethoxy)ethanol,929-06-6,NCCOCCO,,44528,-453.7279108,-23.19264876,0.25767045395645694,-0.07803044146170035,0.06335782582179464
2-(2-butoxyethoxy)ethanolacetate,124-17-4,CCCCOCCOCCOC(C)=O,,25183,-286.2071886,88.52980624,0.025534318400023227,-0.09576549031593654,-0.01709674702562346
2-(2-methoxyethoxy)ethanol,111-77-3,COCCOCCO,,33931,-236.1592115,-91.12176527,0.18020301329904886,-0.1648414157176742,0.036586031989831846
2-(2-ethoxyethoxy)-ethanolacetate,112-15-2,CCOCCOCCOC(C)=O,,29021,-222.4925079,73.44351072,0.0676165750025786,-0.10395989971339381,0.01334096551762313
2-(2-propoxyethoxy)ethanol,6881-94-3,C(CC)OCCOCCO,,26106,-230.7613921,-56.1836466,0.13817125101284267,-0.16623178419098897,-0.01648407512274657
2-(diethylamino)-ethanol,100-37-8,C(C)N(CCO)CC,,26812,-463.2108978,-39.93618867,0.10762086364787651,-0.1678632575170786,-0.06541371289082487
2-(bis(1-methylethyl)amino)ethanol,96-80-0,CC(C)N(CCO)C(C)C,,10450,-306.0935081,-39.92925095,0.08377296962935427,-0.17292612917427938,-0.07418065238617963
2-(dimethylamino)-ethanol,108-01-0,CN(CCO)C,,31066,-322.7737956,-56.16322965,0.15000409075091828,-0.1469457755004447,-0.03720431251080493
2-(dimethylamino)ethyl-2-methyl-2-propenoate,2867-47-2,CN(CCOC(C(=C)C)=O)C,,2587,-300.5315627,99.53689102,0.11147760183264692,-0.1584614940874599,-0.05115442502845953
2-(ethylamino)ethanol,110-73-6,C(C)NCCO,,27136,-379.60778,-91.58753915,0.16357116986895806,-0.12331960237626285,-0.016777599650888923
2-(methylamino)-ethanol,109-83-1,CNCCO,,31931,-387.1211024,-94.02514655,0.19151533913894558,-0.09907093350558603,0.01590102145781739
2-(ethylthio)-ethanol,110-77-0,C(C)SCCO,,29938,-187.0623867,-171.3803741,0.1643394897194287,-0.08384890062154322,0.026557635897320016
2-(ethylthio)-2-methylpropane,14920-92-7,C(C)SC(C)(C)C,,29898,32.99443227,65.66416047,-0.07564241006264312,-0.04480242353370143,-0.01372278436717689
2-(n-morpholino)-2'-hydroxydiethylether,3603-45-0,O1CCN(CC1)CCOCCO,,51220,-331.9303402,-22.73853651,0.1683110733078016,-0.16417172001343028,0.013891082663802127
2-2-(2-butoxyethoxy)ethoxyethanol,143-22-6,CCCCOCCOCCOCCO,,25185,-367.4184486,-31.80736313,0.09821196086751154,-0.1428027699400888,-0.026950713652375998
2-2-(2-methoxyethoxy)ethoxyethanol,112-35-6,COCCOCCOCCO,,33938,-225.6959981,-62.59292732,0.15421221658858478,-0.14494323132214865,0.024356080698722256
2-2-(2-ethoxyethoxy)ethoxyethanol,112-50-5,CCOCCOCCOCCO,,29027,-236.7192753,-46.72270961,0.15239164696963337,-0.16346515381799737,0.009630372287877716
2-2-(hexyloxy)ethoxyethanol,112-59-4,CCCCCCOCCOCCO,,23930,-234.1712709,-46.52155429,0.07952490144285206,-0.15600514098772467,-0.062949959567751
2-allylphenol,1745-81-9,C(C=C)C1=C(C=CC=C1)O,,5000,21.03135058,-389.7797461,0.01247558498451026,-0.012883620269171286,0.046574151665767116
2-amino-1-butanol,96-20-8,NC(CO)CC,,15880,-414.2423815,-66.68075823,0.19063130145004253,-0.1049259343916466,0.008329402080333698
"2-bromo-2-chloro-1,1,1-trifluoroethane",151-67-7,BrC(C(F)(F)F)Cl,,41961,212.6192714,-197.3502495,0.039111428010941904,0.29117078791995615,0.0018910972837644022
2-bromo-2-methylpropane,507-19-7,BrC(C)(C)C,,7679,199.4601991,27.41020369,-0.13296036359775118,0.02060478584498428,0.03472493844367471
2-bromobutane,78-76-2,BrC(C)CC,,14947,208.0383414,25.44117032,-0.14332756609073272,0.024531035208901573,0.027135119699146813
2-bromoethanol,540-51-2,BrCCO,,51065,-135.9314717,-256.7939066,0.22860200864309455,0.09104537563510676,0.031114101888526424
2-bromopentane,107-81-3,BrC(C)CCC,,17200,212.6717308,29.46227649,-0.15829617652084016,0.02359125336848274,0.01840331554512568
2-butanethiol,513-53-1,CC(CC)S,,15401,88.75260178,20.18849191,-0.09736513278963037,0.005378215054676483,0.015692773420845095
2-bromopyridine,109-04-6,BrC1=NC=CC=C1,,286,-139.0396651,24.0434033,0.11701868768622262,-0.06992462707386876,-0.0016358664447261395
2-butanoneoxime,96-29-7,CC(CC)=NO,,12026,-137.243902,-288.1839169,0.2148792897700917,0.2312819858644018,-0.11997381155876874
2-butoxyethanol,111-76-2,C(CCC)OCCO,,25157,-218.4047515,-115.5957371,0.14084518527828044,-0.014705592466753528,-0.09099473402284913
2-bromothiophene,1003-09-4,BrC=1SC=CC1,,289,219.3908462,-29.06728674,-0.11957056582538651,0.0643441056783851,0.043143181080891296
2-butoxyethanolacetate,112-07-2,CCCCOCCOC(C)=O,,25167,-104.5184441,64.07848861,0.04538269819971947,-0.09098677434699917,-0.0029666687947486844
2-butylbenzene,135-98-8,C(CCC)C1=CC=CC=C1,,25673,223.3471643,32.54505525,-0.16271743518294063,0.026207030253383296,0.014920984596593561
2-butylphenol,3180-09-04 00:00:00,C(CCC)C1=C(C=CC=C1)O,,25680,53.28222722,-424.3140117,0.23298703017194622,0.4586789848773931,-0.08274154838861239
2-butyn-1-ol,764-01-2,C(C#CC)O,,5702,-155.3565314,-241.9648626,0.25622035580766406,0.19191603355779518,-0.012597730891508594
2-chloro-2-fluoropropane,420-44-0,ClC(C)(C)F,,8457,203.7073057,12.16985721,-0.09065121303449661,0.039879931656530324,0.0638666235016947
2-chloro-2-propenenitrile,920-37-6,ClC(C#N)=C,,3129,43.82259488,-44.95589305,0.08020914879035794,0.049956399330828315,0.0992952884144738
2-chloro-2-methylbutane,594-36-5,ClC(C)(CC)C,,14722,207.762506,35.53131926,-0.1570808697576247,0.01974185833341407,0.019105741615830955
2-chloroaniline,95-51-2,ClC1=C(N)C=CC=C1,,45197,-23.43303051,-84.93757655,0.15018626637966023,0.17806148649889247,-0.01553870695044506
2-chloroethanol,107-07-3,ClCCO,,51181,-143.4688422,-247.0608306,0.24476834810276074,0.09761803076463833,0.03481539290861692
2-chloroanisole,766-51-8,ClC1=C(C=CC=C1)OC,,36185,123.8513346,10.7876837,-0.047884021715417745,0.028358384793189157,0.05711974272146753
2-chlorobutane,78-86-4,ClC(C)CC,,15291,208.2450746,29.46058635,-0.14288307175673162,0.023621211611701123,0.02740961563903395
2-chloroethylethylether,628-34-2,ClCCOCC,,28982,-107.8266478,49.56922633,0.04230254980731605,-0.07054162272783868,0.0025982051753623957
2-chloropropionicacid,598-87-7,ClC(C(=O)O)C,,11316,-19.43068744,-476.2488398,0.35768020560384606,0.5210516716945597,-0.09923307187429395
2-chloropentane,625-29-6,ClC(C)CCC,,17329,212.6073241,32.7863049,-0.15773916304937352,0.022695119391592758,0.01772577919535058
2-chloropyridine,109-09-1,ClC1=NC=CC=C1,,41557,-163.6359358,31.1343013,0.11424584330852337,-0.06188919530157508,0.008278670841618284
2-chlorothiophene,96-43-5,ClC=1SC=CC1,,41562,221.3185002,-26.30661609,-0.12005193813836237,0.0653672901635821,0.04201496196034402
2-cyclohexen-1-one,930-68-7,C1(C=CCCC1)=O,,48063,-175.3563655,61.9016083,0.17315025419323354,-0.13029598214688784,0.08852203796496971
2-decenal,3913-71-1,C(C=CCCCCCCC)=O,,20300,-117.8437476,74.95671868,0.029875788164358996,-0.09627341236674956,-0.023222163301814713
2-cyclopentylcyclopentanone,4884-24-6,C1(CCCC1)C1C(CCC1)=O,,48183,-110.3813942,80.13695477,0.03710354752334103,-0.11768621279929975,-0.025486783746248725
2-dimethylaminoacetonitrile,926-64-7,CN(CC#N)C,,30995,-182.1525554,21.8205796,0.1896727231955151,-0.060772420390823624,0.12942790069807178
2-ethoxyaniline,94-70-2,C(C)OC1=C(N)C=CC=C1,,29764,-130.6562787,-28.36091324,0.15777355818260158,0.05404986763055147,-0.014702957692944333
"2-ethenyl-1,3,5-trimethylbenzene",769-25-5,C(=C)C1=C(C=C(C=C1C)C)C,,5444,219.6244871,30.13158939,-0.15252501661173148,0.02454919466595873,0.02538730106988506
2-ethoxyethanolacetate,111-15-9,CCOCCOC(C)=O,,29006,-107.285724,56.47664206,0.09042443776821829,-0.09895456672404937,0.03545181675304503
2-ethoxyethylacrylate,106-74-1,C(C)OCCOC(C=C)=O,,3705,-105.7409051,53.86702647,0.06153164830141073,-0.08466010341129981,0.014939198505256391
"2-ethyl-1,3-hexanediol",94-96-2,C(C)C(CO)C(CCC)O,,17653,-232.3817984,-170.9067185,0.15052090762035397,0.05250626988618856,-0.12634404739949895
2-ethyl-1-butanol,97-95-0,C(C)C(CO)CC,,15663,-183.1397384,-175.8617183,0.13199955833035,0.09943902885437493,-0.14622276861338987
"2-ethyl-1,3-dimethylbenzene",2870-04-04 00:00:00,C(C)C1=C(C=CC=C1C)C,,30191,213.6602572,34.37154248,-0.1463803465488978,0.019339311987259362,0.028025335340355798
2-ethyl-1-butene,760-21-4,C(C)C(=C)CC,,3036,199.1926755,56.25418523,-0.19571583439774998,0.015414152543782407,-0.007254396243084681
"2-ethyl-1,4-dimethylbenzene",1758-88-9,C(C)C1=C(C=CC(=C1)C)C,,30298,217.0814065,36.09215262,-0.15903938178254282,0.018455904333766926,0.01962487396491416
2-ethyl-hexanal,123-05-7,C(C)C(C=O)CCCC,,18498,-63.19300542,75.95227689,0.018705137388694122,-0.10179445572608331,-0.01899736837816567
2-ethyl-hexanoicacid,149-57-5,C(C)C(C(=O)O)CCCC,,25527,-69.28666531,-351.6203522,0.18207473594451667,0.29770731060258526,-0.177348864992583
2-ethylbenzeneamine,578-54-1,C(C)C1=C(C=CC=C1)N,,30676,-95.77085572,-41.50746086,0.14568800406406685,0.09065227524097542,-0.014673015645183606
2-ethylbutyraldehyde,97-96-1,C(C)C(C=O)CC,,15478,-69.37916413,71.53023663,0.04572342811102394,-0.09692347704615173,0.01828155681270342
2-ethylbutyricacid,88-09-5,C(C)C(C(=O)O)CC,,15583,-77.11456074,-354.3891131,0.21287038811796508,0.3120228990984076,-0.16293040712945053
2-ethylhexylamine,104-75-6,C(C)C(CN)CCCC,,18591,-560.063296,123.6815893,0.24331685328107455,-0.282293468009137,-0.19992385876531077
2-ethylhexanethiol,7341-17-5,C(C)C(CS)CCCC,,18637,119.0298779,27.18134367,-0.1408116686595527,0.007005526218166531,-0.006518296572756655
2-ethylpyridine,100-71-0,C(C)C1=NC=CC=C1,,30690,-347.3642563,94.07086646,0.16085559439686153,-0.17294852058441204,-0.08063040674327544
2-ethylstyrene,7564-63-8,C(C)C1=C(C=C)C=CC=C1,,5565,216.2333417,21.90520294,-0.13382536972739129,0.03228833248378175,0.036904211607368745
2-fluoroanisole,321-28-8,FC1=C(C=CC=C1)OC,,36186,103.9758946,13.54483023,-0.02695902975724993,0.02274862942344807,0.06549002974556987
2-fluorobenzaldehyde,446-52-6,FC1=C(C=O)C=CC=C1,,49070,-43.60258383,23.55127452,0.061724280595218846,-0.01970478375704768,0.07239529398331464
2-fluoroethanol,371-62-0,FCCO,,51182,-161.9110568,-233.7991992,0.2966695061263553,0.153455784169089,0.06671520008849298
2-fluorotoluene,95-52-3,FC1=C(C)C=CC=C1,,40000,217.7322797,13.82730328,-0.11654388995364064,0.042406910049108536,0.046408995688890446
2-heptanone,110-43-0,CC(CCCCC)=O,,19361,-135.6405118,77.19147103,0.07548255762811343,-0.11428543957023476,-0.004037777193113087
2-hexanone,591-78-6,CC(CCCC)=O,,18409,-136.8706039,72.82747553,0.09633386553801332,-0.11510080763249789,0.016233621855110535
2-hexanethiol,1679-06-7,CC(CCCC)S,,18489,94.51675125,29.7820549,-0.12466156818126851,0.0028947625114385924,-0.002374493808164595
2-hexyloxyethanol,112-25-4,C(CCCCC)OCCO,,23924,-205.2399631,-77.59895646,0.0992072726042409,-0.03527989101130331,-0.09885635608321915
2-hydroxy-2-methylpropanenitrile,75-86-5,OC(C#N)(C)C,,8497,-76.57830137,-335.9893804,0.3214196487452717,0.31855453806958905,0.018596903497675607
2-hexyne,764-35-2,CC#CCCC,,5679,180.1850614,37.97246109,-0.1246703959563253,0.0105732133610354,0.026136208088299574
2-hydroxy-benzoicacidmethylester,119-36-8,COC(=O)c1ccccc1O,,33154,36.21895874,19.93930689,0.0007344608458282512,-0.011114663327848858,0.046915332626897406
2-hydroxy-propanoicacid-methylester,547-64-8,COC(C(C)O)=O,,32294,-161.2168157,-133.3588676,0.1842401712358676,-0.009382818476266425,0.049166779135328686
2-hydroxypropanenitrile,78-97-7,OC(C#N)C,,11637,-79.5834396,-356.8503975,0.38796562208182406,0.3880818803229123,0.06228594395172731
2-iodopropane,75-30-9,IC(C)C,,10422,205.7091362,17.55722231,-0.13849407016986787,0.026079759646325005,0.03345516889937433
2-isopropoxyethanol,109-59-1,C(C)(C)OCCO,,10667,-251.1338577,-114.486021,0.15481195992447921,-0.03370982346087981,-0.05795547187307535
2-isopropyl-6-methylphenol,3228-04-04 00:00:00,C(C)(C)C1=C(C(=CC=C1)C)O,,39603,64.96439369,-372.8131489,0.1616460560412242,0.3328242525545175,-0.06792052644188924
2-methoxy-4-(1-propenyl)phenol,97-54-1,COC1=C(C=CC(=C1)C=CC)O,,1655,16.65218294,-289.2782251,0.12843357369617295,0.2152571608208082,-0.039709004401286184
2-methoxyethanamine,109-85-3,COCCN,,33872,-588.1397723,104.4225152,0.3721249147114038,-0.2669972230041339,-0.005551352039796489
2-methoxythiophene,16839-97-7,COC=1SC=CC1,,36218,159.3375522,-1.783223883,-0.04354231609441777,0.03508063610436426,0.07672625544645134
"2-methyl-1,3-propanediol",2163-42-0,CC(CO)CO,,11204,-239.1507007,-189.4218011,0.25042897935777064,0.07080416036780915,-0.04590729859536041
2-methyl-1-butanol,137-32-6,CC(CO)CC,,15263,-198.9212438,-164.584682,0.14758414196568867,0.10317896792763376,-0.13556500881557126
"2-methyl-1,5-hexadiene",4049-81-4,CC(=C)CCC=C,,4341,201.8617165,40.26165976,-0.16105229497323964,0.017047000759769868,0.01259023876732213
2-methyl-1-(methylthio)-propane,5008-69-5,CC(CSC)C,,36498,67.90442644,54.70172592,-0.09109958335074904,-0.023999631296965022,0.0020895834082793325
2-methyl-1-heptene,15870-10-7,CC(=C)CCCCC,,2838,213.2802848,54.84990678,-0.21113234810974219,0.01850561648784072,-0.015530625330687919
2-methyl-1-hexene,6094-02-06 00:00:00,CC(=C)CCCC,,2825,207.9850021,54.38172559,-0.205336665802966,0.017841796797643243,-0.013613759551976542
2-methyl-1-nonene,2980-71-4,CC(=C)CCCCCCC,,2840,218.3336494,55.64830547,-0.22163070134791235,0.020174850410518207,-0.02123915519536135
2-methyl-1-octene,4588-18-5,CC(=C)CCCCCC,,2839,215.1919288,55.59017119,-0.21737479073870067,0.01974553916399075,-0.01860047801812865
2-methyl-1-propanamine,78-81-9,CC(CN)C,,10211,-585.8309775,114.1867582,0.29134564421939185,-0.26558311137794754,-0.13706582734884268
2-methyl-1-propanethiol,513-44-0,CC(CS)C,,10355,95.16428373,14.00696661,-0.09392278156012097,0.010292493101875364,0.02384097147986418
"2-methyl-2,4-pentanediol",107-41-5,CC(C)(CC(C)O)O,,36708,-272.1609849,-141.962491,0.20653685432029054,0.022090323993453672,-0.09894649517620813
2-methyl-1-phenyl-1-propanone,611-70-1,CC(C(=O)C1=CC=CC=C1)C,,9076,-51.70174728,47.25103449,0.03474837007203569,-0.060418963126388954,0.018042202584809815
"2-methyl-2,4-hexadiene",28823-41-8,CC(C)=CC=CC,,1451,213.1414526,39.92441872,-0.15261024173471294,0.0187299556546174,0.023488955456474128
2-methyl-2-(methylthio)-propane,6163-64-0,CC(C)(C)SC,,36451,40.67580733,58.0945269,-0.06465793168817446,-0.04330736530042052,-0.002085326534698673
2-methyl-2-butanamine,594-39-8,CC(C)(CC)N,,14725,-595.2446836,128.478043,0.19018990084935844,-0.218320020379089,-0.14734771650782014
2-methyl-2-heptanol,625-25-2,CC(C)(CCCCC)O,,19323,-204.6145456,-124.3086917,0.10304174505954468,0.05140045396639197,-0.1589880726717837
2-methyl-2-heptene,627-97-4,CC(C)=CCCCC,,19116,226.4740519,55.1695295,-0.223434750946327,0.021627508983980887,-0.020536533155979017
2-methyl-2-hexene,2738-19-4,CC(C)=CCCC,,18047,220.5625635,54.48062705,-0.22018747783685874,0.022860855339186508,-0.015121425645364788
2-methyl-2-propenenitrile,126-98-7,CC(C#N)=C,,2497,-37.48708689,23.45996348,0.1192934614772525,-0.03129258596527742,0.15188419077396983
2-methyl-3-pentanol,565-67-3,CC(C)C(CC)O,,15950,-189.684783,-145.5478289,0.12109340896157626,0.08449615394123788,-0.14659256773592264
2-methyl-2-propenoicacidbutylester,98-88-1,CC(C(=O)OCCCC)=C,,2566,-55.14318348,71.67306753,-0.017912683340314657,-0.07211001556829136,-0.01550619472189789
2-methyl-2-pentene,625-27-4,CC(C)=CCC,,16725,219.0346527,53.38293787,-0.20310928078098717,0.019120112583340104,-0.010100337722888673
2-methyl-2-propenoylchloride,920-46-7,CC(C(=O)Cl)=C,,2507,173.3981644,5.874911095,-0.06952703109493064,0.018846767675183326,0.055387508994943664
2-methyl-3-butene-2-ol,115-18-4,CC(C)(C=C)O,,3744,-176.6394254,-175.4773488,0.16940704585870864,0.09390244718482146,-0.09340762747300788
2-methyl-3-ethylpentane,609-26-7,CC(C)C(CC)CC,,15603,273.4423605,57.13423639,-0.26655564232817525,0.03219714594674321,-0.03185282595572912
2-methyl-3-heptanol,18720-62-2,CC(C)C(CCCC)O,,18796,-182.8240616,-136.41024,0.09462884529982685,0.06627694172704361,-0.1563901601253301
2-methyl-3-heptene,17618-76-7,CC(C)C=CCCC,,16178,245.4864704,54.03548986,-0.23204935609217067,0.02341895973338167,-0.025694354414858647
2-methyl-3-hexyne,36566-80-0,CC(C)C#CCC,,14143,180.8678267,45.90713881,-0.14339779865859437,0.003765128746597127,0.009717157534771906
2-methyl-benzeneamine,95-53-4,CC1=C(C=CC=C1)N,,40002,-104.9306476,-46.21757575,0.17826760786840412,0.09882100540989669,0.006098941358656525
2-methyl-propanenitrile,78-82-0,CC(C#N)C,,8988,-74.95301393,38.5409465,0.13873481000488253,-0.06608871957960187,0.1538777504357008
2-methyl-pentanal,123-15-9,CC(C=O)CCC,,17261,-71.65780495,70.04400464,0.049596626018209446,-0.09975659884407126,0.01648369185967753
2-methyl-quinoline,91-63-4,CC1=NC2=CC=CC=C2C=C1,,39512,-316.8882785,81.50120473,0.15381144407093253,-0.14710871454827865,-0.060009207554906636
2-methyl-benzoicacidethylester,87-26-1,CC1=C(C(=O)OCC)C=CC=C1,,28489,-22.18094984,52.99577591,-0.030636043853416402,-0.04120773228449385,0.0005878889006470488
2-methyl-nonane,871-83-0,CC(C)CCCCCCC,,20554,273.4670224,58.67795778,-0.2680132875813174,0.031704560358627926,-0.03418837550259313
2-methylaziridine,75-55-8,CC1NC1,,13924,-520.5886672,84.99492694,0.28249191287336667,-0.17616912948801472,-0.052184865101373504
2-methyl-thiazole,3581-87-1,CC=1SC=CN1,,40400,-252.2546142,47.70166705,0.1866943541267825,-0.13658630498871926,-0.020517928713988776
2-methylbenzonitrile,529-19-1,CC1=C(C#N)C=CC=C1,,39926,-28.45059841,27.39638707,0.06818483402156764,-0.030288465798827206,0.08981834164149197
2-methylbenzenemethanamine,89-93-0,CC1=C(C=CC=C1)CN,,39993,-499.1324139,79.36151572,0.2981784861629617,-0.21713518959378875,-0.0700197466667355
2-methylbutanal,96-17-3,CC(C=O)CC,,15096,-73.24473273,65.57130576,0.07234549969682424,-0.09882010919578332,0.04215632498329144
2-methylcyclohexanone,583-60-8,CC1C(CCCC1)=O,,13823,-135.7120676,78.68606692,0.09284264578691998,-0.1324885729927784,0.0061416404158206265
2-methylcyclohexanol,583-59-5,CC1C(CCCC1)O,,36647,-199.1054108,-143.8536345,0.1287713243851876,0.055246448408892,-0.14736656068987156
2-methylbutanoicacid,116-53-0,CC(C(=O)O)CC,,14974,-78.38456404,-358.8268354,0.21937498901391778,0.31808766662265436,-0.14227725894887164
2-methylcyclopentanone,1120-72-5,CC1C(CCC1)=O,,13796,-120.4236999,70.02081838,0.10332722133790302,-0.11561043163649502,0.04488748464956869
2-methyldecane,69-75-98-0,CC(C)CCCCCCCC,,20947,273.219698,58.57794994,-0.2683145556601806,0.03165470567438404,-0.03456864560022669
2-methylheptane,592-27-8,CC(C)CCCCC,,19363,273.8371994,58.71256214,-0.26718921376899546,0.031777408694326215,-0.03420533234819197
2-methylhexane,591-76-4,CC(C)CCCC,,18411,274.3568598,59.00807058,-0.26657114816330707,0.03186997242489442,-0.03411903837462348
2-methyldodecane,1560-97-0,CC(C)CCCCCCCCCC,,21426,272.7869487,58.51170106,-0.2688350186966014,0.03151216879000353,-0.03511382362880311
2-methyloctane,3221-61-2,CC(C)CCCCCC,,20029,273.4960546,58.7157396,-0.2676587665329987,0.03175157282355228,-0.03424369614753023
2-methylpentanedinitrile,4553-62-2,CC(C#N)CCC#N,,7505,-53.64444949,-14.49383775,0.23043176434225918,-0.011326016897289086,0.30553693597069154
2-methylpropanoicacidethylester,97-62-1,CCOC(=O)C(C)C,,27565,-69.97437038,71.53319105,0.022969041338147252,-0.0974031632703006,-0.008158065381030324
2-methylpyridine,109-06-8,CC1=NC=CC=C1,,40092,-368.9728745,90.12424567,0.21807588343792625,-0.1859413681944329,-0.05024902782051504
2-methylpropanoicacidmethylester,547-63-7,COC(=O)C(C)C,,32265,-65.26878422,61.68198743,0.057276993780908836,-0.09351960771381435,0.027349704657251967
2-methylpyrazine,109-08-0,CC1=NC=CN=C1,,40208,-278.5608068,62.86894249,0.20559470849179526,-0.13669988474620248,0.030447472640260206
2-methylthiophene,554-14-3,CC=1SC=CC1,,40104,208.0352042,2.487709211,-0.1017471703288715,0.04106163830843326,0.05540334150207851
2-methyltridecane,1560-96-9,CC(C)CCCCCCCCCCC,,21655,272.4182374,58.10928589,-0.26907981724849617,0.03151128562754377,-0.03497985183249208
2-methylvalericacid,97-61-0,CC(C(=O)O)CCC,,17210,-75.39732757,-356.1405814,0.2044029536551155,0.3078311805828489,-0.15504114702134858
2-methylundecane,7045-71-8,CC(C)CCCCCCCCC,,21228,272.6886401,58.27417703,-0.26874235849631406,0.03159705225637551,-0.03500861068091073
2-nonanone,821-55-6,CC(CCCCCCC)=O,,20552,-127.5406875,80.98132958,0.044221293510031845,-0.11305211685318634,-0.03203991422574911
2-nonanol,628-99-9,CC(CCCCCCC)O,,20580,-191.8562162,-145.384878,0.09580229813609831,0.04566463163443281,-0.16245891728090472
2-octanone,111-13-7,CC(CCCCCC)=O,,20027,-132.4458295,79.21172011,0.05904234226338658,-0.11405127790756883,-0.01939226383567067
2-nonynoicacid,1846-70-4,C(C#CCCCCCC)(=O)O,,19843,-31.69573629,-425.7977621,0.24196127164547285,0.41868633952659784,-0.14647382502596334
2-oxepanone,502-44-3,O1C(CCCCC1)=O,,48291,-156.5217683,51.31651558,0.18919540841771587,-0.12012030214322662,0.13779057967353717
2-octyne,2809-67-8,CC#CCCCCC,,5682,186.2832345,42.27634126,-0.1510596024199829,0.01108484218119863,0.00886905520856315
2-pentanolacetate,626-38-0,CCCC(C)OC(C)=O,,17348,-85.94468909,73.52182616,0.03154101912673494,-0.10232844698236114,-0.015670543686273384
2-pentanethiol,2084-19-7,CC(CCC)S,,26336,90.78887436,26.02849831,-0.11392009328997732,0.0038833286608266687,0.00585190543624794
2-phenylethanol,60-12-8,C1(=CC=CC=C1)CCO,,51255,-168.2662699,-197.9009764,0.1635820267954423,0.0013721824010308834,-0.02301438882930249
2-pipecoline,109-05-7,CC1CCCCN1,,36645,-561.2100533,132.0066866,0.19196533364556942,-0.2550585741164488,-0.1936907907226186
2-propen-1-ol,107-18-6,C(C=C)O,,4676,-176.4878437,-216.4082315,0.24634899193208012,0.15548277770528127,-0.025385797097615886
2-propenenitrile,107-13-1,C(C=C)#N,,3537,-36.81174272,-23.50472667,0.19526439806801707,0.03251272856263815,0.20994848380941306
2-propenoicacid-2-methylpropylester,106-63-8,CC(COC(C=C)=O)C,,3660,-54.27607185,59.99166878,0.005317045771710103,-0.06618386786698026,0.0001096537713777198
2-propenoicacid-2-ethylhexylester,103-11-7,C(C)C(COC(C=C)=O)CCCC,,3667,-34.96213926,67.51399499,-0.06328465428934014,-0.05629178842197986,-0.039338595693921355
2-propenoicacid-2-hydroxyethylester,818-61-1,OCCOC(C=C)=O,,3698,-174.5690507,-189.6942763,0.1745253315217236,-0.1106483042611203,0.06668752504673169
2-propenoicacidethylester,140-88-5,CCOC(=O)C=C,,3657,-44.792082,47.71777501,0.0422559023287447,-0.05898797747883364,0.04069246158221963
2-propenoicacidbutylester,141-32-2,CCCCOC(=O)C=C,,3682,-46.3176263,57.99536587,0.004090075203547369,-0.0638758925599573,0.0018169977471810762
2-propoxyethanol,2807-30-9,C(CC)OCCO,,26101,-221.0722574,-121.1292377,0.1584732700617044,-0.02276404781331134,-0.06341373111852637
2-propenylesterbutanoicacid,2051-78-7,CCCC(=O)OCC=C,,4713,-41.46264872,55.44471752,0.03538052747997611,-0.05892641216458684,0.037562355160471766
2-propylpiperidine,458-88-8,C(CC)C1NCCCC1,,18018,-533.7907095,142.6874324,0.11605085099242309,-0.22448924324424976,-0.1861865513100997
2-pyridineethanol,103-74-2,N1=C(C=CC=C1)CCO,,51257,-297.505537,-65.08831301,0.16935622499230554,-0.13329900959856927,0.012438003681546534
2-pyridinecarboxaldehyde,1121-60-4,N1=C(C=CC=C1)C=O,,49075,-221.0268569,41.2428973,0.19369970994393237,-0.08538625499262197,0.06922570929862618
2-tert-butylpyridine,5944-41-2,C(C)(C)(C)C1=NC=CC=C1,,8343,-200.0036555,81.49623119,0.06719647181292436,-0.12305190389940465,-0.07719637246537626
2-thiophenemethanol,636-72-6,S1C(=CC=C1)CO,,51335,-146.1711717,-229.2429119,0.21561923312392245,0.19401308393607003,-0.06092775515978391
2-vinyltoluene,611-15-4,C(=C)C1=C(C)C=CC=C1,,5561,211.1222442,18.15324742,-0.1142351549678435,0.03223121339562461,0.05038981989588435
2-vinylpyridine,100-69-6,C(=C)C1=NC=CC=C1,,5576,-252.4392912,64.66368784,0.0835863788878036,-0.05980942561181758,0.007847950944034923
2-undecanol,1653-30-1,CC(CCCCCCCCC)O,,21254,-185.5243949,-139.1245626,0.07888525808956152,0.04803364272877687,-0.16931206705332316
2-vinylfuran,1487-18-9,C(=C)C=1OC=CC1,,5578,204.8055575,-21.465056,-0.0696314148115411,0.060030999997499224,0.06693554212971754
"3,3'-iminodipropylamine",56-18-8,NCCCNCCCN,,44488,-610.7729045,98.19865166,0.30333718593593156,-0.2732430342118877,-0.1473708421841974
"3,3'-iminodipropionitrile",111-94-4,N(CCC#N)CCC#N,,43578,-180.4854022,-16.52496481,0.2980238461355713,-0.035716749774546856,0.2743180373170756
"3,3'-oxybis-propanenitrile",1656-48-0,O(CCC#N)CCC#N,,43590,-55.79141918,-32.01560205,0.2709115276655233,0.042501283558638976,0.31469702149462875
"3,3,3-trichloro-1-propene",2233-00-3,ClC(C=C)(Cl)Cl,,3883,232.5335313,-13.92439192,-0.16118952446483792,0.05461583959719415,0.020954208948515577
"3,3-diethylpentane",1067-20-5,C(C)C(CC)(CC)CC,,15547,273.9476754,57.82194791,-0.26304733917214496,0.03188507908015733,-0.02872413192176684
"3,3-dimethyl-1-pentene",3404-73-7,CC(C=C)(CC)C,,3738,241.4279609,50.57499266,-0.21327790219216,0.021210337648268542,-0.016506524462485843
"3,3-dimethylhexane",563-16-6,CC(CC)(CCC)C,,17090,273.1747349,57.90370227,-0.262095148030802,0.031757314449654135,-0.02938694608580791
"3,3-dimethylpentane",562-49-2,CC(CC)(CC)C,,14679,273.5976556,57.81589533,-0.2599602184585606,0.031707402344261275,-0.028252411072889734
"3,4-dichloro-1-butene",760-23-6,ClC(C=C)CCl,,3886,197.4675336,-25.49349566,-0.04868305737112244,0.06609593578395942,0.07810132413518488
"3,4,4-trimethyl-3-pentanol",7294-05-05 00:00:00,CC(CC)(C(C)(C)C)O,,30056,-182.39215,-123.7570309,0.08827399442472443,0.06496309923515424,-0.14990108456281817
"3,4-dichlorotoluene",95-75-0,ClC=1C=C(C)C=CC1Cl,,38823,228.776283,3.526081046,-0.15327355109540314,0.0481168539984119,0.026293154195733442
"3,4-dihydro-2h-1-benzopyran",493-08-3,O1CCCC2=C1C=CC=C2,,52807,46.51557131,39.66725919,-0.03233494340027808,-0.022727588951540267,0.03300975327954137
"3,4-dimethylchlorobenzene",615-60-1,CC=1C=C(C=CC1C)Cl,,38830,224.273835,16.90199857,-0.1447235508354417,0.03986545568726642,0.033604638536027485
"3,4-dimethylpyridine",583-58-4,CC=1C=NC=CC1C,,40132,-391.5035413,101.6571038,0.21143169419667213,-0.20109905562569869,-0.045834714961588724
"3,5,5-trimethylhexanal",5435-64-3,CC(CC=O)CC(C)(C)C,,11071,-60.48190752,69.19267667,0.010976532511397364,-0.0878678517451952,-0.015751946686305012
"3,4-hexanedione",4437-51-8,CCC(C(CC)=O)=O,,14225,4.303904934,40.12731765,0.0567346453195514,-0.038662875267555435,0.08358538232285437
"3,5-dimethylpyridine",591-22-0,CC=1C=NC=C(C1)C,,40204,-380.9451514,103.6310195,0.18564336060667141,-0.19438976009105044,-0.04980841578751437
"3,6-dioxaoctane",629-14-1,CCOCCOCC,,29009,-212.126401,96.18882834,0.04601343557567372,-0.12848844977844143,-0.04393173173388873
"3,6-dimethyl-3-octanol",151-19-9,CC(CC)(CCC(CC)C)O,,15159,-198.7498318,-126.3217944,0.08938865181407453,0.042137434425034544,-0.16425768083268635
3-(dimethylamino)-1-propanol,3179-63-3,CN(CCCO)C,,31045,-362.2072419,7.392513422,0.1467966564070256,-0.20559901496074118,-0.05769393180620281
3-(methylthio)-propanal,3268-49-3,CSCCC=O,,36519,-38.49280966,22.61617031,0.1287363033787088,-0.02911485621598126,0.14211298274340783
3-bromopropene,106-95-6,BrCC=C,,4053,196.969338,-11.10029798,-0.05864842575422742,0.05382450359869437,0.08086851466084481
3-bromopentane,1809-10-5,BrC(CC)CC,,14538,215.7432961,30.80557318,-0.18781886017139343,0.02084830615240486,-0.007619115330673404
3-bromopyridine,626-55-1,BrC=1C=NC=CC1,,287,-246.9004561,41.77464453,0.14784462032700904,-0.11234944815555711,-0.026006099043567148
3-bromotoluene,591-17-3,BrC=1C=C(C)C=CC1,,39572,222.3691489,8.525170511,-0.13762093709603354,0.04276106222185273,0.03690796347862223
3-butenenitrile,109-75-1,C(CC=C)#N,,4079,-44.61609762,-14.44463922,0.18511759708691222,0.011573069677285162,0.1988754944337402
3-butenoicacid,625-38-7,C(CC=C)(=O)O,,4096,-69.43319465,-391.9348029,0.3216653414950163,0.38990696482856607,-0.056222039770278114
3-butenylbenzene,768-56-9,C(=CCC)C=1C=CC=CC1,,12230,207.8055788,23.81897969,-0.12297303996444386,0.03297001630067452,0.042959644494427636
3-butyn-1-ol,927-74-2,C(CC#C)O,,666,-146.6278471,-241.6278814,0.24467440574509056,0.09805365644505534,0.04532947957486161
3-butyn-2-ol,2028-63-9,CC(C#C)O,,463,-113.8205589,-281.9725417,0.27205124891804433,0.27088824166127945,-0.03235182186749573
"3-chloro-1,2-propanediol",96-24-2,ClCC(CO)O,,50970,-142.9321246,-263.344689,0.27294994802233663,0.09934121523185989,0.06483463606321174
3-chloro-1-propanol,627-30-5,ClCCCO,,51155,-151.7168465,-231.3762394,0.24235886631068124,0.19101814477337634,-0.04524777632116431
3-chloro-2-methyl-1-propene,563-47-3,ClCC(=C)C,,2857,204.5971138,6.372109638,-0.09225821613026687,0.04352126497670766,0.062074438212760444
3-chloro-2-(chloromethyl)-1-propene,1871-57-4,ClCC(=C)CCl,,3117,198.9849948,-20.31619721,-0.0573903417007078,0.06263290054774542,0.07845398954147186
3-chlorobenzeneamine,108-42-9,ClC=1C=C(C=CC1)N,,45138,-38.27319202,-91.65666001,0.18245295664559064,0.1886039754211434,-0.012350410007933566
3-chloropropanenitrile,542-76-7,ClCCC#N,,43564,-20.54724271,-48.93302023,0.19500332157589562,0.07379045214359035,0.18877740358863818
3-chloropentane,616-20-6,ClC(CC)CC,,15820,216.5247793,34.57978149,-0.1642511365781878,0.02376439117511636,0.014670974140413169
3-chlorophenylisocyanate,2909-38-8,ClC=1C=C(C=CC1)N=C=O,,48798,204.9477467,-20.43391314,-0.08405652124030945,0.06762314965463563,0.052905213546444826
3-chlorotoluene,108-41-8,ClC=1C=C(C)C=CC1,,39671,222.6742629,10.7308964,-0.13649155450831524,0.04333903309117077,0.03756074661549719
3-chloropropanoylchloride,625-36-5,ClCCC(=O)Cl,,45858,180.4010887,-65.38686515,-0.0009060439978874906,0.07930793783680144,0.09831628517688956
3-cyclohexene-1-carboxaldehyde,100-50-5,C1(CC=CCC1)C=O,,48858,-55.42857973,53.25121327,0.0695482534340224,-0.06885934262761541,0.06344367088445108
3-dimethylaminopropylamine,109-55-7,CN(CCCN)C,,31026,-620.900013,123.2499637,0.31801995583330694,-0.33754736456976786,-0.1706404995863696
"3-ethenyl-7-oxabicyclo[4,1,0]heptane",106-86-5,C(=C)C1CC2OC2CC1,,4018,-93.46338784,70.1008157,0.02878988482567202,-0.08670556079017361,0.004291883456168006
3-ethyl-1-heptanol,3525-25-5,C(C)C(CCO)CCCC,,18589,-190.0087863,-164.6685527,0.09821357256821449,0.07139531032666382,-0.16033865333850741
3-ethyl-1-pentene,4038-04-04 00:00:00,C(C)C(C=C)CC,,3864,252.137871,51.04500237,-0.2279356151790195,0.02769185495603445,-0.020759471477867157
3-ethyl-1-pentyn-3-ol,6285-06-09 00:00:00,C(C)C(C#C)(CC)O,,484,-95.20691547,-240.5036788,0.15213889103335082,0.20014494438210084,-0.09564240503877934
"3-ethyl-2,2-dimethyl-pentane",16747-32-3,C(C)C(C(C)(C)C)CC,,15595,272.7683387,57.19269924,-0.2608746406991395,0.032217164668800376,-0.028997592544789997
"3-ethyl-2,4-dimethylpentane",1068-87-7,C(C)C(C(C)C)C(C)C,,14588,273.5296177,57.90895055,-0.26380364170462434,0.031961413108186766,-0.030033465321688872
3-ethyl-2-methyl-1-pentene,19780-66-6,C(C)C(C(=C)C)CC,,2651,243.1852773,53.01351511,-0.22425905105296567,0.024426368655275928,-0.017458813375496252
3-ethyl-3-methylpentane,1067-08-9,C(C)C(CC)(CC)C,,14799,273.7318365,57.8266952,-0.2612275053687105,0.03192199620658831,-0.027955958300526235
3-ethyl-3-pentanol,597-49-9,C(C)C(CC)(CC)O,,15915,-210.1417926,-123.5573535,0.11053145262602924,0.0640746939417068,-0.15093674041786492
3-ethylheptane,15869-80-4,C(C)C(CC)CCCC,,18565,273.9680581,58.30560208,-0.2656873028115689,0.032731189649615515,-0.03175198611801098
3-ethylpyridine,536-78-7,C(C)C=1C=NC=CC1,,30691,-369.7210904,96.65199647,0.18684206522982785,-0.18644406565764807,-0.05756397582715796
3-ethylpentane,617-78-7,C(C)C(CC)CC,,15623,274.6465875,58.03575735,-0.26181732741452707,0.03313644680823519,-0.028837101511210505
3-ethylthiophene,1795-01-3,C(C)C1=CSC=C1,,30706,214.8699527,0.250521944,-0.12172391320075124,0.04295048731908469,0.03982632742552495
3-ethylstyrene,7525-62-4,C(C)C=1C=C(C=C)C=CC1,,5545,215.2813643,21.21763313,-0.12228108368894652,0.03310827193988252,0.04392685339724356
3-fluorobenzonitrile,403-54-3,FC=1C=C(C#N)C=CC1,,43850,0.145735114,-18.69314878,0.0852213319364958,0.013091335410208394,0.10248806609200324
3-fluorotoluene,352-70-5,FC=1C=C(C)C=CC1,,39679,217.5822126,11.43270808,-0.11906353272480383,0.04285922166621122,0.045885989419036544
3-heptanone,106-35-4,CCC(CCCC)=O,,18147,-120.484009,78.61881119,0.04847161592495925,-0.1102525645549216,-0.02003319267411577
3-hexanone,589-38-8,CCC(CCC)=O,,16808,-127.0612094,76.51859255,0.07560869839823098,-0.10826512204830577,0.009862932456395
3-heptyne,2586-89-2,CCC#CCCC,,14153,188.7841331,43.71828326,-0.14608395632363316,0.006494334928916553,0.00991361112520216
3-hexyne,928-49-4,CCC#CCC,,14145,172.6072003,42.30193587,-0.12252964407776479,0.0035564319568444744,0.025253739657746677
3-methoxy-1-propanamine,5332-73-0,COCCCN,,33850,-609.2352639,112.9365867,0.342629437940724,-0.3157385720341208,-0.11681872190443557
3-methoxy-1-butanol,2517-43-3,COC(CCO)C,,34245,-258.9155934,-96.27925662,0.1566426241071549,-0.18115162641070848,-0.0121291138243101
3-methoxy-2-methyl-1-propene,22418-49-1,COCC(=C)C,,2878,-122.1857041,78.79346537,0.029637190055421096,-0.10639057409091295,-0.03058221347585987
3-methoxyaniline,536-90-3,COC=1C=C(N)C=CC1,,36063,-109.4100475,-52.53980217,0.20933045621161825,0.12437556104078154,0.036980654442486244
3-methoxyphenol,150-19-6,COC=1C=C(C=CC1)O,,36075,-6.129573002,-417.7609631,0.29847908358680236,0.42487006583615444,-0.06376463600423493
3-methoxypropanenitrile,110-67-8,COCCC#N,,33783,-73.58991849,-1.517125009,0.21379377181143466,-0.022591956406060716,0.22852727555510066
3-methyl-1-butanethiol,541-31-1,CC(CCS)C,,10177,87.67630743,16.73502138,-0.10633079070926096,0.006702623068067593,0.012933438243529298
3-methyl-2-buten-1-ol,556-82-1,CC(=CCO)C,,8929,-218.354303,-150.5375978,0.17650439014680555,0.06394234411213565,-0.09724459101414176
3-methyl-2-butenal,107-86-8,CC(=CC=O)C,,8806,-161.1377026,59.56714763,0.11471578499166551,-0.11433839211322436,0.04171853670450264
3-methyl-2-butanamine,598-74-3,CC(C(C)N)C,,9209,-594.9442964,125.9980906,0.1717005897992195,-0.19995304351365778,-0.13723952415363605
3-methyl-3-buten-2-one,814-78-8,CC(C(C)=O)=C,,2633,-124.3711811,61.0102704,0.12209716300086133,-0.08905109590656908,0.07187768194835173
3-methyl-2-thiabutane,1551-21-9,CC(SC)C,,36457,44.3077627,54.41532126,-0.05918424304068999,-0.033009051717608,0.01865089987074853
3-methyl-3-pentanol,77-74-7,CC(CC)(CC)O,,14880,-216.1170763,-123.7294816,0.1303065429054571,0.05390763479630705,-0.14097613667754935
3-methylaniline,108-44-1,CC=1C=C(N)C=CC1,,39705,-126.2212716,-49.98617616,0.18948232055668848,0.10840344753211606,0.0031102087313171255
3-methyl-hexane,589-34-4,CC(CC)CCC,,17263,274.8814074,58.76985478,-0.2669039075787199,0.03223817781657819,-0.0334277758710545
3-methyl-cis-2-pentene,922-62-3,CC\C(C)=C/C,,1138,220.3420525,53.16343956,-0.2054252532391832,0.018454233403933196,-0.009659317538186841
3-methyl-n-(3-methylbutyl)-1-butanamine,544-00-3,CC(C)CCNCCC(C)C,,10110,-495.9488805,140.5473782,-0.2320299925950035,0.037123582746049766,-0.019555105517556588
3-methyl-nonane,5911-04-06 00:00:00,CC(CC)CCCCCC,,20056,273.7298436,58.55838647,-0.268370721623273,0.031912913270221825,-0.03455357993511174
3-methylbutanal,590-86-3,CC(CC=O)C,,9777,-75.11582908,58.42617842,0.08092014681015255,-0.08713671544136924,0.05511038485927624
3-methylanisole,100-84-5,CC=1C=C(C=CC1)OC,,36036,74.97177072,33.68454974,-0.04750951921742367,-0.00585303616297429,0.04226448291177397
3-methylbenzonitrile,620-22-4,CC=1C=C(C#N)C=CC1,,39574,-26.29947906,24.95876698,0.06405422678134919,-0.029290520639850888,0.086913812751789
3-methylbutanoicacidethylester,108-64-5,CCOC(=O)CC(C)C,,27966,-56.73619919,69.46439235,0.016540964876398216,-0.09486705200572446,-0.013026817298863572
3-methylbenzoylchloride,1711-06-4,CC=1C=C(C(=O)Cl)C=CC1,,39581,180.8218748,12.31195426,-0.09501226282084664,0.019984315278337446,0.04080592447687427
3-methylbutanenitrile,625-28-5,CC(CC#N)C,,9490,-72.25061078,37.11336739,0.10521846904995776,-0.05884286733043141,0.10285177749630355
3-methylcyclohexanol,591-23-1,CC1CC(CCC1)O,,13790,-202.9575759,-144.221335,0.1410495347906363,0.03803056032652305,-0.14299229835643568
3-methylcyclohexanone,591-24-2,CC1CC(CCC1)=O,,13749,-148.3898529,77.93538751,0.10252840383550861,-0.1321497570233906,0.02155148029794662
3-methylheptane,589-81-1,CC(CC)CCCC,,18438,274.4359595,58.76014147,-0.2676833812420367,0.03210374865998984,-0.03360765722948221
3-methylcyclohexene,591-48-0,CC1C=CCCC1,,13422,208.9248893,54.70849563,-0.20634217978384792,0.013137569588020342,-0.01931268341465389
3-methylstyrene,100-80-1,CC=1C=C(C=C)C=CC1,,5541,211.4352671,17.32069673,-0.10436489682114827,0.03592782806342516,0.05666940044298827
3-methylpentanoic-acid,105-43-1,CC(CC(=O)O)CC,,15107,-73.82214751,-356.5803117,0.21719560084317982,0.31762760649302624,-0.1472023848734738
3-methyloctane,2216-33-3,CC(CC)CCCCC,,19375,274.1411042,58.69213384,-0.2680926686754551,0.03198797576015623,-0.03408150363494709
3-methylundecane,1002-43-3,CC(CC)CCCCCCCC,,20954,273.2592371,58.49898462,-0.2699340087526287,0.0317894645441874,-0.035841227004545305
3-octanone,106-68-3,CCC(CCCCC)=O,,19197,-118.214573,80.89652732,0.04006164516197421,-0.1071798974298496,-0.021824406491225266
3-nonanone,925-78-0,CCC(CCCCCC)=O,,19881,-113.8478488,82.62482729,0.01904314062301718,-0.10762033703555926,-0.04296600979611626
3-octanol,589-98-0,CCC(CCCCC)O,,19564,-188.6728455,-139.9601425,0.10173161833423716,0.07292197967236316,-0.1649231931111915
"3-oxiranyl-7-oxabicyclo[4,1,0]heptane",106-87-6,O1C(C1)C1CC2OC2CC1,,2062,-107.5324966,57.4262467,0.10062062790406906,-0.09165587354169027,0.07945351534111195
3-octyne,15232-76-5,CCC#CCCCC,,14155,189.2957212,45.78271014,-0.15591539827971723,0.006190304507232361,0.002448099827655019
3-oxobutanoicacidbutylester,591-60-6,CCCCOC(=O)CC(C)=O,,24880,-49.4336008,31.97005724,0.07039479241310706,-0.05928631225084576,0.06095412473051549
3-oxobutanoicacid-2-propenylester,1118-84-9,C(C=C)OC(CC(C)=O)=O,,4708,-34.99746792,14.0976995,0.11461983523683253,-0.030073953575348054,0.12165040537167264
3-phenyl-2-propenal,104-55-2,C1(=CC=CC=C1)C=CC=O,,47905,-118.7805724,31.81264407,0.13493061147014587,-0.03572688639832252,0.09822103158977195
3-pyridinemethanol,100-55-0,N1=CC(=CC=C1)CO,,51333,-266.0002551,-176.3335095,0.2856434094589649,0.08156243168837188,-0.01249795821010927
3-pyridinemethanamine,3731-52-0,N1=CC(=CC=C1)CN,,44564,-485.6660456,61.43485923,0.36061883973068526,-0.1722971505713134,0.048340957284561836
3-pyrroline,109-96-6,N1CC=CC1,,1918,-559.5759711,95.08566198,0.27305474064289287,-0.1932144686668475,-0.06982097224512751
3-thiophenecarboxaldehyde,498-62-4,S1C=C(C=C1)C=O,,49082,-80.9921779,-14.41676145,0.13422770536453715,-0.01693523906524569,0.09070779240631155
"4,4-dimethyl-1-pentene",762-62-9,CC(CC=C)(C)C,,4119,234.9277928,49.68679592,-0.2068489630116875,0.021020695757531144,-0.012271406420174588
"4,4-dimethyl-2-pentanone",590-50-1,CC(CC(C)=O)(C)C,,5984,-121.3559234,75.34715158,0.06851915840132126,-0.11979264008749846,-0.004143965451358303
"4,4-dimethylcyclohexene",14072-86-7,CC1(CC=CCC1)C,,12541,220.4268727,53.46679834,-0.21627499459310753,0.018366579436309465,-0.018827986623684657
4-(1-methylethyl)pyridine,696-30-0,CC(C)C1=CC=NC=C1,,10953,-378.2137464,102.7700716,0.17018921486998445,-0.18605429838880477,-0.06780696328805257
4-(aminomethyl)pyridine,3731-53-1,NCC1=CC=NC=C1,,44566,-455.016824,55.13306389,0.35424483266223455,-0.16698817236768457,0.04817792403600216
4-(tert-butyl)pyridine,3978-81-2,C(C)(C)(C)C1=CC=NC=C1,,8348,-373.126201,104.7548798,0.17255949624472292,-0.19959325328947597,-0.08805788561448259
4-bromopyridine,1120-87-2,BrC1=CC=NC=C1,,290,-288.6780382,47.49485526,0.15722692144310543,-0.11928736606256526,-0.02706153427697544
4-butylmorpholine,1005-67-0,C(CCC)N1CCOCC1,,24738,-334.467432,115.1527622,0.0993824757487462,-0.18938532663895077,-0.10099236212598568
4-chloro-3-oxobutanoicacidethylester,638-07-3,CCOC(=O)CC(=O)CCl,,27932,-0.871981818,-35.17417683,0.05616940659650293,-0.007211060001785209,0.09149638783500842
4-chloroanisole,623-12-1,ClC1=CC=C(C=C1)OC,,35596,110.4995354,9.764703158,-0.05907913767681027,0.02769382071753973,0.046331327946772465
4-chloropyridine,626-61-9,ClC1=CC=NC=C1,,41565,-297.7453472,49.5079933,0.16223809355758673,-0.11831666552984099,-0.02408845452804198
4-decanol,2051-31-2,CCCC(CCCCCC)O,,20269,-181.8940664,-135.7120169,0.07794775260530086,0.06467605003335317,-0.16547130744555297
4-decanone,624-16-8,CCCC(CCCCCC)=O,,19888,-106.4544819,84.72302286,-0.0006024485279436675,-0.10105193621540157,-0.04703004553190843
"4-ethyl-1,2-dimethylbenzene",934-80-5,C(C)C1=CC(=C(C=C1)C)C,,30456,217.8244071,36.66646613,-0.1582885173071553,0.019019037936233826,0.0194697247505783
4-ethyl-2-methoxyphenol,2785-89-9,C(C)C1=CC(=C(C=C1)O)OC,,30510,-7.256285707,-266.317938,0.11190372352841707,0.19275173782321264,-0.06258548702645013
4-ethylaniline,589-16-2,C(C)C1=CC=C(N)C=C1,,30497,-141.9141558,-41.47345918,0.17312970699841465,0.08016691207490599,-0.027599010852997312
4-ethylacetophenone,937-30-4,CCc1ccc(cc1)C(C)=O,,30450,-106.458459,58.77026782,0.06333107367250541,-0.08269323148887751,0.01740372167370106
4-ethylpyridine,536-75-4,C(C)C1=CC=NC=C1,,30703,-380.5601306,99.31875042,0.18874424472351464,-0.18853328906439487,-0.05389664653910067
4-ethylstyrene,3454-07-07 00:00:00,C(C)C1=CC=C(C=C)C=C1,,5487,215.0407774,21.23564682,-0.12118015181597083,0.03319228654655139,0.044121315330360726
4-fluoroacetophenone,403-42-9,CC(=O)c1ccc(F)cc1,,7331,-90.22336714,28.57767407,0.09567994134453521,-0.04885351025784965,0.05330288815369268
4-fluoroanisole,459-60-9,FC1=CC=C(C=C1)OC,,35603,92.28523682,12.01373205,-0.029496540153958167,0.019979951781759334,0.05303765966834279
4-fluorobenzaldehyde,459-57-4,FC1=CC=C(C=O)C=C1,,49028,-58.19621406,13.91386228,0.09892156975564315,-0.01788515333394335,0.075840520429491
4-fluorotoluene,352-32-9,FC1=CC=C(C)C=C1,,38843,217.2710254,9.624479531,-0.11758775768486715,0.04464706696437953,0.046584102347943995
4-heptanone,123-19-3,CCCC(CCC)=O,,16819,-115.009115,79.16183932,0.05799657186527705,-0.10976223311024498,-0.008803627503993544
4-fluorostyrene,405-99-2,FC1=CC=C(C=C)C=C1,,5504,213.0080736,-3.774728552,-0.085085772086125,0.056784938629427704,0.06442542229784445
4-heptanol,589-55-9,CCCC(CCC)O,,17672,-193.0318819,-140.1301057,0.10899332835386816,0.06833285075489291,-0.15322658073098439
4-methoxy-4-methyl-pentan-2-one,107-70-0,COC(CC(C)=O)(C)C,,33235,-145.7343649,70.43625172,0.08394525041916995,-0.11519468140971248,0.010528801796561018
4-methoxybenzaldehyde,123-11-5,COC1=CC=C(C=O)C=C1,,35500,-98.6096483,32.16977771,0.11942639945037553,-0.04323225372580213,0.09138206014426874
"4-methyl-1,3-pentadiene",926-56-7,CC(=CC=C)C,,4046,211.234141,34.10620666,-0.1320943473480554,0.022695547843366807,0.03641109165379459
"4-methyl-1,3-dioxane",1120-97-4,CC1OCOCC1,,13882,-133.7648302,64.21087864,0.0971473451100015,-0.10426439550744958,0.05076388940154819
4-methyl-1-hexene,3769-23-1,CC(CC=C)CC,,4930,236.4525818,50.60858458,-0.2107324466541194,0.021359954948942408,-0.015781730632524128
4-methyl-1-pentanol,626-89-1,CC(CCCO)C,,10084,-198.8244493,-168.8499258,0.13621776732925633,0.09121761058319831,-0.1499841810688021
4-methyl-2-pentanol,108-11-2,CC(CC(C)O)C,,9626,-201.1977369,-146.2316992,0.12790459682781904,0.06460080618709922,-0.14345805726804037
4-methyl-3-penten-2-one,141-79-7,CC(=CC(C)=O)C,,5953,-168.2773668,74.95189228,0.10788906798519983,-0.1211012893456669,0.02036741910435752
4-methyl-3-heptanol,14979-39-6,CC(C(CC)O)CCC,,17242,-175.5829677,-139.44254,0.09276037999298731,0.07310790523117822,-0.1558218826571144
4-methyl-5-vinylthiazole,1759-28-0,CC=1N=CSC1C=C,,5600,-242.4397609,31.78964231,0.13273163106019678,-0.10521952025813158,-0.03661559036143663
4-methyl-4-heptanol,598-01-6,CC(CCC)(CCC)O,,17179,-204.8369207,-123.8212887,0.10517316373747097,0.035767633387211735,-0.14963818845276872
4-methylacetophenone,122-00-9,CC(=O)c1ccc(C)cc1,,7321,-109.034039,54.15645634,0.08598753692351578,-0.08007865269860745,0.038754731412365996
4-methyl-nonane,17301-94-9,CC(CCC)CCCCC,,19382,273.8060239,58.62316078,-0.26941761641376016,0.031909734874218665,-0.035261236659955134
4-methyl-pentylamine,5344-20-7,CC(CCCN)C,,10083,-594.5835586,121.3159586,0.2605811891838669,-0.271870953173547,-0.17353225949502715
4-methylanisole,104-93-8,CC1=CC=C(C=C1)OC,,35437,66.75195262,34.89858729,-0.04781547329129093,-0.0061174846090019126,0.042056147781791786
4-methylbenzaldehyde,104-87-0,CC1=CC=C(C=O)C=C1,,38751,-78.17564048,44.76393885,0.0791536818889767,-0.04976620215049668,0.06462445361915817
4-methylcyclohexanol,589-91-3,CC1CCC(CC1)O,,13709,-205.1004394,-144.4268198,0.13920021787315603,0.045626851905614656,-0.14198576904499532
4-methylene-2-oxetanone,674-82-8,C=C1CC(O1)=O,,3355,65.3141737,-32.34004768,0.1138699140284686,0.064434265200694,0.18047246588661853
4-methylcyclohexanone,589-92-4,CC1CCC(CC1)=O,,13580,-147.6551851,76.56345646,0.10418035532805313,-0.13112556601405764,0.02178909536520219
4-methylbenzoylchloride,874-60-2,CC1=CC=C(C(=O)Cl)C=C1,,38448,173.1865329,11.8664127,-0.08900659861147277,0.017017666643832342,0.04230078429402161
4-methylcyclohexene,591-47-9,CC1CC=CCC1,,13572,205.0480498,54.65007102,-0.20291755036692316,0.012482714148749918,-0.01823426421860072
4-methylcyclopentene,1759-81-5,CC1CC=CC1,,13569,211.2646854,51.31520193,-0.2106668858554163,0.022743558781843233,-0.014342693804983476
4-methylheptane,589-53-7,CC(CCC)CCC,,17284,274.5107069,58.74889476,-0.26626228446849437,0.03209444320635029,-0.032162428702300294
4-methyloctane,221-34-4,CC(CCC)CCCC,,18448,274.0040887,58.60735868,-0.26819484091651297,0.03201229560401849,-0.03456135531509112
4-methylpentanitrile,542-54-1,CC(C)CCC#N,,9783,-69.33045178,37.38624637,0.08587531496199029,-0.06409209529826154,0.07121544772126641
4-methylpiperidine,626-58-4,CC1CCNCC1,,13872,-568.4804429,126.2855694,0.22128807631953218,-0.27027008627718035,-0.16671424717442757
4-methylstyrene,622-97-9,CC1=CC=C(C=C)C=C1,,5480,211.2427088,17.36342173,-0.10295274248027844,0.03574421682686525,0.05808289099919971
4-methylthiazole,693-95-8,CC=1N=CSC1,,40245,-250.955511,27.38657661,0.17929245098869748,-0.1148762177848929,-0.018751823966974227
4-morpholinepropanamine,123-00-2,N1(CCOCC1)CCCN,,44487,-662.8665978,123.7985115,0.32927618742559184,-0.3085237145161789,-0.09728155472866237
4-octyne,1942-45-6,CCCC#CCCC,,16754,177.7613491,48.74050148,-0.15786822935612715,0.0064842532466788125,0.0054290102374203045
4-pentenal,2100-17-6,C(CCC=C)=O,,4407,-57.80942169,38.63313292,0.116027390547866,-0.05899765550381299,0.1111716953849098
4-pentenoicacid,591-80-0,C(CCC=C)(=O)O,,4353,-65.16270073,-378.3864564,0.2812133112029839,0.3483013744206811,-0.08274664693808925
4-phenyl-2-butanone,2550-26-7,C1(=CC=CC=C1)CCC(C)=O,,6127,-93.61067836,50.05088535,0.08318435847557822,-0.08889936837729522,0.03533877730228676
4-pyridinecarboxaldehyde,872-85-5,N1=CC=C(C=C1)C=O,,49080,-262.3447385,40.6463558,0.24737611804533244,-0.0793523332118316,0.09598736380430455
4-vinylcyclohexene,100-40-3,C(=C)C1CC=CCC1,,4012,205.0563018,41.99133282,-0.1608056505055935,0.012573945501872243,0.007713271931910354
4-vinylpyridine,100-43-6,C(=C)C1=CC=NC=C1,,5580,-350.5828561,74.65368741,0.21064431281960405,-0.14535904906609892,-0.012525141623221726
5-ethylidene-2-norbornene,16219-75-3,C(C)=C1C2C=CC(C1)C2,,1669,194.8994953,44.84792133,-0.17043151743711316,0.01612706002632162,0.0027951466779078
5-decyne,1942-46-7,CCCCC#CCCCC,,18105,193.8676583,49.65662597,-0.17498806630071304,0.008847844685292735,-0.0038804595601826144
5-ethyldihydro-2(3h)-furanone,695-06-7,C(C)C1CCC(O1)=O,,16595,-108.2411991,45.64082599,0.1532652580343689,-0.09232778029954684,0.12784441281346598
5-hexenoicacid,1577-22-6,C(CCCC=C)(=O)O,,4415,-69.38213408,-364.5616117,0.24479796604235166,0.3024785337328313,-0.10714250789139636
5-methyl-2(3h)-furanone,591-12-8,CC1=CCC(O1)=O,,13175,-33.6896411,17.06127203,0.13480183266255555,-0.0354531215371356,0.15750862704911714
5-methyl-1-hexyne,2203-80-7,CC(CCC#C)C,,608,190.462397,-54.23419201,-0.06596348130935345,0.1114832404198816,0.005719191657453555
5-methyl-2-hexanone,110-12-3,CC(CCC(C)=O)C,,6069,-130.1059043,74.2263636,0.07366725241722791,-0.12127704609857959,-0.007106091020220837
5-methyl-2-hexyne,53566-37-3,CC(CC#CC)C,,5678,185.785358,40.28615231,-0.13661105073414048,0.009568221729189422,0.016585398175908695
5-methyl-nonane,15869-85-9,CC(CCCC)CCCC,,18454,273.8117258,58.59728112,-0.2688317131040947,0.03189245062104974,-0.035040799845742196
5-methylhexanoicacid,628-46-6,CC(CCCC(=O)O)C,,9896,-74.51851136,-351.3192685,0.20626236889965494,0.33507543695839254,-0.15856941091678198
5-nonanone,502-56-7,CCCCC(CCCC)=O,,18157,-114.5889414,83.92715317,0.03104469060893163,-0.1221598216018265,-0.04436422181805967
5-undecyne,2294-72-6,CCCCC#CCCCCC,,18106,119.4386979,61.47368903,-0.17626210006771198,0.004182509880548056,-0.011377383026758918
6-heptenoicacid,1119-60-4,C(CCCCC=C)(=O)O,,4436,-65.15511099,-361.8494998,0.2205230437765005,0.2925554551347412,-0.12589907570709408
6-methyl-5-hepten-2-one,110-93-0,CC(=CCCC(C)=O)C,,6088,-115.2428391,67.91693133,0.06298893400215967,-0.119729383551064,-0.012863472944681245
6-methylheptan-3-ol,18720-66-6,CC(CCC(CC)O)C,,15995,-188.8023416,-138.5760343,0.10221168328425266,0.08259690862886036,-0.16362709916392304
"7-oxabicyclo[4,1,0]heptane",286-20-4,C12CCCCC2O1,,2168,-121.5422239,81.48044268,0.0365458503284289,-0.11060139912306295,-0.011827451234580386
8-chloroquinoline,611-33-6,ClC=1C=CC=C2C=CC=NC12,,41524,-204.2128443,46.76087849,0.15047848880457435,-0.1033927562279481,-0.03072919671978953
8-methylquinoline,611-32-5,CC=1C=CC=C2C=CC=NC12,,39887,-212.8118887,66.70012476,0.11445016964970296,-0.11823537464145031,-0.05590790759365363
"9,12,15-octadecatrienoicacid",463-40-1,C(CCCCCCCC=CCC=CCC=CCC)(=O)O,,12126,-40.08263189,-350.7646726,-0.05979667956391784,-0.07686128431117537,-0.05535862196508648
9decenol1,13019-22-2,OCCCCCCCCC=C,,4541,-183.0518249,-167.5672971,0.11491360331931144,0.0852779111484097,-0.15330351406369525
a-bromobutyricacid,80-58-0,CCC(Br)C(O)=O,,14528,-4.669162825,-479.9306905,0.29912807406748654,0.4715290443422385,-0.11754230694748398
aceticacid-2-ethylhexylester,103-09-3,C(C)C(COC(C)=O)CCCC,,25518,-75.20204283,78.3954037,-0.011980304095744866,-0.08971430845317513,-0.03986251297768216
aceticacid-2-propenylester,591-87-7,C(C=C)OC(C)=O,,4756,-62.19740587,45.29400854,0.1089869702451633,-0.05324753440221296,0.10710621771169648
aceticacidcyclohexylester,622-45-7,CC(=O)OC1CCCCC1,,6816,-82.70019449,72.69024965,0.03243413411017828,-0.10408067586369178,-0.015583414415954257
aceticaciddecylester,112-17-4,CCCCCCCCCCOC(C)=O,,22983,-67.20950198,78.58759267,-0.08455869890862837,-0.05725129048400091,-0.04609748038654457
aceticacidheptylester,112-06-1,CCCCCCCOC(C)=O,,23573,-76.62776027,74.84535189,0.0001768243729421077,-0.092021811319341,-0.03141423612388444
aceticacidphenylmethylester,140-11-4,CC(=O)OCc1ccccc1,,7044,-52.44571654,40.86666085,0.06040741678505395,-0.048147136678270565,0.052505161379570606
aceticacidoctylester,112-14-1,CCCCCCCCOC(C)=O,,23294,-75.46438835,76.31896338,-0.005770180271185358,-0.0999071586517772,-0.04233171826664718
aceticacidnonylester,143-13-5,CCCCCCCCCOC(C)=O,,23117,-65.54150953,76.77036507,-0.0202851324089644,-0.09513139125054945,-0.047132255716685764
acetin,26446-35-5,CC(=O)OCC(O)CO,,6908,-171.7470271,-208.7092711,0.23138228740437142,-0.009919447790499143,0.0820962429202177
acetonylacetone,110-13-4,C(C(=O)C)CC(C)=O,,6068,-117.9159479,41.66083933,0.18311733606670796,-0.09027205773682838,0.1634308791055883
acetylbromide,506-96-7,C(C)(=O)Br,,5782,184.6624891,-38.1515069,-0.0019152178118253566,0.06310468070543394,0.11297688394856964
adipinsaeurediethylester,141-28-6,CCOC(=O)CCCCC(=O)OCC,3.0,28082,-72.10726764,57.91405459,0.02112222950825322,-0.061073625576511865,0.02695613531721757
alkohol_c11_undecylen,112-43-6,OCCCCCCCCCC=C,,4532,-180.2493405,-165.8516977,0.10681995505268893,0.08208217099825937,-0.1561352134408557
allylchloroformate,2937-50-0,C(C=C)OC(=O)Cl,,4727,157.1920472,-4.43388124,-0.02279320475178137,0.03509884240757484,0.08697438700747963
allylacrylate,999-55-3,C(C=C)OC(C=C)=O,,4706,-24.72927604,37.12464467,0.060946863851152014,-0.030889229934231356,0.08012449633399148
allylbenzene,300-57-2,C(C=C)C1=CC=CC=C1,,4999,207.8808621,20.07592135,-0.1129155421912736,0.031071405333158927,0.04775607371479455
allylvinylether,3917-15-5,C(C=C)OC=C,,4775,79.72245129,26.95001704,-0.027452748463754312,0.00045027395868099977,0.056305670151023245
alpha-methylacrolein,78-85-3,CC(=C)C=O,,2750,-88.69359305,46.09015158,0.12068864504588322,-0.06311209367893142,0.10146165046126844
alpha-methylstyrene,98-83-9,CC(=C)C1=CC=CC=C1,,2967,212.8191693,17.94537736,-0.11442722285730174,0.03439479812415841,0.049121595762395005
alpha-methylcyclopropanemethanol,765-42-4,CC(O)C1CC1,,11695,-219.8037811,-129.2663766,0.19075077803695267,0.06531556843926135,-0.09034995447703018
amylpropionate,624-54-4,C(CCCC)OC(CC)=O,,24230,-71.09858912,75.8602469,0.009114806384034424,-0.10383307434289062,-0.027927659782788584
amylvalerianate,2173-56-0,CCCCCOC(=O)CCCC,,24241,-60.05752512,79.19587929,-0.01574806710675838,-0.09862939048534329,-0.03865366684168235
arsenictrichloride,7784-34-1,[As](Cl)(Cl)Cl,,40963,228.4011688,-3.396534495,-0.10473041102546787,0.09623445048164567,0.03199701447875074
b-butyrolactone,3068-88-0,CC1CC(=O)O1,,13443,-28.45375807,8.299815731,0.1784270702799494,-0.01888045646473046,0.2424871603854564
b-phenylethylacetate,103-45-7,CC(=O)OCCc1ccccc1,,7022,-55.63181754,47.34447373,0.2428104231127316,-0.15990906930752433,-0.061952385881840676
bbr3,10294-33-4,BrB(Br)Br,,12,254.8245629,35.47967402,-0.22989370032119869,0.039750673212716435,-0.011353785477995074
benzenemethanethiol,100-53-8,C1(=CC=CC=C1)CS,,51831,129.6147641,-15.16530027,-0.028235339322340323,0.038270731567240375,0.08877179539766611
benzenepropanol,122-97-4,C1(=CC=CC=C1)CCCO,,51173,-172.8736729,-193.1333976,0.11766356365265081,-0.13833594496960405,-0.009864235394511374
benzenepropanenitrile,645-59-0,C1(=CC=CC=C1)CCC#N,,43612,-44.29575748,13.48394482,0.1240936753829374,-0.0163461290497238,0.13069712394913519
benzofuran,271-89-6,O1C=CC2=C1C=CC=C2,,52992,191.8851657,-25.6540579,-0.05425408146373422,0.06978853342358311,0.0688841941858533
benzoicacidbutylester,136-60-7,CCCCOC(=O)c1ccccc1,,24991,-19.83300104,53.71016238,-0.027100236211529814,-0.045934955123014466,-0.003214503617008998
benzoicacidpropylester,2315-68-6,CCCOC(=O)c1ccccc1,,25993,-25.02724998,51.42102012,-0.012867821142093165,-0.04763469485839271,0.0047602245560326335
benzoylchloride,98-88-4,C(C1=CC=CC=C1)(=O)Cl,,45908,176.814541,0.321941766,-0.0727620665194516,0.034224771691383216,0.057860175007011905
benzoylbromide,618-32-6,C(C1=CC=CC=C1)(=O)Br,,45517,192.7920737,-5.711960573,-0.08341306998238537,0.037426296112749016,0.054686048813153344
benzoylfluoride,455-32-3,C(C1=CC=CC=C1)(=O)F,,45980,112.4440408,9.049117172,-0.021632929641711315,0.02064451306057849,0.07345611362435038
benzylfluoride,350-50-5,C(C1=CC=CC=C1)F,,42852,158.0397624,7.370026437,-0.04965824928318531,0.048228650886352614,0.09093095556667968
benzylmethylsulfide,766-92-7,C(C1=CC=CC=C1)SC,,36546,99.44562214,23.21357227,-0.03931569960798837,0.006745457149506257,0.058746192486973166
benzylmethylether,538-86-3,C(C1=CC=CC=C1)OC,,34068,-134.3368406,65.27778018,0.034026521311859154,-0.0712906347632226,0.0033852951993260227
beta-propiolactone,57-57-8,C1(CCO1)=O,,48330,-15.03454098,-11.24682775,0.24377371512872512,0.023138193196070606,0.3459379953944913
"bis(1,1-dimethylethyl)peroxide",110-05-4,CC(C)(C)OOC(C)(C)C,,8172,-38.84078218,84.50546956,-0.07730770653456953,-0.06819941034425404,-0.05798347149158649
bis(2-chloroethyl)ether,111-44-4,ClCCOCCCl,,40864,-40.60475168,14.24543192,0.02577866451506361,-0.007521024214259967,0.04559299271175265
"bis(1,1-dimethylethyl)disulfide",110-06-5,CC(C)(C)SSC(C)(C)C,,8227,189.4570768,43.17525963,-0.17098453538672725,0.011920118356926229,0.0029700741137865467
bis(trimethylsilyl)methane,2117-28-4,C[Si](C)(C)C[Si](C)(C)C,,36911,262.9215655,53.24568584,-0.23457561640862926,0.029294393404948292,-0.017957597536722176
bromoaceticacidmethylester,96-32-2,COC(=O)CBr,,32528,-6.565623509,-23.87957589,0.09455205509119724,0.004261872782985199,0.1091648573801542
bromocyclohexane,108-85-0,BrC1CCCCC1,,63,207.0959917,33.16105098,-0.16035389644678658,0.018133288546921398,0.015283592236516805
bromotrichloromethane,75-62-7,BrC(Cl)(Cl)Cl,,40541,255.2018239,30.98890594,-0.22934180855190128,0.04200826511975882,-0.011673301805023156
butadione,431-03-8,CC(=O)C(C)=O,,5831,-8.546440921,23.11974151,0.13729247487717114,-0.018434547583311908,0.184009798829999
butanal,123-72-8,C(CCC)=O,,18052,-87.44560932,54.10546393,0.1125296842836288,-0.08919781688721465,0.08501252922881346
"butanoicacid,anhydride",106-31-0,CCCC(=O)OC(=O)CCC,,16881,-3.938031959,45.60684336,-0.0041403586073367644,-0.03845352258981561,0.05028361956849699
butanethiol,109-79-5,C(CCC)S,,25424,90.03590986,12.43760927,-0.09351735527419301,0.00892014195054539,0.02235153570340852
butanedioicacidethylmethylester,627-73-6,CCOC(=O)CCC(=O)OC,,28039,-39.79938408,37.42452762,0.09214304454004577,-0.054109725069389866,0.09346526945994847
butylbenzene,104-51-8,C(CCC)C1=CC=CC=C1,,25673,220.4490299,32.44760779,-0.16271743518294063,0.026207030253383296,0.014920984596593561
butylbutyrate,109-21-7,C(CCC)OC(CCC)=O,,24889,-60.55521496,75.23216144,0.005566110362473441,-0.09948555603622161,-0.02729518040490526
butylcyclohexane,1678-93-9,C(CCC)C1CCCCC1,,19081,273.1908205,58.3725421,-0.2731247437284764,0.03196581446885978,-0.03792612741592208
butylformate,592-84-7,C(CCC)OC=O,,25081,-46.96723559,33.12547051,0.051938335156816916,-0.051079652064158355,0.0365725427698913
butylgylcidylether,2426-08-06 00:00:00,C(C1CO1)OCCCC,,25126,-107.6578557,65.85925732,0.0441132262057093,-0.09091781574197105,-0.010460581962536878
butylcyclopentane,2040-95-1,C(CCC)C1CCCC1,,19079,272.5758615,58.5888283,-0.27063500222467485,0.03173743827471498,-0.037533802250341926
butylhexanoate,626-82-4,C(CCC)OC(CCCCC)=O,,19268,-61.61937896,79.6068295,-0.006807957199210025,-0.0996376867416126,-0.039166727606515066
butyllactate,138-22-7,C(CCC)OC(C(O)C)=O,,24850,-163.2767554,-73.92987509,0.09645193758899681,-0.03955375296494893,-0.03229146526434894
butyllaurate,106-18-3,C(CCC)OC(CCCCCCCCCCC)=O,3.0,21621,-48.09872247,84.59080992,-0.08271264108770135,-0.07691384731173624,-0.07521692370023243
butylvinylether,111-34-2,C(CCC)OC=C,,5199,64.0087277,52.32596909,-0.08451323353414689,-0.023084315657666134,-0.004871787386336996
butyloctanoate,589-75-3,C(CCC)OC(CCCCCCC)=O,,20490,-59.63435374,82.29574194,-0.03364654334324503,-0.09506605016775523,-0.053348561985318364
butyricacid,107-92-6,C(CCC)(=O)O,,16879,-85.75880976,-357.4735334,0.2680184554604862,0.31508743356363356,-0.10035120800140644
butylphenylether,1126-79-0,C(CCC)OC1=CC=CC=C1,,25396,81.60268401,42.23906318,-0.07549513726269322,-0.009729840202411778,0.011153266038580727
butyraldoxime,110-69-0,C(CCC)=NO,,16301,-118.7310224,-312.6084032,0.22132454691950273,0.2613890143557097,-0.11569590527340988
butyrylchloride,141-75-3,C(CCC)(=O)Cl,,16844,192.7055437,-0.902626852,-0.06583379365993557,0.02583304140265381,0.06256168963154449
caprylcapronate,6378-65-0,CCCCCCOC(=O)CCCCC,,23830,-56.41788203,81.73298734,-0.02206788754672586,-0.09938879609273793,-0.051295405991018735
caprinitrile,1975-78-6,C(#N)CCCCCCCCC,,21150,-59.01175834,51.52621693,0.012723771232509782,-0.0654096475823228,-0.0030292171269578716
carbonochloridicacidmethylester,79-22-1,COC(Cl)=O,,32883,144.9639869,-9.939848155,0.0025872107360035887,0.032282375626017115,0.10645904236514447
carbonochloridicacidethylester,541-41-3,CCOC(Cl)=O,,28251,148.5441731,10.10306861,-0.047602030308676505,0.0071322228086521024,0.06490761091574584
ch2clbr,74-97-5,ClCBr,,40720,197.7391113,-102.0579674,-0.015892661496003702,0.1235322373092227,0.06505786589662896
ch2br2,74-95-3,BrCBr,,78,198.4257916,-104.2497448,-0.022888184320188458,0.11990518066108212,0.06390643694325239
chcl2br,75-27-4,ClC(Cl)Br,,40598,207.6212214,-174.7332411,0.003904774844473915,0.22772480604558487,0.017231729257098042
chloroacetaldehyde,107-20-0,ClCC=O,,48897,-1.542560345,-58.25125566,0.15090980507238003,0.07351585361692983,0.1483412837896402
chloroaceticacidmethylester,96-34-4,COC(=O)CCl,,32830,-7.596266429,-25.25151036,0.10362216415993028,0.010277402987924192,0.11610018908080237
chloroacetone,78-95-5,ClCC(C)=O,,6130,-45.20578554,-23.53750903,0.13845259815334984,-0.005345665037683619,0.1239918751669283
chloro(dimethyl)phosphine,811-62-1,ClP(C)C,,36301,78.2661439,22.23986813,-0.03348726794708159,-0.0028034444698454447,0.03778272392197781
chlorocyclohexane,542-18-7,ClC1CCCCC1,,40686,207.9822095,36.26244613,-0.15835702626812342,0.01718012745591949,0.015826967737682673
chlorocyclopentane,930-28-9,ClC1CCCC1,,40681,207.6751201,28.91586072,-0.15032451757198978,0.02275592865406308,0.020285527493579952
chlorosulfonicacid,7790-94-5,ClS(=O)(=O)O,,49420,62.71671333,-790.6940137,0.6139680502997157,0.8955892451577584,-0.11087327619662221
chlorotriethoxysilane,4667-99-6,Cl[Si](OCC)(OCC)OCC,,29534,25.38793704,61.54164424,-0.126643314992956,-0.009651639835918633,-0.011310997059230382
"cis,cis,cis-1,2,3-trimethylcyclopentane",2613-69-6,CC1CCC(C)C1C,,13664,273.1979018,58.34731689,-0.2657001860377588,0.03204632159236093,-0.03279903222569184
"cis-1,2-dimethylcyclohexane",583-57-3,C[C@H]1[C@H](CCCC1)C,,13824,272.8310448,57.99382629,-0.2692693126062665,0.031702532021697274,-0.03595348229014889
"cis-1,3,5-hexatriene",2612-46-6,C=C\C=C/C=C,,3313,213.5028534,15.15349084,-0.09024119591811827,0.041206222883061035,0.06637204309490564
"cis-1,3-dimethylcyclohexane",591-21-9,C[C@@H]1C[C@@H](CCC1)C,,13766,272.5775927,58.26132893,-0.26862865795330215,0.03142963417472044,-0.036093529310727436
"cis-1,4-dimethylcyclohexane",624-29-3,C[C@@H]1CC[C@@H](CC1)C,,36735,272.3036964,57.79669751,-0.266617326669575,0.03178411311296021,-0.03381598271069316
cis-1-ethyl-2-methylcyclopentane,930-89-2,C(C)[C@H]1[C@H](CCC1)C,,16632,273.0342636,58.34936164,-0.2693944914655748,0.032057081961466116,-0.03573490866440414
cis-1-propenylbenzene,766-90-5,C(=C/C)/C1=CC=CC=C1,,1775,212.2364575,20.45405598,-0.11976301325359995,0.03127752837633281,0.045056682299363146
cis-3-heptene,7642-10-06 00:00:00,CC\C=C/CCC,,12255,177.7549795,61.00405572,-0.21801763075078723,0.01978162921913487,-0.016741935736859077
cis-3-methyl-2-hexene,10574-36-4,CCC\C(C)=C/C,,1141,218.1392334,54.68330817,-0.21089297876231114,0.017781336463376825,-0.014376051375244074
cis-3-methylcyclohexanol,5454-79-5,C[C@H]1C[C@H](CCC1)O,,13790,-212.6451843,-140.959193,0.1410495347906363,0.03803056032652305,-0.14299229835643568
cis-3-octene,592-98-3,CC\C=C/CCCC,,12259,187.7785735,60.46346412,-0.22107830563857325,0.018653665393209364,-0.0218747866901086
cis-4-octene,7642-15-1,CCC\C=C/CCC,,16261,220.5767573,56.32102339,-0.22789809132571293,0.02257272274869925,-0.019736419433331095
cis-decalin,493-01-6,C1CCC[C@@H]2CCCC[C@H]12,,2266,272.1858814,57.74981035,-0.27211702171302593,0.03209480805814638,-0.03701118156574108
cis-stilbene,645-49-8,C1(=CC=CC=C1)\C=C/C1=CC=CC=C1,,809,210.7269452,11.74721629,-0.10358408765052801,0.03990688661861225,0.05505749373659875
citral,5392-40-5,CC(C)=CCCC(C)=CC=O,,8833,-143.6857025,71.40276228,0.04758372613040537,-0.11125637867527809,-0.017352265052425413
crotylglycolether,52458-04-5,C(C=CC)OCCO,,1765,-218.8154971,-121.3237359,0.13692751797493707,-0.12414359802219803,0.04003852584411723
cyanoaceticacidmethylester,105-34-0,COC(=O)CC#N,,32529,-19.09753838,-74.37634413,0.2773409390569414,0.14946098333495927,0.24491328125105274
cyanuricfluoride,675-14-9,Fc1nc(F)nc(F)n1,,43219,107.5150803,-19.80208694,0.09661214594309876,0.17907883585409026,-0.005076226448933306
cyclobutanecarboxylicacid,3721-95-7,C1(CCC1)C(=O)O,,46522,-79.87857762,-357.1684862,0.2522671682346665,0.3253306275641478,-0.123385755357831
cycloheptane,291-64-5,C1CCCCCC1,,2190,273.8390591,59.15739314,-0.27290574281870783,0.03188280253225963,-0.03792946984373239
cycloheptanone,502-42-1,C1(CCCCCC1)=O,,48222,-158.3769901,80.02513378,0.10921222407649761,-0.14275291719334413,0.01644375405049964
cycloheptatriene,544-25-2,C1=CC=CC=CC1,,1881,188.4244143,24.64429304,-0.10287070396436052,0.026688985324333402,0.04956781321605963
cycloheptene,628-92-2,C1=CCCCCC1,,1909,196.6610854,56.66907818,-0.2087840323352529,0.012875186816347396,-0.02154537896827896
cyclohexanethiol,1569-69-3,C1(CCCCC1)S,,51799,84.47534724,28.54738916,-0.09550605876384678,-0.009697279812260673,0.0037960720229471023
cyclohexaneethanol,4442-79-9,C1(CCCCC1)CCO,,51091,-196.9692221,-166.400517,0.11636699045978034,0.08614498270357715,-0.16361967099351593
cyclohexanemethanol,100-49-2,C1(CCCCC1)CO,,51013,-187.6705523,-168.7331489,0.13157704417918153,0.08743899729610366,-0.1549040796701003
cyclohexyl-isocyanate,3173-53-3,C1(CCCCC1)N=C=O,,48734,177.2917199,41.47264295,-0.13274819694232026,-1.6357807273278257e-05,0.02568671078245136
cyclohexylamine,108-91-8,C1(CCCCC1)N,,44352,-595.9991044,123.8705688,0.270530097334336,-0.2757335418851949,-0.16993712823592078
cyclohexyl-hydroperoxide,766-07-4,C1(CCCCC1)OO,,51369,-66.73843246,-310.5564314,0.18471854565769005,0.27771923527241626,-0.11918468070334147
cyclooctanamine,5452-37-9,C1(CCCCCCC1)N,,44359,-609.6104896,130.667205,0.26831829854894557,-0.3023418639255852,-0.19867337176828836
cyclooctene,931-88-4,C1=CCCCCCC1,,1912,202.2117722,56.79625954,-0.21376480978135545,0.013632247531854777,-0.024746430839907442
cyclopentanol,96-41-3,C1(CCCC1)O,,50816,-215.6511801,-151.9452787,0.1712891361663368,0.03282255319073894,-0.10486245576225661
cyclopentanamine,1003-03-8,C1(CCCC1)N,,44350,-602.8992208,117.7384466,0.28588031808237785,-0.2633453776773422,-0.1479561353345494
cyclopentanecarboxylicacid,3400-45-1,C1(CCCC1)C(=O)O,,46527,-81.55583675,-351.6429742,0.22410279269567718,0.31648568380982584,-0.14315686595602073
cyclopropylbenzene,873-49-4,C1(CC1)C1=CC=CC=C1,,52520,208.2103338,18.75963016,-0.10078594024732432,0.0344696163951596,0.05934059169486218
dalapon,75-99-0,CC(Cl)(Cl)C(O)=O,,11290,32.25522043,-566.1703133,0.3826365830028463,0.6225112559452896,-0.11824260912917298
dcip,108-60-1,CC(CCl)OC(C)CCl,,11160,-45.26437472,32.89337397,-0.008133665209201743,-0.027911290602524126,0.005887726624839849
decanal,112-31-2,C(CCCCCCCCC)=O,,21358,-61.67502838,69.80887381,-0.00437715153933984,-0.08708886256982147,-0.03070705416539997
decylbenzene,104-72-3,C(CCCCCCCCC)C1=CC=CC=C1,,23084,232.9181499,40.29391497,-0.20377080575344744,0.022357441162593455,-0.013466566200854941
decanoicacidmethylester,110-42-9,CCCCCCCCCC(=O)OC,,21175,-46.256955,72.08171115,-0.046657654706081526,-0.0759687251699045,-0.04773593215063648
decamethyltetrasiloxane,141-62-8,C[Si](O[Si](O[Si](O[Si](C)(C)C)(C)C)(C)C)(C)C,,37012,-358.9364327,134.3055369,-0.022367955957641263,-0.13577440609877647,-0.14106451953329943
decansaeureethylester,110-38-3,CCCCCCCCCC(=O)OCC,,21184,-50.81844448,78.58706064,-0.06432152658194454,-0.07599051022146214,-0.05863214764362917
decylcyclohexane,1795-16-0,C(CCCCCCCCC)C1CCCCC1,,21549,272.0430285,58.05517522,-0.27277719799750955,0.03168963409998714,-0.0372762077276845
delta-decalactone,705-86-2,CCCCCC1CCCC(=O)O1,,19802,-169.4287757,74.85743438,0.10160968788576981,-0.12786959963420777,0.008934595108486015
delta-dodecalactone,713-95-1,CCCCCCCC1CCCC(=O)O1,,20838,-167.1844555,79.82744857,0.07620606279681164,-0.1272277918790449,-0.017915806794071884
di-2-furylmethane,1197-40-6,O1C(=CC=C1)CC=1OC=CC1,,53062,172.5346363,-18.32179637,-0.03093243599663893,0.05841409742871956,0.08650966562491232
di-n-butylsulfide,544-40-1,C(CCC)SCCCC,,25480,64.49640391,65.13233449,-0.13254848044109763,-0.021366591398458548,-0.020427727165908946
di-2-butylamine,626-23-3,CC(CC)NC(C)CC,,15325,-510.672353,151.7230502,-0.010938321355315877,-0.14468165012853154,-0.14746300773999568
di-n-pentylether,693-65-2,C(CCCC)OCCCCC,,24336,-153.9782763,111.1689007,-0.05635836006983593,-0.11315036773571381,-0.10740908590668867
diacetoxydimethylsilane,2182-66-3,C(C)(=O)O[Si](C)(C)OC(C)=O,,7073,-63.46090163,50.18322802,0.07160121621138339,-0.0689446251124601,0.06195776728246284
diallylether,557-40-4,C(C=C)OCC=C,,4818,-107.2579989,66.34446418,0.02946301864737582,-0.0957456487530946,-0.031165727598531073
diallylphthalate,131-17-9,C(C=C)OC(C=1C(C(=O)OCC=C)=CC=CC1)=O,,4749,3.94674832,25.89572018,0.029423718517237088,-0.02232070454489152,0.0537550602682495
diallylsulfide,592-88-1,C(C=C)SCC=C,,4918,124.4342506,26.67564708,-0.08037998262648652,0.006556623516236188,0.04041199238659304
dibutylamine,111-92-2,C(CCC)NCCCC,,24788,-503.3378427,138.7593611,0.059202663518870345,-0.18210639926235872,-0.16842360575516221
dibutyloxalate,2050-60-4,C(CCC)OC(C(=O)OCCCC)=O,,24839,-27.71002546,54.66597719,-0.0382507415108793,-0.03419319064278955,0.03155057116308645
dichloro(2-chlorovinyl)arsine,541-25-3,Cl[As](C=CCl)Cl,,40498,200.1434027,-112.3746031,-0.04724237388508744,0.1545640734343408,0.014762071085822163
dichloroacetaldehyde,79-02-7,ClC(C=O)Cl,,48834,100.2489038,-99.98888912,0.053466163417062736,0.11182276425544385,0.06326391124596092
dichlorodimethylsilane,72-78-5,Cl[Si](C)(C)Cl,,37101,216.9571272,2.838767304,-0.14620548441275644,0.043880389969311026,0.031244649836533377
dichlorodiethylsilane,1719-53-5,Cl[Si](CC)(CC)Cl,,30141,229.4890667,26.55943129,-0.19337280044658167,0.03247951883436383,0.005919652531647087
diethyl-pimeliat,2050-20-6,CCOC(=O)CCCCCC(=O)OCC,,28094,-75.25256523,61.35297288,0.019442476320733065,-0.08411900147730454,-0.00615132099407403
diethylcarbamicchloride,88-10-8,C(C)N(C(=O)Cl)CC,,26663,27.02872314,41.52064259,0.013126034479993694,-0.058943919456908425,0.03501817028917604
diethylaminopropylamine,104-78-9,C(C)N(CC)CCCN,,26791,-675.449057,143.5794088,0.2932737988205623,-0.3395162399417822,-0.1945974557772558
diethyleneglycolmonoethylether,111-90-0,CCOCCOCCO,,29016,-232.864977,-85.66597643,0.15512118955492837,-0.16377740192681275,0.0100975002911963
diethyldisulfide,110-80-6,C(C)SSCC,,29976,196.7125672,24.39461128,-0.12867267667013532,0.024710813327678716,0.03293913287307522
diethyleneglycoldibutylether,112-73-2,CCCCOCCOCCOCCCC,,25184,-425.3088299,131.324114,-0.01240950728890862,-0.11510285640031542,-0.0729298760420059
diethylcyanamide,617-83-4,C(C)N(C#N)CC,,26597,-171.3770412,60.07444401,0.17258833253680003,-0.12385245286196833,0.11808053611208534
diethylphthalate,84-66-2,C(C)OC(C=1C(C(=O)OCC)=CC=CC1)=O,3.0,28490,-22.198012,37.06863826,0.03390373315084203,-0.04405292846825185,0.045944872278523695
diethylsulfide,352-93-2,C(C)SCC,,29919,36.88912285,56.93704219,-0.056797924751360966,-0.03749953653761315,0.015703979505625965
difluoroaceticacid,381-73-7,FC(C(=O)O)F,,46418,19.29714029,-580.6247654,0.4499767485287047,0.6716891117807056,-0.1273470557353243
diisopropylamine,108-18-9,C(C)(C)NC(C)C,,10509,-529.8107754,145.0923305,0.1304563524769333,-0.23066934125212993,-0.17849640342195114
diisopropylcyanamide,3085-76-5,C(C)(C)N(C#N)C(C)C,,10425,-189.281329,74.34567229,0.12494006302985712,-0.1341536332610094,0.03956717167445835
dimethoxydimethylsilane,1112-39-6,CO[Si](C)(C)OC,,34270,-162.0294093,87.57100329,0.0655963672584178,-0.11537573092864345,0.008360842159251656
dimethyl-trisulfide,3658-80-8,CSSSC,,36564,208.2201043,0.183896779,-0.12028597370501742,0.04162706395691001,0.04372543434962596
dimethylaminopropionitrile,1738-25-6,CN(C)C(C#N)C,,36610,-238.5492463,44.07902418,0.13651548457346693,-0.08496559621535045,0.08519463368324424
dimethyl-t-butylamine,918-02-5,CN(C(C)(C)C)C,,30956,-423.5723522,146.3913938,0.08225510890789088,-0.22076435537895375,-0.17700536330650113
dimethylcarbamoylchloride,79-44-7,CN(C(=O)Cl)C,,30896,18.40290028,26.25207159,0.07038561455476045,-0.048796624033761615,0.09340432045588067
dimethylcyanamide,1467-79-4,CN(C#N)C,,30872,-163.0688424,34.61786909,0.24187413118856937,-0.0978049956431273,0.25318151391573734
dimethyldiethoxysilane,78-62-6,C[Si](OCC)(OCC)C,,29479,-164.5537783,96.43321956,0.03205709902160363,-0.1182373268575512,-0.030760824842011647
dimethylphthalate,131-11-3,COC(C=1C(C(=O)OC)=CC=CC1)=O,3.0,33132,-17.28894811,24.35976752,0.09145735439387631,-0.036923689350959216,0.10149155776515795
dimethylphenylsilane,766-77-8,C[SiH](C1=CC=CC=C1)C,,36840,225.1526762,27.41982644,-0.14415518589209123,0.03148688402000263,0.029429344967344086
dimethylsulfate,77-78-1,COS(=O)(=O)OC,,34214,135.9419906,-16.91573124,0.07568625895027033,0.05123217360221348,0.20541020961168874
dimetol,13254-34-7,CC(C)CCCC(C)(C)O,,9899,-207.1201242,-120.8538085,0.09630210600799557,0.05761016736720127,-0.1648421483495886
dipropylamine,142-84-7,C(CC)NCCC,,25836,-501.3436227,133.1088085,0.05804049531954349,-0.16288197526240197,-0.1444460340587131
dipropyleneglycoln-butylether,29911-28-2,CCCCOCC(C)OCC(C)O,,25090,-246.521971,0.254933997,0.09355778078466327,-0.15863070471712834,-0.058480189456841254
dipropyldisulfide,629-19-6,C(CC)SSCCC,,26314,208.06755,31.39993872,-0.16722002521455767,0.02818644987562548,0.013717550843292155
dl-pin-2(3)-ene,2437-95-8,CC1=CCC2CC1C2(C)C,,13220,249.2103228,53.68500812,-0.23929401267929132,0.02759679308120761,-0.024256693581349572
divinylsulfone,77-77-0,C(=C)S(=O)(=O)C=C,,5339,-24.69532694,-36.58963531,0.1650592090279628,0.02053643844822331,0.19912913078932168
"dl-1,2-3,4-diepoxybutane",298-18-0,C1OC1C2CO2,,2351,-58.58763677,19.18929818,0.16843607035277894,-0.01680121231617992,0.2171729867285695
dodecane,112-40-3,CCCCCCCCCCCC,,21563,273.1027361,58.77394831,-0.26861258473353083,0.03143346594335785,-0.035152100981415836
ethanesulfonicacid,594-45-6,C(C)S(=O)(=O)O,,29832,-26.59341844,-517.9059478,0.46905412668486524,0.5917447435003644,-0.02579799340478979
ethoxyquin,91-53-2,CCOc1ccc2NC(C)(C)C=C(C)c2c1,,29716,-34.42195278,-3.544747348,0.05519308752216861,0.017231634741410897,-0.02781938582664676
ethoxytrimethylsilane,1825-62-3,C(C)O[Si](C)(C)C,,29469,-212.6430007,108.8007459,-0.0228923380871219,-0.10845066870075507,-0.07433877343830121
ethyl-tert-butyl-disulfide,4151-69-3,C(C)SSC(C)(C)C,,29972,196.3191958,34.88661767,-0.16054339928151962,0.018501870511030718,0.014741483484297104
ethyl3-ethoxypropanoate,763-69-9,C(C)OC(CCOCC)=O,,28938,-98.41602897,63.2538024,0.07778572623000735,-0.10140646009935626,0.016747383104684398
ethylacetoacetate,414-97-9,C(C)OC(CC(=O)C)=O,,27963,-50.60743723,21.54674437,0.1228164465484806,-0.05743147476695701,0.11466514537083987
ethylbenzene,100-41-4,C(C)C1=CC=CC=C1,,30661,213.5659731,27.30578581,-0.13134061090968274,0.02689623369505093,0.035777220204138226
ethylbutyrate,105-54-4,C(C)OC(CCC)=O,,16913,-64.11850032,68.09304524,0.013880488572047343,-0.08298659937506914,-0.0017157364601843427
ethylchloroacetate,105-39-5,C(C)OC(CCl)=O,,28177,-17.11847409,-14.04084311,0.05685642608485987,-0.00383450157137961,0.07119516596965558
ethylcyclohexane,1678-91-7,C(C)C1CCCCC1,,16637,273.8670483,58.57919306,-0.2727127406666775,0.032187164793362665,-0.037592203020908335
ethylcyclobutane,4806-61-5,C(C)C1CCC1,,16617,272.6036971,58.46073039,-0.2647432155738345,0.03199570329930688,-0.0341455879884868
ethylcyclopentane,1640-89-7,C(C)C1CCCC1,,16626,273.1912367,58.87739738,-0.27003835388764846,0.03185982780792177,-0.03715020964263561
ethylenecyanohydrin,109-78-4,C(CO)C#N,,43581,-126.1078673,-273.9105822,0.39859497891720513,0.21703503440921845,0.2506050510432853
ethyleneglycolmonomethyletheracetate,110-49-6,COCCOC(C)=O,,33912,-107.8770644,49.8242823,0.12575836589800718,-0.08433218101713902,0.09046829022331898
ethylenglycolmonobenzylether,622-08-2,OCCOCc1ccccc1,,51235,-193.8850754,-120.6164988,0.13869911436741966,-0.10789476725537808,0.046296312230940065
ethylhexanoate,123-66-0,C(C)OC(CCCCC)=O,,19259,-69.4457561,74.6639932,-0.011672789217510134,-0.08578565685257221,-0.030586479562232195
ethylheptanoate,106-30-9,C(C)OC(CCCCCC)=O,,19938,-63.7083526,75.830543,-0.019320235106376055,-0.08670644700297273,-0.03639409915584962
ethylhydroperoxide,3031-74-1,C(C)OO,,29091,-70.37716864,-337.4952339,0.287606950132585,0.36282729902349886,-0.06751355853291259
ethylisoamylketone,624-42-0,C(C)C(=O)CCC(C)C,,14301,-117.9146146,80.11377904,0.04000108663203236,-0.11448287893836344,-0.027742782054850305
ethylidenecyclohexane,1003-64-1,C(C)=C1CCCCC1,,14109,227.3942766,53.36563148,-0.2165383412943113,0.01802975708182791,-0.019869501313003243
ethylidenecyclopentane,2146-37-4,C(C)=C1CCCC1,,14108,214.903551,55.36516849,-0.21393912117142333,0.015704478362052493,-0.020553446747122006
ethylmethacrylate,97-63-2,C(C)OC(C(=C)C)=O,,2540,-60.21238158,63.87557553,0.010546307236421169,-0.06863264476105602,0.012150302817990512
ethylisopropylsulfide,5145-99-3,C(C)SC(C)C,,29901,50.38634218,59.0118602,-0.0678696682389173,-0.04753104827594742,-0.006024223201546031
ethylisothiocyanate,543-85-8,C(C)N=C=S,,27067,197.0475521,2.998164877,-0.07855317532815331,0.04167071595530043,0.07098555423526658
ethyloctanoate,106-32-1,C(C)OC(CCCCCCC)=O,,20482,-58.21588822,76.57073394,-0.028298495764276222,-0.08686310549136221,-0.04493718806490152
ethylphenylacetate,101-97-3,C(C)OC(CC1=CC=CC=C1)=O,,28246,-49.37079386,45.04531456,0.038352065570756655,-0.05401005671507924,0.03425020275819729
ethylpelargonate,123-29-5,C(C)OC(CCCCCCCC)=O,,20905,-58.73824593,78.05908047,-0.038089948004290296,-0.08573475078656387,-0.05130513434005849
ethylthiocyanate,542-90-5,C(C)SC#N,,29877,-29.99087436,8.484085267,0.09737389398750027,-0.0219293231902791,0.11661670990351079
ethyltrichlorosilane,115-21-9,C(C)[Si](Cl)(Cl)Cl,,30142,243.1061189,10.45903532,-0.21101978124148865,0.04306757298967823,-0.0037411845795902593
ethylundecanoate,627-90-7,C(C)OC(CCCCCCCCCC)=O,,21395,-49.02199559,79.68768576,-0.07521481532133677,-0.07331420578085229,-0.06628466078626072
ethyltrimethylacetate,3938-95-2,C(C)OC(C(C)(C)C)=O,,27519,-80.96274143,78.81364747,0.004329903072780912,-0.09666570321382957,-0.02763423198913458
ethylvalerate,539-82-2,C(C)OC(CCCC)=O,,18221,-70.72598485,72.40390807,0.0020057610060673532,-0.08576559196924288,-0.01845546648824918
eugenol,97-53-0,C=1(C(O)=CC=C(CC=C)C1)OC,,4980,-0.513720524,-278.2624791,0.11633249946824498,0.20382871411255413,-0.05217465338516525
ethynylbenzene,536-74-3,C(#C)C1=CC=CC=C1,,769,192.1428343,-89.63129203,0.03296433472998335,0.18759985382668248,0.030019653225335712
fluoressigsaeure-methylester,453-18-9,COC(=O)CF,,32831,-24.3218266,-11.33217296,0.17589645629445572,0.012510663952949926,0.19826024069419268
fluorosulfuricacid,7789-21-1,S(O)(=O)(=O)F,,49421,53.79826341,-827.0036143,0.6507126651068781,0.9402021644340715,-0.1432962223407759
formicacidpentylester,628-49-3,C(=O)OCCCCC,,24311,-43.85451361,36.61379779,0.02892624282406395,-0.05206443437081399,0.018318749067691698
formicacidhexylester,629-33-4,CCCCCCOC=O,,23897,-40.01502023,39.64024279,0.012956163364967075,-0.053713461971027526,0.002791027105691553
formicacidoctylester,112-32-3,CCCCCCCCOC=O,,23300,-32.62726464,44.59107238,-0.017243048590108462,-0.05219281394385453,-0.016323301050625155
furfural,98-01-1,C(C1=CC=CO1)=O,,49078,-98.00646998,-16.3738815,0.1532224958263043,0.00980057914544707,0.10790757210137382
furfurylamine,617-89-0,C(C1=CC=CO1)N,,44565,-518.3489314,66.53570856,0.3068363765632568,-0.16081623521745153,-0.03324388493949345
gamma-aminopropyltriethoxysilane,919-30-2,NCCC[Si](OCC)(OCC)OCC,,29512,-556.3531176,119.3894026,0.2268587664890417,-0.2841938794157143,-0.17757879172049387
glutaraldehyde,111-30-8,C(CCCC=O)=O,,48883,-81.77000932,21.70180583,0.19414613928121766,-0.05093853875539494,0.21898412248662041
glycidylmethacrylate,106-91-2,C(C1CO1)OC(C(=C)C)=O,,2607,-43.45638924,34.47390388,0.05313656993378827,-0.044710678683519814,0.06819482844209405
glycidylaldehyde,765-34-4,O=CC1CO1,,48972,-18.4710896,-9.923137462,0.20795519371238086,0.030590085822102507,0.2769900436013353
glycolmethacrylate,868-77-9,CC(=C)C(=O)OCCO,,2592,-185.876415,-168.6942944,0.14028625393699967,-0.12115868501149717,0.027762937701858018
h2o2,7722-84-1,OO,,51360,-87.59575787,-393.1293264,0.47290780818037115,0.7280731751345556,-0.21903750493002028
heptanal,111-71-7,C(CCCCCC)=O,,20421,-73.23543512,63.95550148,0.03792335659532465,-0.0909296826971901,0.0038798614254024473
heptanedinitrile,646-20-8,C(CCCCCC#N)#N,,43531,-73.98115312,5.03310583,0.21788783959773297,-0.030552537001625954,0.2710677099958962
heptanenitrile,629-08-3,C(CCCCCC)#N,,19864,-66.06046267,43.68343609,0.058487742943735065,-0.062340652042798615,0.04291570007495925
heptanoylchloride,2528-61-2,C(CCCCCC)(=O)Cl,,19910,204.6013548,10.17614542,-0.1161372517897029,0.017756918032134368,0.024651106054397055
hexahydro-1h-azepine,111-49-9,N1CCCCCC1,,2231,-546.2604858,125.5446714,0.2080694775623386,-0.2702403882359222,-0.17760544591166466
hexamethyldisilazane,999-97-3,C[Si](N[Si](C)(C)C)(C)C,,36937,-126.1841898,75.05869601,-0.16199621139282805,0.04699523173491801,-0.028779148206681107
hexanal,66-25-1,C(CCCCC)=O,,19834,-78.41121217,61.2440991,0.05809705940454226,-0.0917784759365125,0.022714013417258583
hexanenitrile,628-73-9,C(CCCCC)#N,,19174,-69.3146765,40.18294894,0.0815775740971142,-0.06149848905744295,0.06624239143432087
hexylamine,111-26-2,C(CCCCC)N,,23758,-601.7394197,123.7926474,0.25422905217330505,-0.26768715739276144,-0.1731293085566553
hexanoylchloride,142-61-0,C(CCCCC)(=O)Cl,,19221,201.1144046,8.42338831,-0.10564883453746465,0.021053185721499983,0.036011742216431414
hexylbutyrate,2639-63-6,C(CCCCC)OC(CCC)=O,,23827,-57.86018562,78.95836912,-0.015914905667985813,-0.09761669739966802,-0.04543401356724956
hexylbenzene,1077-16-3,C(CCCCC)C1=CC=CC=C1,,24143,226.0140051,35.57630564,-0.17953424349000133,0.02592679834729333,0.004541789909792066
hexyldecanoate,10448-26-7,C(CCCCC)OC(CCCCCCCCC)=O,,21191,-49.93071889,84.95898976,-0.067018899287483,-0.0799792471842924,-0.06224498795372762
hexyloctanoate,1117-55-1,C(CCCCC)OC(CCCCCCC)=O,,20492,-52.2078152,83.41306772,-0.03429619387034416,-0.0958207094174394,-0.05713141174860228
hexyne,693-02-7,C#CCCCC,,610,185.8603456,-57.42125286,-0.04467120275072683,0.11981868655377137,0.011111524512517413
hydroxyacetonitrile,107-16-4,OCC#N,,43626,-82.31804659,-377.4502612,0.4695349809884408,0.5283541356659958,0.04731993332522617
indane,496-11-7,C1CCC2=CC=CC=C12,,52801,211.2665373,31.08627258,-0.14217695736873556,0.022776502237906202,0.026552602360942448
indoline,496-15-1,N1CCC2=CC=CC=C12,,52810,-106.1511312,-33.10041739,0.13048366611964934,0.05929626731228843,-0.017725749610480273
isoamylchloride,107-84-6,C(CC(C)C)Cl,,10097,216.6246626,26.71969162,-0.15657911699595417,0.02700491430986864,0.020309123839993056
isobutylformate,542-55-2,C(C(C)C)OC=O,,10294,-46.47945708,32.84723422,0.053384285233059714,-0.05305784514971502,0.036597103953281314
isobutylbenzene,538-93-2,C(C(C)C)C1=CC=CC=C1,,10407,222.9095255,32.52170404,-0.16088865301937547,0.026352341068243412,0.01807856330150071
isobutylbromide,78-77-3,C(C(C)C)Br,,9489,213.6011024,21.6645306,-0.14531073404702555,0.028807817221187648,0.027980695555610238
isobutylisobutyrate,97-85-8,C(C(C)C)OC(C(C)C)=O,,10247,-67.6058537,80.20035856,-0.0073966658682209025,-0.09513111506153973,-0.026027564134942
isobutylcyclohexane,1678-98-4,C(C(C)C)C1CCCCC1,,9761,272.1197492,57.69259734,-0.27003437010767833,0.03172956680630666,-0.03535115223608942
isobutylcyclopentane,3788-32-7,C(C(C)C)C1CCCC1,,9759,271.6832386,58.02010406,-0.26738683051074,0.03155527458822252,-0.03460184767304295
isobutylmethacrylate,97-86-9,C(C(C)C)OC(C(=C)C)=O,,2545,-48.5216854,71.008276,-0.01911265637710281,-0.07150666340641913,-0.013066513137154831
isobutyricacid,79-31-2,C(C(C)C)(=O)O,,9049,-82.59098287,-358.5558372,0.257310791843749,0.3183178879034972,-0.11610703631635794
isobutylpropionate,540-42-1,C(C(C)C)OC(CC)=O,,14423,-77.13419035,75.50179979,0.01185476443781067,-0.09082996111665786,-0.012197801041390169
isobutyricanhydride,97-72-3,C(C(C)C)(=O)OC(C(C)C)=O,,9050,4.80510713,53.04627641,0.007369144858518627,-0.04779889804238469,0.06290084216797678
isobutylvinylether,109-53-5,C(C(C)C)OC=C,,5175,101.0790845,47.71731332,-0.08530360276437139,-0.022280079165724758,-0.0033825415903781077
isocaproicacid,646-07-1,C(CCC(C)C)(=O)O,,9797,-80.8730898,-351.7749287,0.2162713043950571,0.31149683867790146,-0.13848128796794912
isobutyrylchloride,79-30-1,C(C(C)C)(=O)Cl,,9034,195.9353264,16.85651656,-0.0845267348739986,0.015158387782606319,0.05556528889479097
isooctanol,26952-21-6,C(CCCCC(C)C)O,,10063,-190.0180447,-165.7392461,0.10981292022754355,0.08678960838292277,-0.16330554186872148
isomesityloxide,3744-02-03 00:00:00,CC(=C)CC(C)=O,,2785,-108.0881171,56.71070895,0.09304803495431656,-0.0981704537033314,0.041784682376993884
isononylalcohol,3452-97-9,C(CCCCCC(C)C)O,,10056,-187.6561346,-170.4743332,0.10071367417493608,0.08502559689702116,-0.1697441300789686
isopentylbutanoate,106-27-4,C(CC(C)C)OC(CCC)=O,,16934,-58.99051665,76.50940321,-0.036393247483854335,-0.07705898599894302,-0.03540782251762632
isopropylbenzene,98-82-8,C(C)(C)C1=CC=CC=C1,,10936,217.4909899,29.28299679,-0.14109503307432256,0.026389596469245713,0.02989008083222509
isopropylcyclohexane,696-29-7,C(C)(C)C1CCCCC1,,9445,273.2790549,58.1038347,-0.2696496235408203,0.03209501283238401,-0.03440528482508004
isopropylformate,625-55-8,C(C)(C)OC=O,,10642,-55.57770494,32.02885217,0.08351574218627145,-0.05587516575643283,0.06330088222539322
isopropyldisulfide,4253-89-8,C(C)(C)SSC(C)C,,10781,198.4995318,36.96342198,-0.15044753246309434,0.017171688159855276,0.017121424576500174
isovalericacid,503-74-2,C(CC(C)C)(=O)O,,9530,-80.36584042,-357.3753984,0.23914409510036788,0.32532938195536254,-0.1284613256620306
leucamine,107-85-7,CC(C)CCN,,10100,-613.7449259,120.3206573,0.2776721938809121,-0.2696859522293908,-0.15764128772412178
m-dimethoxybenzene,151-10-0,COC1=CC(=CC=C1)OC,,36081,57.39685679,20.75243614,-0.009647622556886507,-7.25672443676992e-05,0.07217328943987757
m-ethylphenol,620-17-7,C(C)C=1C=C(C=CC1)O,,30621,10.80857412,-428.2496253,0.2607641454133644,0.43066254387964054,-0.09694071389404207
m-difluorobenzene,372-18-9,FC1=CC(=CC=C1)F,,43192,216.8770172,-26.31283079,-0.09913112735950484,0.06587512154343339,0.0514398156170172
m-ethylaniline,587-02-0,C(C)C=1C=C(N)C=CC1,,30619,-123.4858755,-46.27642604,0.16027160557423523,0.10179306905476383,-0.016423796212131237
m-ethyltoluene,620-14-4,C(C)C=1C=C(C)C=CC1,,30598,216.1950772,33.55782062,-0.1501580248202639,0.020739330694799458,0.02329225797271545
m-fluoroaniline,372-19-0,FC=1C=C(N)C=CC1,,45142,-52.0445702,-87.77311347,0.1953738490024476,0.19695581947047305,0.00235162110590582
m-fluoroanisole,456-49-5,FC=1C=C(C=CC1)OC,,36061,113.0972773,10.02592511,-0.04455946848609022,0.027478342653783138,0.055448270164210826
m-fluorophenetole,458-03-7,FC=1C=C(C=CC1)OCC,,29734,111.2995625,18.41610376,-0.06028752531880102,0.016458915526257663,0.038111646591845134
m-methylbenzylalcohol,587-03-1,CC=1C=C(CO)C=CC1,,39663,-157.6189581,-205.9178915,0.18004462169122482,0.14786917820517778,-0.08280027012858966
m-toluenethiol,108-40-7,CC1=CC(=CC=C1)S,,39773,183.1899175,-86.98724548,-0.029292006382524823,0.09875941507520804,0.06306612391218748
m-trifluoromethylphenol,98-17-9,FC(C=1C=C(C=CC1)O)(F)F,,51606,58.90278687,-515.999012,0.3140593783957434,0.5430264233234741,-0.08976316164240253
mandelonitrile,532-28-5,C(C(O)C1=CC=CC=C1)#N,,43400,-39.90353625,-380.5783991,0.2947640867086717,0.36311954970583843,-0.021204465990710106
mechlorethamine,51-75-2,CN(CCCl)CCCl,,31367,-138.0032301,50.15783801,0.04199448701895966,-0.05320615684825147,0.004599027593809359
mercaptoaceticacid,68-11-1,SCC(=O)O,,47014,-56.40813658,-413.5538817,0.38579489432897157,0.4921462444010043,-0.04606945653356077
methacrylalcohol,513-42-8,C(=O)(C(=C)C)O,,2522,-165.3400058,-212.1572924,0.28062495630002354,0.37471078572599575,-0.11793619703343002
methanesulfonyl-chloride,124-63-0,CS(=O)(=O)Cl,,36341,136.4252871,-119.3569315,0.14245741334496065,0.17839791743970415,0.1483824385700514
methoxyacetylchloride,38870-89-2,COCC(=O)Cl,,33642,3.345581976,-18.19400998,0.06631395469273607,0.020260811227604498,0.09343892210898058
methoxycyclohexane,931-56-6,COC1CCCCC1,,33557,-195.2945478,106.1999242,0.01264247250723186,-0.1409474862327358,-0.08900815125313581
methyl-octyl-sulfide,3698-95-1,CSCCCCCCCC,,23402,70.83015206,62.94092116,-0.13397177240699037,-0.019963730383056353,-0.023266317935011088
methyl2-chloroacrylate,80-63-7,COC(C(=C)Cl)=O,,3133,17.94233816,13.74004976,0.036127238304881584,-0.014730573368078571,0.07021399344054458
methylacrylate,96-33-3,COC(C=C)=O,,3635,-42.42986124,36.96391667,0.09222822632770393,-0.053820667180913814,0.08617965307610465
methylbutyrate,623-42-7,COC(CCC)=O,,16880,-67.6545294,60.26528937,0.0538639798282374,-0.08276645819080523,0.029551101135164824
methylcyclohexane,108-87-2,CC1CCCCC1,,13811,273.5182861,58.89234458,-0.2707478225483798,0.03180613344011778,-0.03729507542329256
methylcyclopentane,98-37-7,CC1CCCC1,,13793,272.6686661,58.97673363,-0.2674458370266313,0.031879842129473604,-0.035739377579461065
methyldichloroacetate,116-54-1,COC(C(Cl)Cl)=O,,32340,64.52763297,-69.66807986,0.05231100613532534,0.08200880485461558,0.046551867750063564
methylenecyclohexane,1192-37-6,C=C1CCCCC1,,3398,214.3190061,51.97165829,-0.1959801343303487,0.012394968885290295,-0.01309125355351166
methylenecyclopentane,1528-30-9,C=C1CCCC1,,3391,188.0200564,54.33900323,-0.18861866997447674,0.01060118608245403,-0.011775041161966367
methylhydrazine,60-34-4,CNN,,31956,-519.0062792,44.23657612,0.4038590666466213,-0.17188320183178776,0.11618163466972248
methylheptanoate,106-73-0,COC(CCCCCC)=O,,19927,-57.19357337,68.15782828,0.004288805699978637,-0.0859637447413118,-0.01944020685236731
methylhexanoate,106-70-7,COC(CCCCC)=O,,19247,-63.3075626,66.39987871,0.013700536944647563,-0.08178978177004412,-0.00586008133142653
methylhydroperoxide,3031-73-0,COO,,34103,-67.2640022,-359.6175388,0.3593240947953808,0.4101392412091926,-0.009331126069864276
methylmethacrylate,80-62-6,COC(C(=C)C)=O,,2523,-46.77424303,51.73554241,0.051502605086619135,-0.06624933154972917,0.04510572067983073
methyllinolenate,301-00-8,CC\C=C/C/C=C\C\C=C/CCCCCCCC(=O)OC,3.0,12241,-27.08873158,66.48690374,-0.04993786069653191,-0.06922025921382166,-0.03698215676597622
methylnonanoate,1731-84-6,COC(CCCCCCCC)=O,,20896,-50.64456413,71.12324229,-0.04348637895449924,-0.0722250281858851,-0.04059038027676194
methyln-butylether,628-28-4,COCCCC,,24826,-168.6958076,101.4972274,0.018495144090091238,-0.13038793424624,-0.06365461075006301
methyloctanoate,111-11-5,COC(CCCCCCC)=O,,20470,-54.96204254,69.91223785,-0.01777789124448785,-0.08174148923684936,-0.03248301256670394
methylpropionate,554-12-1,COC(CC)=O,,14381,-80.81494439,56.11873578,0.098686122192993,-0.08785083338879546,0.06816952856349516
methylthiirane,1072-43-1,CC1SC1,,13978,43.36070882,31.88323447,-0.04239199987838354,-0.00022344187571255396,0.051900003372385636
methylthiocyanate,556-64-9,CSC#N,,36436,-24.88157081,-11.02517042,0.15568969099100527,0.01443599139552145,0.1813293225599301
methylthiophene,616-44-4,CC=1SC=CC1,,40104,209.4720464,-5.243184145,-0.1017471703288715,0.04106163830843326,0.05540334150207851
methyltrichloroacetate,598-99-2,COC(C(Cl)(Cl)Cl)=O,,32334,121.5874907,12.10533815,-0.06148312277375646,0.011641841144568569,0.04197019852909335
methylvalerate,624-24-8,COC(CCCC)=O,,18201,-63.9244854,63.4951475,0.03158611569312471,-0.0820840779376089,0.012147050907843937
metolachlor,51218-45-2,CCc1cccc(C)c1N(C(C)COC)C(=O)CCl,,30601,-130.1624959,55.9445136,0.042165515046886044,-0.08887944200880299,-0.014275054254371916
myristicin,607-91-0,COc1cc(CC=C)cc2OCOc12,,4976,93.71898662,5.249979861,-0.05024408661346743,0.010897594858586343,0.043972237171794944
"n,n'-dimethylpiperazine",106-58-1,CN1CCN(C)CC1,,31599,-428.7297599,131.2042309,0.15308809723504316,-0.2340882443098941,-0.12468332981301652
"n,n,2,6-tetramethylbenzeneamine",769-06-2,CN(C)c1c(C)cccc1C,,39626,214.8162748,35.46473564,-0.1555792704611012,0.016128842737423172,0.01707845222626912
"n,n,n',n'-tetramethyl-1,2-ethanediamine",110-18-9,CN(C)CCN(C)C,,31052,-449.5791486,140.3516596,0.13839809959616964,-0.23081239634427425,-0.1273031378917608
"n,n-diethyl-benzeneamine",91-66-7,CCN(CC)c1ccccc1,,26916,120.8583967,38.92242773,-0.11890333582210576,0.017524663169329057,0.0434182946220967
"n,n-diethylethylenediamine",100-36-7,CCN(CC)CCN,,26799,-672.211623,139.1939701,0.2783471277225728,-0.30459050500942897,-0.1742077363705062
"n,n-dimethyl-1,3-benzenediamine",2836-04-06 00:00:00,CN(C)c1cccc(N)c1,,31294,-160.9363643,-29.08707919,0.19009777799824945,0.0743588814761163,0.017532070060912376
"n,n-dimethyl-o-toluidine",609-72-3,CN(C)c1ccccc1C,,40003,71.51071069,47.5019119,-0.08308439686413745,-0.019938952276497928,0.002911998949355064
"n,n-dimethylbenzylamine",103-83-3,CN(C)Cc1ccccc1,,31089,-246.1349294,94.59501133,0.11719625170727736,-0.16975608501753853,-0.09520837503820008
"n,n-dimethylbutanamide",760-79-2,CCCC(=O)N(C)C,,16845,-268.7358499,90.98646507,0.17045234729243355,-0.1769171769821304,0.002602180020886873
"n,n-dimethylpentanamide",6225-06-05 00:00:00,CCCCC(=O)N(C)C,,18182,-263.7600656,93.20347849,0.14590600576026816,-0.17132894762994358,-0.014365828220259398
"n,n-dimethylpropanamide",758-96-3,CCC(=O)N(C)C,,14340,-269.7051685,85.63110365,0.19408316786684865,-0.17692623826193166,0.030944845425601
"n,n-dipropyl-1-propanamine",102-69-2,CCCN(CCC)CCC,,25749,-826.5372802,215.3947473,-0.15916448988554982,-0.04540439208681285,-0.08151758946318327
"n-(2-aminoethyl)-1,2-ethanediamine",111-40-0,NCCNCCN,,44517,-587.9861421,86.38074026,0.406536040979862,-0.2864698203388197,-0.02830377049460931
n-2-propenyl-2-propen-1-amine,124-02-7,C=CCNCC=C,,4669,-432.9434809,98.02061709,0.19511227932153588,-0.16132190480834094,-0.09595654204105512
n-acetyl-n-methylacetamide,1113-68-4,CN(C(C)=O)C(C)=O,,6171,-111.1064972,39.15593761,0.17777333352862645,-0.08345078988032995,0.150199730433096
n-bucooh,109-52-4,CCCCC(O)=O,,18200,-81.76699249,-354.8361162,0.23538426234263846,0.3221450243989231,-0.13005111583227572
n-benzyl-1-phenylmethanamine,103-49-1,C(NCc1ccccc1)c2ccccc2,,52609,-342.901369,82.48070747,0.17716054913329737,-0.16204183478995898,-0.07022121578360593
n-butylpropionate,590-01-2,C(CCC)OC(CC)=O,,24875,-72.08124856,73.63506428,0.015254860090559198,-0.0932576659482215,-0.014995178216048026
n-butylacetamide,1119-49-9,C(CCC)CC(=O)N,,19527,-268.7980783,9.202950462,0.2132175683485157,0.06985885231762522,-0.05650321304658142
n-butylaniline,1126-78-9,C(CCC)NC1=CC=CC=C1,,24810,83.34003409,-35.36544247,0.022360051133302486,0.07455394903491482,-0.014218272155642213
n-butylethylsulfide,638-46-0,C(CCC)SCC,,25471,50.92375549,62.18104505,-0.09896637684979986,-0.031685066526808546,-0.009836289066550794
n-cyclohexylcyclohexaneamine,101-83-7,C1CCC(CC1)NC2CCCCC2,,2102,-596.1569792,163.0564666,0.10107595129138723,-0.24033973909324852,-0.2070762974444769
n-decylcyclopentane,1795-21-7,C(CCCCCCCCC)C1CCCC1,,21548,271.6024821,58.15739602,-0.2715203783464349,0.031551854012307784,-0.03695014440330457
n-dodecylcyclopentane,5634-30-0,C(CCCCCCCCCCC)C1CCCC1,,21886,271.4759116,58.03735595,-0.2715173051042839,0.031476949292791524,-0.03698114074502641
n-ethyl-morpholine,100-74-3,C(C)N1CCOCC1,,27061,-349.0222345,110.339021,0.13537963119078916,-0.19429181498976128,-0.07212056171098909
n-ethyl-n-butylamine,13360-63-9,C(C)NCCCC,,24778,-525.9164084,136.9286696,0.07114576726057445,-0.1732503283245317,-0.15137923479817314
n-ethyl-2-methylbenzenamine,94-68-8,C(C)NC1=C(C=CC=C1)C,,27177,79.08906779,-4.97648183,0.021217829305467218,0.054637223561295155,0.0037119011193491105
n-ethylaniline,103-69-5,C(C)NC1=CC=CC=C1,,27176,65.44152424,-36.0058578,0.0761907176096005,0.11045535029422832,0.008016482079686693
n-ethylacetamide,625-50-3,C(C)NC(C)=O,,27112,-272.9307425,-1.009162038,0.2641380691767718,0.0030831679471955567,-0.0011898495988068333
n-ethyldiisopropylamine,7087-68-5,C(C)N(C(C)C)C(C)C,,26610,-470.1397728,159.4364606,-0.05208422525900336,-0.12242226024395968,-0.13236611448610736
n-heptanoicacid,111-14-8,C(CCCCCC)(=O)O,,19926,-70.8021047,-353.4150501,0.1996355961568364,0.30873396609996445,-0.15395977337645358
n-hexanoicacid,142-62-1,C(CCCCC)(=O)O,,19246,-78.02318796,-352.5176494,0.21523483889366155,0.3127661354215145,-0.14297015176690744
n-hexylacetate,142-92-7,C(CCCCC)OC(C)=O,,23892,-79.75111086,72.92369891,0.014950950373664675,-0.09445310029942891,-0.021865189688748073
n-heptylbenzene,1078-71-3,C(CCCCCC)C1=CC=CC=C1,,23747,228.2792198,37.06199425,-0.18616979818539808,0.02591409352783321,0.0010721109098842275
n-heptylcyclopentane,5617-42-5,C(CCCCCC)C1CCCC1,,20839,271.9877084,58.32917135,-0.27123782052789164,0.03159287357723364,-0.03749784626954394
n-hexylcyclopentane,4457-00-5,C(CCCCC)C1CCCC1,,20387,272.3434098,58.45187696,-0.27118307169626343,0.03167231808401726,-0.037277994318640525
n-methylaniline,100-61-8,CNC1=CC=CC=C1,,32023,66.07309579,-68.01303242,0.09860882418688278,0.13629097321429215,0.025609986055169887
n-methylbutylamine,110-68-9,CNCCCC,,24744,-540.4541605,124.0489732,0.20415197663481835,-0.25757868121523547,-0.17634422146306836
n-methylmorpholine,109-02-4,CN1CCOCC1,,31630,-366.0754264,108.3948672,0.16989442479619138,-0.2031398788139093,-0.054564968531669034
n-methylpentafluorobenzene,771-56-2,Cc1c(F)c(F)c(F)c(F)c1F,,37382,243.4048133,28.00745232,-0.18633188329063574,0.03550913672347622,0.010561763411724259
n-methylpropanamide,1187-58-2,CNC(CC)=O,,14355,-270.3852182,-5.225249204,0.24075239430241133,0.03271176715084005,-0.007380443894549191
n-methylpiperidine,626-67-5,CN1CCCCC1,,31578,-440.8785911,148.5797063,0.1040738436385715,-0.2391867729114964,-0.18278828118084242
n-nitroso-n-methylurethane,615-53-2,CCOC(=O)N(C)N=O,,28254,-7.567058365,28.450882,0.06689998245790597,-0.028229925754915054,0.11127358786625147
n-nitrosodimethylamine,62-75-9,CN(C)N=O,,31095,-140.7798652,29.40061013,0.21264465060103685,-0.07450129422775349,0.2269781244953336
n-nonane,111-84-2,CCCCCCCCC,,20865,274.219728,59.2376899,-0.26794877557005553,0.03163827154674425,-0.03440641417334086
n-octylbenzene,2189-60-8,C(CCCCCCC)C1=CC=CC=C1,,23483,230.1573645,38.22992952,-0.19201362068381952,0.026188547632190085,-0.002267952247307654
n-octylcyclopentane,1795-20-6,C(CCCCCCC)C1CCCC1,,21122,271.9062966,58.33438852,-0.2710823483046529,0.03157922309851541,-0.036892274675810625
n-pentylamine,110-58-7,C(CCCC)N,,24157,-608.3992331,121.0397797,0.2683767034761066,-0.2612494014722185,-0.16226607259041942
n-propylacetate,109-60-4,C(CC)OC(C)=O,3.0,26016,-92.58957435,65.16744357,0.06880984669803865,-0.09676512670495417,0.029163280132259085
n-propylbenzene,103-65-1,C(CC)C1=CC=CC=C1,,26523,217.3586768,30.04670808,-0.15225474606959585,0.02639643846521579,0.02183362905039822
n-propylbutyrate,105-66-8,C(CC)OC(CCC)=O,,25937,-72.65799581,74.79664976,0.016480218116064586,-0.09947991879230746,-0.016140352072085407
n-propylcyclohexane,1678-92-8,C(CC)C1CCCCC1,,18010,273.459226,58.54966067,-0.272840624313092,0.032072637988793985,-0.037552547709002834
n-propyllactate,616-09-1,C(CC)OC(C(O)C)=O,,25908,-171.5136421,-74.31506471,0.11893791348435061,-0.02772873067319126,-0.02515960927139912
n-undecane,1120-21-4,CCCCCCCCCCC,,21360,273.4219914,58.97489495,-0.269183826794096,0.031655331632573475,-0.03370589166847486
nerol,106-25-2,OC\C=C(/CCC=C(C)C)\C,,8862,-195.6770748,-147.2912882,0.1086259421210925,-0.09701756998964703,-0.0874004152872161
nicotine,54-11-5,N1=CC(C2N(C)CCC2)=CC=C1,,31574,-352.9485829,103.1768601,0.14722917706106195,-0.19539633842936346,-0.09300536378203149
nitrogentrichloride,10025-85-1,N(Cl)(Cl)Cl,,40942,258.7832543,32.41538382,-0.20921096215715476,0.04515157320882435,-6.424119888831175e-05
nonanal,124-19-6,C(CCCCCCCC)=O,,21145,-69.02696012,68.62458259,0.008824954142408201,-0.08958413599650548,-0.023462022712862855
nonanonitrile,2243-27-8,C(CCCCCCCC)#N,,20874,-59.62538671,48.75905355,0.025106125984058977,-0.064118056792918,0.009605940007958015
nonylbenzene,1081-77-2,C(CCCCCCCC)C1=CC=CC=C1,,23194,231.4960976,39.02908201,-0.20751404120396225,0.02793725576446576,-0.01194773700023939
"o,p-bisphenola",837-08-1,CC(C)(c1ccc(O)cc1)c2ccccc2O,,8605,1.647930556,-409.3224138,0.28534472509376957,0.44206787467163855,-0.07828915578923432
o-chlorostyrene,2039-87-4,ClC1=C(C=C)C=CC=C1,,5567,221.7833252,3.59207713,-0.12528718683024237,0.048531302933634654,0.042411822527519044
o-chlorofluorobenzene,348-51-6,ClC1=C(C=CC=C1)F,,43208,221.2439582,-10.56368285,-0.11651422661840145,0.05970724678198813,0.04258198159609368
o-fluoroaniline,348-54-9,FC1=C(N)C=CC=C1,,45198,-59.97591924,-76.55548409,0.18440472481359224,0.17727563791907777,-0.009666860222898714
o-difluorobenzene,367-11-3,FC1=C(C=CC=C1)F,,43209,218.671666,-11.71445868,-0.10283978364123558,0.061472393075110425,0.049811122828123576
o-t-butylphenol,88-18-6,C(C)(C)(C)C1=C(C=CC=C1)O,,8340,94.6108105,-461.9005976,0.2499775712120766,0.5081024613073074,-0.05720817164950358
o-toluicacidmethylester,89-71-4,COC(=O)c1ccccc1C,,33130,-19.25701057,45.41362577,0.0058672197719651376,-0.04729319212427847,0.013409781669869785
octanal,124-13-0,C(CCCCCCC)=O,,20861,-70.10563027,66.29557231,0.023028334110199434,-0.09134503307277375,-0.012248447753685105
octamethyltrisiloxane,107-51-7,C[Si](O[Si](O[Si](C)(C)C)(C)C)(C)C,,37011,-69.6060166,91.93216067,-0.16506231836058946,-0.003012276756405248,-0.03175769376868512
octene,111-66-0,C=CCCCCCC,,4447,229.8408942,51.86384017,-0.21741396806150523,0.021536020382611654,-0.019713030750166047
octanoylchloride,111-64-8,C(CCCCCCC)(=O)Cl,,20452,207.5537208,12.79381922,-0.1303328589609105,0.01985703781747471,0.019691513497430726
octan-4-ol,589-62-8,CCCC(CCCC)O,,18814,-190.1780035,-137.5953532,0.10169662688981387,0.06895146494437661,-0.1634187239999385
octylbutyrate,110-39-4,C(CCCCCCC)OC(CCC)=O,,23259,-53.71073219,81.05786868,-0.04888757551889698,-0.08676650445702713,-0.05841389693052017
octanenitrile,124-12-9,C(CCCCCCC)#N,,20433,-62.71453889,46.57228939,0.043656481629277634,-0.06631692454053023,0.021682918374505103
octanedinitrile,629-40-3,C(CCCCCCC#N)#N,,43534,-76.58223512,15.13016021,0.18530233417274253,-0.0437421239703505,0.21245454242238868
octyne,629-05-0,C#CCCCCCC,,621,194.4907757,-49.96669468,-0.07324209380792603,0.12038241555617846,-0.011141670922081138
oxiranemethanol,556-52-5,O1C(C1)CO,,51295,-169.0865246,-207.8450253,0.26666139546139667,0.06690182032896771,0.09384846520323063
oxybischloromethane,542-88-1,ClCOCCl,,40904,173.2796666,-72.21151037999999,-0.019868647347054066,0.08223453756541668,0.08317737001663118
p-(t-butyl)toluene,98-51-1,C(C)(C)(C)C1=CC=C(C)C=C1,,38519,222.2339543,36.13905627,-0.16277995394611838,0.021586824439877215,0.016299439663015634
p-difluorobenzene,540-36-3,FC1=CC=C(C=C1)F,,43150,212.6285836,-23.76656108,-0.08673215374192592,0.067828812201944,0.057647242534285145
pbr3,7789-60-8,BrP(Br)Br,,166,242.3834748,18.76280566,-0.21199112462207564,0.041256593784063454,-0.0014139526443200624
pcl3,7719-12-02 00:00:00,ClP(Cl)Cl,,40947,245.94281,14.95509227,-0.2174885303357448,0.04504073435915267,-0.004958443946306786
peg-5_mw238,4792-15-8,OCCOCCOCCOCCOCCO,,51228,-286.33037,-41.24379565,0.13787052372543257,-0.1305306757720453,0.037602350519646034
pentachloroethane,76-01-7,ClC(C(Cl)(Cl)Cl)Cl,,40600,215.4822888,-156.3295433,-0.04452744831130739,0.21105887692522105,-0.011687263407251973
pentafluoro(trifluoromethyl)benzene,434-64-0,FC1=C(C(=C(C(=C1C(F)(F)F)F)F)F)F,,43040,249.7603987,11.881984,-0.17951878961927054,0.0477408265110126,0.014406614408998562
pentaethylbenzene,605-01-6,C(C)C=1C(=C(C(=C(C1)CC)CC)CC)CC,,30312,219.5765944,49.11084128,-0.19762325624533159,0.014777461795223306,-0.005483168128811259
pentafluorobenzene,363-72-4,FC=1C(=C(C(=C(C1)F)F)F)F,,43086,228.751115,-65.70962839,-0.11842411319621277,0.10312005571386801,0.00922556110410516
pentanoicacidbutylester,591-68-4,CCCCOC(=O)CCCC,,24898,-64.90518725,78.09467329,-0.0008068623562060425,-0.09769523846158332,-0.030487201802094306
pentanoicacidpropylester,414-06-0,C(CCCC)(=O)OCCC,,18229,-66.31307954,76.10684839,0.006651540777723523,-0.10224798796594012,-0.030514432684622575
pentanedinitrile,544-13-8,C(CCCC#N)#N,,43522,-53.64551711,-35.82940517,0.2921868795002883,0.03201752815285847,0.4058986720237578
pentylbutyrate,540-18-1,C(CCCC)OC(CCC)=O,,24238,-61.35822116,77.6362497,-0.004468591050912785,-0.09971675241409432,-0.03788408958706658
pentylbenzene,538-68-1,C(CCCC)C1=CC=CC=C1,,24595,223.1231472,34.05523289,-0.17166035178235511,0.025935213762213815,0.009187988274212187
pentylcyclopentane,3741-00-2,C(CCCC)C1CCCC1,,19803,272.2541896,58.43744303,-0.2708351662878391,0.03166771109911889,-0.03735321805688457
pentylcyclohexane,4292-92-6,C(CCCC)C1CCCCC1,,19805,272.8112736,58.27718092,-0.27303302350612635,0.03189244113515709,-0.03792908396805723
peroxyaceticacid,79-21-0,C(C)(=O)OO,,7050,10.66110407,-283.4093506,0.2646544791436038,0.24392832077828908,0.10403296814977532
phenylacetonitrile,140-29-4,C1(=CC=CC=C1)CC#N,,43654,-31.76770735,-12.0242525,0.11966532527103932,0.01427454602429127,0.13109881172646456
phenylisothiocyanat,103-72-0,C1(=CC=CC=C1)N=C=S,,51762,214.4842835,-4.831490142,-0.11272632606884646,0.05311618638601809,0.048099439706524326
phenyltrichlorosilane,98-13-5,C1(=CC=CC=C1)[Si](Cl)(Cl)Cl,,41055,236.7034887,8.584584635,-0.17201334805272123,0.05012857049556081,0.017289447186726623
phenylpropylether,622-85-5,C1(=CC=CC=C1)OCCC,,26245,72.94787878,40.44190823,-0.06080169188151591,-0.008880034465169858,0.023609099790095355
phorate,298-02-2,CCO[P](=S)(OCC)SCSCC,,29365,-48.72175012,38.95495179,-0.1084548163137422,0.025033452468193343,0.03583476525854586
piconol,586-98-1,OCc1ccccn1,,51332,-258.0130384,-129.336839,0.16415207615185665,-0.09407734069509936,0.0460649426227235
pinane,473-55-2,C12C(CCC(C1(C)C)C2)C,,13736,271.5384151,56.69838372,-0.2618263762049853,0.03217736556216044,-0.03023446373074321
"propanoicacid,anhydride",123-62-6,CCC(=O)OC(=O)CC,,14382,-12.58234449,36.89338618,0.07406519465506993,-0.03403908607187744,0.12065457372150187
propanesulfonylchloride,10147-36-1,C(CC)S(=O)(=O)Cl,,26270,154.7279185,-72.82773403,-0.002099627159542309,0.05018259849801996,0.11227211102802864
propanoicacidhexylester,2445-76-3,CCCCCCOC(=O)CC,,23823,-63.32676381,76.96888692,-0.01429978816314401,-0.08685346502948621,-0.028106319794235366
propanoicacidethenylester,105-38-4,CCC(=O)OC=C,,5069,9.318094896,41.16350015,0.023258567263620605,-0.03834113404015734,0.05085126068013277
propionicacid,79-09-4,C(CC)(=O)O,8.0,14380,-91.49176168,-360.0229263,0.30623314074779684,0.3361202846078366,-0.0729508635359206
propionylchloride,79-03-8,C(CC)(=O)Cl,,14337,185.3223678,-9.997614639,-0.034734630914155594,0.03440384066681852,0.0854946231275977
propylcyclopentane,2040-96-2,C(CC)C1CCCC1,,18006,272.7822971,58.6952295,-0.270586161081179,0.031813851296408194,-0.03766192631963121
propylhexanoate,626-77-7,C(CC)OC(CCCCC)=O,,19266,-63.690594,77.71440502,-0.022489086219283493,-0.0891261448094051,-0.042563394711677166
propylpropionate,106-36-5,C(CC)OC(CC)=O,,25931,-81.29408081,72.05512787,0.034356454953186524,-0.09696797919332563,-0.0018665878736424527
"pyridine,2-methyl-5-vinyl",140-76-1,Cc1ccc(C=C)cn1,,5482,-326.1928839,81.82538956,0.1788613323481924,-0.15623995923524692,-0.0444162240057402
pyridazine,289-80-5,N1=NC=CC=C1,,53003,-316.1686623,25.68080289,0.3097454498943827,-0.10593375047272836,0.17703313040131302
pyrrole,109-97-7,N1C=CC=C1,,52370,81.84976236,-163.1858032,0.2896004657327505,0.4054476853977456,0.027503968524629573
"r,r-diisopropylenglycol",110-98-5,CC(O)COCC(C)O,5.0,11797,-245.2527332,-143.7155999,0.21885276319351343,0.0598194278212716,-0.06642526479034924
ricinoleicacidmethylester,141-24-2,CCCCCC[C@@H](O)C\C=C/CCCCCCCC(=O)OC,7.0,20245,-170.3592155,-49.92460805,0.038738472163904386,-0.15147903208449684,-0.10343164053055227
salicylicaldehyde,90-02-8,Oc1ccccc1C=O,,49071,-23.03311442,-34.59664983,0.08078316138839597,-0.0066985401511607525,0.0819504900277831
sec-butylacetate,105-46-4,C(C)(CC)OC(C)=O,,15374,-88.18513195,70.83672395,0.042936181726333726,-0.09766059805120024,0.003083623231175098
silicicacidtetramethylester,681-84-5,CO[Si](OC)(OC)OC,,34332,-16.55117529,55.5936164,-0.03167743522185718,-0.04778838808166016,0.015308612195409537
styreneoxide,96-09-3,C1C(C2=CC=CC=C2)O1,,52537,-10.34009625,32.28559748,0.03022133319389667,-0.013516128326600603,0.07116001196414216
"spiro[5,5]undecane",180-43-8,C1CCCCC12CCCCC2,,2124,271.2269656,57.01495772,-0.2699487529876397,0.03207802369096527,-0.03530105632045773
sulfurylchloride,7791-25-5,S(=O)(=O)(Cl)Cl,,49324,222.4541099,27.045955,-0.11801822968889504,0.023603250155407107,0.049874019268148995
sulfuricaciddibutylester,625-22-9,CCCCO[S](=O)(=O)OCCCC,,25259,143.6909865,28.62256097,-0.07136065912134347,-0.00404089317109858,0.0446818817119517
t-butylacetoacetate,1694-31-1,C(C)(C)(C)OC(CC(=O)C)=O,,5977,-60.5950057,39.16356349,0.06827478864976712,-0.06324805273546269,0.05595278893438676
tert-amylthiol,1679-09-0,CCC(C)(C)S,,14756,81.1061885,29.2506446,-0.10692708211337648,-0.0007305011489062453,0.00480204732300759
tert-butylhydroperoxide,75-91-2,C(C)(C)(C)OO,,8163,-78.93095331,-296.9603229,0.20611418301008097,0.27826336213519226,-0.10514561406588611
tert-butylcyclohexane,3178-22-1,C(C)(C)(C)C1CCCCC1,,7879,271.9236627,57.38181327,-0.26616992880402063,0.031722232109568295,-0.032959960780431875
tert-butylisocyanate,1609-86-5,C(C)(C)(C)N=C=O,,8064,175.1202559,37.5790201,-0.11106991481351462,0.008751714746715484,0.04376083363962832
tert-butyliodide,558-17-8,C(C)(C)(C)I,,8041,205.0420156,24.67776951,-0.1530564488514287,0.022207525673359277,0.023730447494908182
tert-butylmethacrylate,585-07-9,C(C)(C)(C)OC(C(=C)C)=O,,2525,-59.6611953,74.89112011,-0.03353775866481465,-0.06715185795244859,-0.026156230912956387
tetrabutylgermane,1067-42-1,C(CCC)[Ge](CCCC)(CCCC)CCCC,,25533,271.6499883,58.17463277,-0.263397781170742,0.03201938782678825,-0.02614366948152883
tetrachlorogermane,10038-98-9,Cl[Ge](Cl)(Cl)Cl,,40991,271.1053069,53.99799785,-0.20795926748084145,0.07343897350249362,-0.018180628227404346
tetraethylene-glycol-monomethyl-ether,23783-42-8,COCCOCCOCCOCCO,,33945,-265.0613835,-44.23793066,0.13785398552488176,-0.13865116517826245,0.02305900530885185
tetraethylgermane,597-63-7,C(C)[Ge](CC)(CC)CC,,30069,273.942288,58.48175991,-0.2620811897852393,0.031548915698432864,-0.026056485829815186
tetraethylsilane,631-36-7,C(C)[Si](CC)(CC)CC,,30122,273.8438602,58.44690502,-0.2610243069882099,0.03171576059995684,-0.02531525689793579
"tetrahydro-2,2,5,5-tetramethylfuran",15045-43-9,CC1(OC(CC1)(C)C)C,,12552,-271.0290893,118.3088471,0.039334069562870354,-0.16286611583445293,-0.10585451209774209
tetrahydro-2h-pyran-2-methanol,100-72-1,O1C(CCCC1)CO,,51019,-225.0819921,-104.9274664,0.14827484717155567,-0.005826175418732522,-0.07615620919307554
tetrahydro-2h-pyran-2-one,542-28-9,O1C(CCCC1)=O,,48294,-166.3216678,44.92863352,0.22467782861473323,-0.11735120099026598,0.2040655617855864
tetrahydrothiophene,110-01-0,S1CCCC1,,2259,24.26322998,52.70084764,-0.041748919438515386,-0.040268058633486786,0.02968992160986533
tetralin,119-64-2,C1CCCC2=CC=CC=C12,,52802,212.6403018,33.67655455,-0.14951976049005303,0.018513693513486647,0.020870145518906355
"tetramethyl-1,3-dichlorodisiloxane",2401-73-2,C[Si](O[Si](Cl)(C)C)(Cl)C,,37103,215.7928877,23.05940097,-0.16629276640722837,0.03416850745601763,0.016832345973777304
tetramethylorthocarbonate,1850-14-2,COC(OC)(OC)OC,,33392,-4.104338657,53.65241875,-0.04323484259253584,-0.03101586740390013,0.018167639969075455
thiazole,288-47-1,S1C=NC=C1,,53069,-233.2128512,4.736450923,0.2248045488883314,-0.07911922983318528,0.02698112616033792
thiacyclobutane,287-27-4,S1CCC1,,2323,50.15786597,45.24722458,-0.04037561001983068,-0.025475084441776343,0.04472329500224917
thionylchloride,7719-09-07 00:00:00,S(=O)(Cl)Cl,,49509,215.3879601,-14.84004386,-0.10887740680049747,0.040780115589378045,0.04714399440845765
thiophene,110-02-1,S1C=CC=C1,,53005,203.5120503,-20.73624756,-0.06505947062525214,0.06131467644449053,0.0706855519904579
thp,142-68-7,C1CCOCC1,,2254,-209.7735776,101.0727209,0.06597884637747184,-0.1568363704468267,-0.058667714195310736
"trans,trans-2,4-hexadiene",5194-51-4,C\C=C\C=C\C,,1454,216.0955854,37.53262837,-0.14591578817352138,0.019254002993463974,0.026460208118333415
"trans-1,2-dimethylcyclopentane",822-50-4,C[C@H]1[C@@H](CCC1)C,,36655,272.6003835,58.3017332,-0.2662018522101702,0.031866307339553666,-0.03414096598725194
"trans-1,3-dimethylcyclopentane",1759-58-6,C[C@@H]1C[C@H](CC1)C,,13662,273.514303,58.84047382,-0.26779584244051796,0.03176411590742638,-0.0362808651615724
"trans-1,2-dimethylcyclohexane",6876-23-9,C[C@H]1[C@@H](CCCC1)C,,13824,273.1006655,58.24562496,-0.2692693126062665,0.031702532021697274,-0.03595348229014889
"trans-1,4-hexadiene",7319-00-8,C=CC\C=C\C,,3962,213.3584787,38.49400079,-0.15801722987588235,0.020734163204602727,0.01885463521558661
"trans-1,3,5-hexatriene",821-07-8,C=C\C=C\C=C,,3297,213.2501303,17.50366454,-0.09324079523890003,0.038506323213172496,0.06522741074586097
"trans-1,3-dimethylcyclohexane",2207-03-06 00:00:00,C[C@@H]1C[C@H](CCC1)C,,36729,272.2812908,57.74526631,-0.2674815924689573,0.03178049538701463,-0.03460752944057728
"trans-1,4-dimethylcyclohexane",2207-04-07 00:00:00,C[C@@H]1CC[C@H](CC1)C,,13666,272.5541312,58.34345918,-0.26838288463691845,0.03147050024695963,-0.03619870823198835
trans-2-eicosene,42448-85-1,C\C=C\CCCCCCCCCCCCCCCCC,,1570,250.9919898,56.0221319,-0.2518505488089583,0.026967006181879624,-0.02992167932832257
trans-1-butenylbenzene,1005-64-7,C(=C\CC)/C1=CC=CC=C1,,12230,215.0028487,20.92021969,-0.12297303996444386,0.03297001630067452,0.042959644494427636
trans-1-ethyl-4-methylcyclohexane,6236-88-0,C(C)[C@@H]1CC[C@H](CC1)C,,16604,272.831534,58.12874194,-0.2707954320676003,0.03188141713549806,-0.03668925455780198
trans-2-heptene,14686-13-6,C\C=C\CCCC,,1544,233.6932289,53.11787663,-0.22239656438628033,0.021586457872963656,-0.022300319225833972
trans-2-hexene,4050-45-7,C\C=C\CCC,,1530,231.4763305,52.27644724,-0.21877047794701204,0.02291585636688383,-0.01741189837902376
trans-2-methyl-3-hexene,692-24-0,CC(C)\C=C\CC,,12117,245.0644367,53.51060904,-0.22107884300460834,0.021475170103839047,-0.02062156640984051
trans-2-octene,13389-42-9,C\C=C\CCCCC,,1549,234.6177556,53.72816498,-0.2282150469261485,0.02299413368670775,-0.023386777536969217
"trans-3,4-dimethyl-2-pentene",4914-92-5,C\C=C(/C)C(C)C,,1213,245.2534951,50.84284594,-0.2158448584371841,0.023464634765032976,-0.013355046139402431
trans-3-hexene,13269-52-8,CC\C=C\CC,,12147,236.0299449,52.7694878,-0.2097857485556413,0.019023962822896864,-0.0156808994572844
trans-3-heptene,14686-14-7,CC\C=C\CCC,,12165,237.3943573,53.64788105,-0.22471125717425597,0.02134915482212474,-0.022631172430815173
trans-4-methylcyclohexanol,7731-29-5,C[C@@H]1CC[C@H](CC1)O,,13709,-210.3390088,-142.3876758,0.13920021787315603,0.045626851905614656,-0.14198576904499532
trans-3-octene,14919-01-8,CC\C=C\CCCC,,12175,241.4701271,54.11960295,-0.23091090524058203,0.023589672580332108,-0.023939033288099015
trans-decalin,493-02-7,C1CCC[C@@H]2CCCC[C@@H]12,,2265,272.4660103,58.19415802,-0.2747100807946163,0.03174903256453991,-0.03941705496016319
trans-4-methyl-2-hexene,3683-22-5,CC(/C=C/C)CC,,1383,247.6445454,53.28436332,-0.22723307117835484,0.024374760901658323,-0.02167892997324506
trans-crotonaldehyde,123-73-9,C(\C=C\C)=O,,1486,-135.0815597,47.88009494,0.1712488782769499,-0.08379581751684417,0.13702632807750448
trans-5-methyl-2-hexene,7385-82-2,CC(C/C=C/C)C,,1510,239.0401019,52.85794574,-0.22127196980776564,0.022443731543007748,-0.01998109555475167
trans-dibromoethene,590-12-5,Br/C=C/Br,,8,217.3241045,-85.82126823,-0.08968981194236235,0.09685399897137707,0.04142294006627633
tri-n-butylphosphate,126-73-8,C(CCC)OP(=O)(OCCCC)OCCCC,,25228,-164.9961922,88.74473441,0.054536259209574084,-0.15196810567083824,-0.08346673080844545
tributoxyborane,688-74-4,C(CCC)OB(OCCCC)OCCCC,,24820,-240.5182571,121.7110443,-0.13286310784637625,-0.03774140346204381,-0.05306689890894394
trichloroacetaldehyde,75-87-6,ClC(C=O)(Cl)Cl,,48830,154.9901827,-60.7851108,-0.029288182435223804,0.09440626494131417,0.03496582793760861
trichloroacetonitrile,545-06-2,ClC(C#N)(Cl)Cl,,43386,157.295753,39.79106636,-0.11793611749602835,0.006586918258797667,0.025770205327722406
trichloroacetylchloride,76-02-8,ClC(C(=O)Cl)(Cl)Cl,,45817,235.6610164,32.65767676,-0.179160736860904,0.03163165276504882,0.003608581533683598
tridecane,629-50-5,CCCCCCCCCCCCC,,21746,272.8677174,58.74809689,-0.2686685381237821,0.031451106105821386,-0.034666988417037053
triethoxysilane,998-30-1,C(C)O[SiH](OCC)OCC,,29468,-105.9559669,83.62515592,-0.06864806359233945,-0.061951501385235294,-0.04140273161812907
triethylphosphate,78-40-0,C(C)OP(=O)(OCC)OCC,,29247,-166.1534555,69.74005503,0.131433099309926,-0.14941902422489467,-0.006040821930006919
triethylorthoformate,122-51-0,C(C)OC(OCC)OCC,,28775,-131.2019189,79.19831825,-0.021044203555979624,-0.07104093076287808,-0.02273648817152647
triethylsilane,617-86-7,C(C)[SiH](CC)CC,,30096,263.2012066,55.46568494,-0.24886346186556113,0.029695568067407307,-0.025093963091809172
trifluoromethylbenzene,98-08-8,FC(F)(F)C1=CC=CC=C1,,42281,228.6614411,-1.693618177,-0.1268275302688877,0.056266819489551645,0.04144478290881415
trifluoromethoxybenzene,456-55-3,FC(OC1=CC=CC=C1)(F)F,,42174,232.04753,-0.102744611,-0.14642731615135576,0.05219402858029173,0.031314075535016646
trifluorophenylsilane,368-47-8,F[Si](C1=CC=CC=C1)(F)F,,43005,215.7605775,-0.936884218,-0.10810857081986011,0.051930930465960895,0.05209642879937511
trimethoxysilane,2487-90-3,CO[SiH](OC)OC,,34266,-91.88330308,64.71227061,-0.010207576221332044,-0.04787146094730863,0.029656861908089464
trimethylacetylchloride,3282-60-2,CC(C(=O)Cl)(C)C,,7748,198.841456,28.97851523,-0.10738555222147764,0.010704206537586606,0.03831766575582531
trimethylborate,121-43-7,COB(OC)OC,,32101,2.636527313,59.75023372,-0.030757132915864658,-0.050272700079503005,0.005713867278891509
trimethylphosphate,512-56-1,COP(=O)(OC)OC,,34139,-143.5407047,41.96599501,0.20178988752813398,-0.12789580406593126,0.1024942333455869
trimethylphosphite,121-45-8,COP(OC)OC,,34189,-65.2114189,55.56881478,0.03746796554028279,-0.050949311483474646,0.07337682859131867
trimethylphenoxysilane,1529-17-5,C[Si](OC1=CC=CC=C1)(C)C,,37032,51.93586097,47.55315137,-0.10454348816506809,0.01024522957111817,0.020760844700426263
trithiocarbonicacid,594-08-1,C(S)(S)=S,,51728,168.285261,-218.9918538,0.0534439829351464,0.21824525757511828,0.038519998420900495
undecanal,112-44-7,C(CCCCCCCCCC)=O,,21561,-57.85920584,71.15705215,-0.015268285310800263,-0.08532785003301001,-0.03787858877917172
undecylbenzene,6742-54-7,C(CCCCCCCCCC)C1=CC=CC=C1,,22930,234.9299141,41.04219714,-0.21419031335488392,0.027922696361762294,-0.010236872948888868
valeraldehyde,110-62-3,C(CCCC)=O,,19120,-83.55278089,58.87080086,0.0811998088577771,-0.09017903541094288,0.0493189701576738
undecanoicacidmethylester,1731-86-8,CCCCCCCCCCC(=O)OC,,21387,-47.9660266,74.29448953,-0.05543746076610645,-0.0749534129876716,-0.052391740589716886
valeronitrile,110-59-8,C(CCCC)#N,,18120,-73.51752474,35.27898589,0.11062670636158665,-0.059061534864720266,0.09933175097647025
valerylchloride,638-29-9,C(CCCC)(=O)Cl,,18181,196.7493495,3.153679549,-0.08821206399086358,0.022778902969193035,0.047986075347251085
vinyltrichlorosilane,75-94-5,C(=C)[Si](Cl)(Cl)Cl,,5428,240.7064916,-8.578856612,-0.18809404027089482,0.053567113156288294,0.009330242782426565
vinyloxirane,930-22-3,C(=C)C1OC1,,4031,-63.30469284,40.22305836,0.08754400306500959,-0.03545085729866698,0.1024298331225639
vinylcyclohexane,695-12-5,C(=C)C1CCCCC1,,4022,227.5000177,50.99114186,-0.20830824741827939,0.018115074731195526,-0.016384347605616585
furane,110-00-9,O1C=CC=C1,,53004,175.1100993,-30.2405509,-0.025713428388166426,0.07067596071078948,0.08872240473691122
"1,2-diacetin",102-62-5,CC(=O)OCC(CO)OC(C)=O,,6890,-140.0379417,-205.4196757,0.16528975231854579,-0.09781673543237686,0.0818070878726256
"1,3-diacetin",105-70-4,CC(=O)OCC(O)COC(C)=O,,6909,-149.8714578,-162.4838164,0.14789703556340644,-0.09499996105837441,0.083956736472443
"3-ethoxy-1,2-propanediol",1874-62-0,C(C)OCC(CO)O,,28913,-201.1394912,-169.8389031,0.17840491861364516,-0.08505316940650537,0.024521878995431665
"3-methylamino-1,2-propanediol",40137-22-2,CNCC(CO)O,,31896,-321.9723194,-127.4912257,0.20980628087821857,-0.08676139578399959,0.034889611721464216
"3-tert-butoxy-1,2-propanediol",74338-98-0,C(C)(C)(C)OCC(CO)O,,8152,-208.633113,-157.0828725,0.15232045838311506,-0.08226181518880517,-0.027703932269473795
"a,a'-glycerol",627-82-7,OCC(O)COCC(O)CO,,50976,-194.3385255,-208.5077119,0.24940101491876016,-0.04325531789365283,0.11004828142581582
2-pyrrolidon,616-45-5,N1C(CCC1)=O,2.0,48297,-267.4442251,-9.693096774,0.3150570160891518,-0.021353423149649265,0.10000534350363711
"1,4-cineol",470-67-7,CC(C)C12CCC(C)(CC1)O2,3.0,9370,-195.8740308,109.3502397,-0.003943206900277784,-0.13824357164270454,-0.10418956069711467
"1,8-cineole",470-82-6,CC12CCC(CC1)C(C)(C)O2,3.0,12732,-249.3561752,117.5151135,0.028653688286085853,-0.16177271503413224,-0.11315861528735535
decanedioicaciddibutylester,109-43-3,CCCCOC(=O)CCCCCCCCC(=O)OCCCC,3.0,24906,-66.35777233,75.3190466,-0.07314890779048014,-0.06429133574910188,-0.052073173981906515
rhodiasolv-dib1_cas_141_04_8,141-04-8,CC(C)COC(=O)CCCCC(=O)OCC(C)C,3.0,10262,-69.29520098,69.58601892,-0.011379142641116969,-0.07157674346810627,-0.01426511512899134
rhodiasolv-dib3_cas_71195_64_7,71195-64-7,CC(C)COC(=O)CCCC(=O)OCC(C)C,3.0,10261,-57.10292167,65.35724846,-0.04027312136533869,-0.04989538787885166,-0.010141314808881969
rhodiasolv-dib2_cas_925_06_4,925-06-4,CC(C)COC(=O)CCC(=O)OCC(C)C,3.0,10260,-43.25203416,57.49193163,-0.008263333428268177,-0.051142113106922495,0.00679964841009755
ethyl-linoleate,544-35-4,C(C)OC(CCCCCCC\C=C/C\C=C/CCCCC)=O,3.0,18892,-34.64768121,75.59287074,-0.09598374470935432,-0.054199239094588965,-0.048451742475753214
ethyl-linolenate,1191-41-9,CCOC(=O)CCCCCCC\C=C\C\C=C\C\C=C\CC,3.0,12127,-35.61483422,71.13294155,-0.06874188064322555,-0.06824548417302514,-0.04940388938633353
ethyltetradecanoate,124-06-1,C(C)OC(CCCCCCCCCCCCC)=O,3.0,21916,-45.84432258,82.51295891,-0.09309423321675,-0.06830011852844373,-0.07176562967787063
isopropylacetate,108-21-4,C(C)(C)OC(C)=O,3.0,6639,-89.97870969,65.97989023,0.07074923820979015,-0.09925769736565287,0.026008586051984917
isopropylbutadecanoate,110-27-0,CCCCCCCCCCCCCC(=O)OC(C)C,3.0,21910,-47.3811865,85.69361263,-0.09115840548856134,-0.07402204873142489,-0.07807246115741612
methylabietate,128-25-3,CC(C)C1=CC2=CCC3C(C2CC1)(CCCC3(C)C(=O)OC)C,3.0,32423,-23.42887664,70.95534086,-0.06685468833230397,-0.06650264098962363,-0.04461356152383158
dodecanoicacidmethylester,111-82-0,CCCCCCCCCCCC(=O)OC,3.0,21592,-44.53047921,75.17866106,-0.06714902689181361,-0.07038868787898495,-0.05735579325973265
methyllinoleate,112-63-0,COC(CCCCCCC\C=C/C\C=C/CCCCC)=O,3.0,18944,-28.69891112,70.74360795,-0.08145395819601399,-0.05696882941056159,-0.04516543622996874
methyltetradecanoate,124-10-7,COC(CCCCCCCCCCCCC)=O,3.0,21909,-36.40079177,76.11254231,-0.08652214630341996,-0.06923456474856635,-0.0703220435227488
hexadecanoicacidmethylester,112-39-0,CCCCCCCCCCCCCCCC(=O)OC,3.0,22143,-34.57202442,77.96383703,-0.09880839971221231,-0.06931560468762632,-0.08065100632426597
ethyl-oleate,111-62-6,C(C)OC(CCCCCCC\C=C/CCCCCCCC)=O,5.0,20770,-35.86351454,80.38924603,-0.07195125081037282,-0.07323359627930684,-0.06029264961678476
hexadecanoicacid-ethylester,628-97-7,C(C)OC(CCCCCCCCCCCCCCC)=O,5.0,22153,-42.77510236,82.98999154,-0.10510025770417597,-0.06935262422485589,-0.08398167897356949
octadecanoicacidmethylester,112-61-8,CCCCCCCCCCCCCCCCCC(=O)OC,5.0,22334,-27.22080698,78.45443929,-0.09649279664943577,-0.07139338941370287,-0.07942052508588439
terpinolene,586-62-9,CC1=CCC(=C(C)C)CC1,5.0,13174,214.519518,46.68751947,-0.1925482742392363,0.017293218252908003,-0.003285631292259282
1-decanol,112-30-1,C(CCCCCCCCC)O,7.0,22953,-187.971165,-160.144806,0.0936171639920532,0.08521346619519245,-0.17692883343615307
"1,3-dimethoxy-2-propanol",623-69-8,COCC(COC)O,7.0,33726,-200.5194749,-87.04118555,0.17019469299977638,-0.027047757639443407,-0.0071370008708438425
cis-9-octadecenoicacid,112-80-1,C(CCCCCCC\C=C/CCCCCCCC)(=O)O,7.0,20766,-39.07070288,-347.8001125,-0.032597484663501014,0.03882851268637056,-0.08561075843600384
oleyl-alcohol,143-28-2,C(CCCCCCC\C=C/CCCCCCCC)O,7.0,20795,-160.2039439,-164.9538551,0.05149355746336571,0.010525916188634042,-0.1411580758838213
alpha-terpineol,98-55-5,CC1=CCC(C(C)(O)C)CC1,7.0,13181,-188.7639979,-136.0663087,0.11403514029298743,0.04882988988051885,-0.13428432485629707
1-methyl-4-(1-methylethenyl)-cyclohexanol,138-87-4,CC1(CCC(CC1)C(=C)C)O,7.0,2718,-185.9512135,-135.4821407,0.11493669140707588,0.08621385736075661,-0.13808733767995104
"4-hydroxymethyl-1,3-dioxolan-2-one",931-40-8,OCC1OC(OC1)=O,8.0,48588,-104.1276937,-275.5968187,0.3812412562184932,0.23101878379610033,0.21601285991563038
"3-methoxy-1,2-propanediol",623-39-2,COCC(CO)O,8.0,33725,-195.2203179,-182.714977,0.22288903753075542,-0.06240497924899016,0.05817107231977079
hydracrylicacid,503-66-2,C(CCO)(=O)O,8.0,46838,-149.870237,-321.832669,0.3472697454040389,0.28452076469365556,-0.003707532775464855
3-methoxy-3-methylbutanol,56539-66-3,COC(CCO)(C)C,8.0,33239,-267.3808945,-85.96553646,0.14492095641943992,-0.18503786738075978,-0.029381740034602106
