name,cas,smiles,cluster,source,paper_dim1,paper_dim2,ours_pc1,ours_pc2,ours_pc3
aceticacid,64-19-7,C(C)(=O)O,9.0,chaos,-102.1257513,-364.5758595,0.36443016840758063,0.3535288541040007,0.0015039299198254456
aceticanhydride,108-24-7,C(C)(=O)OC(C)=O,4.0,chaos,0.674897409,12.23489972,0.15835469147382528,-0.013131815676631136,0.23129430617077354
propanone,67-64-1,CC(C)=O,2.0,chaos,-145.0965618,51.40012888,0.20726065097205157,-0.10473144224963131,0.1646146243992755
acetonitrile,75-05-8,C(C)#N,4.0,chaos,-76.67901781,-21.5026173,0.31057726930915963,0.019958063852071457,0.38783458981048474
acetophenone,98-86-2,C(C)(=O)C1=CC=CC=C1,3.0,chaos,-95.72719999,43.73464902,0.10137391122855821,-0.05815260573192289,0.06836108694589803
acetylacetone,123-54-6,C(C)(=O)CC(C)=O,4.0,chaos,-77.08011475,21.1921456,0.18375936393433984,-0.06178768416287209,0.19695097483531324
ethanolamine,141-43-5,C(O)CN,8.0,chaos,-444.329658,-90.8875238,0.2664649449347449,-0.06105511460421306,0.09730776157959847
aniline,62-53-3,NC1=CC=CC=C1,6.0,chaos,-117.3065566,-60.29456858,0.2235653563038174,0.13466528145932102,0.02854946392518033
anisole,100-66-3,C1(=CC=CC=C1)OC,6.0,chaos,77.71107038,25.87561547,-0.017433145077451362,0.0023678992605151434,0.05936951251214604
benzaldehyde,100-52-7,C(C1=CC=CC=C1)=O,3.0,chaos,-63.61849039,32.53816114,0.10450182516713917,-0.02600061463375211,0.09315111874983201
benzene,71-43-2,C1=CC=CC=C1,5.0,chaos,206.2896308,14.66561318,-0.07892311459669858,0.04067243335316526,0.06782141489423463
benzonitrile,100-47-0,C(C1=CC=CC=C1)#N,6.0,chaos,-22.97473134,8.938883935,0.10211198579335842,-0.0064562417195610285,0.12139889796781587
benzylalcohol,100-51-6,C(C1=CC=CC=C1)O,7.0,chaos,-150.4568979,-220.34478,0.2083182742863106,0.1620540713592595,-0.060639797466352424
bromobenzene,108-86-1,BrC1=CC=CC=C1,5.0,chaos,218.6946925,-3.917848351,-0.11048047619821336,0.05329708603292835,0.04860792428052209
1-bromobutane,109-65-9,BrCCCC,5.0,chaos,211.4251102,21.66643353,-0.13975379742034721,0.029068547012877193,0.0291503920677277
bromoethane,74-96-4,BrCC,5.0,chaos,199.1990237,7.647712253,-0.08595429309463708,0.03553085903844443,0.0658786915823456
1-butanol,71-36-3,C(CCC)O,7.0,chaos,-213.4258425,-164.6572775,0.1672594632615658,0.09820274081809599,-0.1293363605138164
2-butanol,78-92-2,CC(CC)O,7.0,chaos,-211.5885431,-148.6101467,0.16780530427518525,0.06644324174461988,-0.1200614736185869
butanone,78-93-3,CC(CC)=O,3.0,chaos,-140.6394345,62.47357861,0.15216954821749198,-0.11058336867811418,0.08453496050722498
n-butylacetate,123-86-4,C(CCC)OC(C)=O,3.0,chaos,-87.05570689,68.57671775,0.052043981891925245,-0.09849477732591147,0.006517361013269029
1-butylamine,109-73-9,C(CCC)N,1.0,chaos,-609.0927325,116.6496752,0.29400697369402484,-0.27055178688362663,-0.13908525794917362
butyronitrile,109-74-0,C(CCC)#N,3.0,chaos,-75.43071592,28.83900381,0.1486007035944597,-0.05396170859866989,0.14901096026084426
cs2,75-15-0,S=C=S,5.0,chaos,261.8913066,45.12767318,-0.26708596323318434,0.03354794642896911,-0.033601977550631545
ccl4,56-23-5,ClC(Cl)(Cl)Cl,5.0,chaos,260.5215113,38.06518531,-0.240508532452473,0.03693632095992637,-0.019052041079481673
chlorobenzene,108-90-7,ClC1=CC=CC=C1,5.0,chaos,218.8339983,-0.364093731,-0.10895657910787081,0.05469946386774632,0.04892752900115923
1-chlorobutane,109-69-3,ClCCCC,5.0,chaos,211.4705916,28.03329638,-0.1379852361613288,0.028194028530570688,0.029315598478413373
chcl3,67-66-3,ClC(Cl)Cl,6.0,chaos,209.9843961,-177.8661139,0.015406671760192047,0.23830618185975702,0.01992237155364291
1-chloropropane,540-54-5,ClCCC,5.0,chaos,206.6001792,23.61520628,-0.11481728429343008,0.027530352660439343,0.04616401960606411
2-chloropropane,75-29-6,ClC(C)C,5.0,chaos,199.4500496,23.2570615,-0.11050955206639797,0.024831060542515958,0.04855355375351474
3-hydroxytoluene,108-39-4,OC=1C=C(C)C=CC1,9.0,chaos,7.049182287,-430.8417789,0.27779876099998235,0.4290832443124102,-0.08264258145398434
cyclohexane,110-82-7,C1CCCCC1,5.0,chaos,274.8827485,59.58944731,-0.27186784629392163,0.030543886144913178,-0.039149620044294765
cyclohexanol,108-93-0,C1(CCCCC1)O,7.0,chaos,-219.0630524,-141.7399813,0.1550828786607281,0.043388033846366705,-0.13234898382814497
cyclohexanone,108-94-1,C1(CCCCC1)=O,3.0,chaos,-154.6513725,73.99884274,0.12875528987556198,-0.1338941888460894,0.04965338919814794
cyclohexene,110-83-8,C1=CCCCC1,5.0,chaos,198.078044,54.50991351,-0.19313840138894198,0.00913748358053439,-0.0164322814872637
cyclopentane,287-92-3,C1CCCC1,5.0,chaos,273.1756117,59.19556951,-0.2657640140928308,0.03025348167176672,-0.036447867710349635
cyclopentanone,120-92-3,C1(CCCC1)=O,3.0,chaos,-136.7198019,64.50953147,0.14999571486952953,-0.11878544771496503,0.09977428490264077
n-decane,124-18-5,CCCCCCCCCC,5.0,chaos,273.4897911,58.98343459,-0.2674258509322096,0.029892541966237893,-0.03637389015478185
"1,1'-oxybis-2-ethoxy-ethane",112-36-7,CCOCCOCCOCC,3.0,chaos,-262.9920326,97.45149739,0.038808181488836066,-0.12619270184305523,-0.04339717306725718
diglyme,111-96-6,COCCOCCOC,3.0,chaos,-222.2468431,81.30195927,0.10212337476194763,-0.12652415442733148,0.022940852692341727
dibenzylether,103-50-4,C(C1=CC=CC=C1)OCC1=CC=CC=C1,3.0,chaos,-82.4668336,52.6952344,0.05876894917329718,-0.08652484723058125,-0.020613308884728846
di-n-butylether,142-96-1,C(CCC)OCCCC,3.0,chaos,-163.9174255,111.0456987,-0.04717587244522797,-0.11317623053239617,-0.09826153037448268
"1,3-dichlorobenzene",541-73-1,ClC1=CC(=CC=C1)Cl,5.0,chaos,225.916552,-18.79513015,-0.13268984131160105,0.060122417810308575,0.03652152185565288
"1,2-dichlorobenzene",95-50-1,ClC1=C(C=CC=C1)Cl,5.0,chaos,225.0703887,-8.048188569,-0.12991438256016702,0.058535646563550106,0.0346675712817164
"1,2-dichloroethane",107-06-2,ClCCCl,6.0,chaos,193.8311066,-39.3939697,-0.043847563043493396,0.0698052989975489,0.08315988997169005
"1,1-dichloroethane",75-34-3,ClC(C)Cl,6.0,chaos,203.7935668,-61.21497069,-0.07384228904530565,0.0726931574095395,0.05771413215303996
"1,1-dichloroethylene",75-35-4,ClC(=C)Cl,5.0,chaos,238.2516856,-21.72331203,-0.15576664733933504,0.0601348226363412,0.024362900783667266
"cis-1,2-dichloroethene",156-59-2,Cl\C=C/Cl,6.0,chaos,212.7409132,-81.10682921,-0.05181658305219739,0.11524590396267469,0.05023087508032158
ch2cl2,75-09-2,ClCCl,6.0,chaos,197.1926792,-99.77749721,-0.004568944308064285,0.1334574224903192,0.06370788072445585
diethylamine,109-89-7,C(C)NCC,1.0,chaos,-561.5528002,135.2199332,0.21451172730989385,-0.2622423957956201,-0.16713092901933124
diethylcarbonate,105-58-8,C(C)OC(OCC)=O,3.0,chaos,-32.51944013,51.19607299,0.03253934069542682,-0.0613463935886196,0.052629905767142306
diethyleneglycol,111-46-6,C(COCCO)O,8.0,chaos,-240.5905532,-180.8579436,0.25580420581561397,0.018703832825348717,0.03545311395159552
diethylether,60-29-7,C(C)OCC,3.0,chaos,-179.9430941,102.5028605,0.04600999732263015,-0.14376875676826328,-0.06030556250479899
diisopropylether,108-20-3,C(C)(C)OC(C)C,3.0,chaos,-248.6509209,115.8772922,0.03092973446940135,-0.14967514025831882,-0.09558212462065399
"1,2-dimethoxyethane",110-71-4,COCCOC,3.0,chaos,-192.0353747,80.51034438,0.08610867319761212,-0.12077596277125179,0.008458006881430795
"n,n-dimethylacetamide",127-19-5,CN(C)C(C)=O,2.0,chaos,-284.4951735,78.43093898,0.2480403010125419,-0.1861233263567549,0.0950330513072314
"n,n-dimethylaniline",121-69-7,CN(C)c1ccccc1,5.0,chaos,185.1517259,19.58753512,-0.08237640240966364,0.023621272348425055,0.06939030429235768
"3,3-dimethyl-2-butanone",75-97-8,CC(C(C)=O)(C)C,3.0,chaos,-126.0023834,75.85377212,0.0875403462819785,-0.11904044251582024,0.015336423176708068
dimethylformamide,68-12-2,CN(C=O)C,2.0,chaos,-250.6998097,61.02730522,0.26592838307340566,-0.1555792447204137,0.16763449830959656
"2,4-dimethylpyridine",108-47-4,CC1=NC=CC(=C1)C,2.0,chaos,-399.7844661,106.4765913,0.20067359950725058,-0.20844116320253775,-0.07318779367465457
"2,6-dimethylpyridine",108-48-5,CC1=NC(=CC=C1)C,2.0,chaos,-386.288679,103.7934372,0.17951662533857085,-0.1916992806733859,-0.07976315810858908
dimethylsulfoxide,67-68-5,CS(=O)C,4.0,chaos,-341.8639005,39.77432406,0.36076656100113697,-0.15934022668345676,0.28607970083216744
"2,6-dimethyl-4-heptanone",108-83-8,CC(C)CC(CC(C)C)=O,3.0,chaos,-84.79576908,80.6800581,0.0010900482286762742,-0.098337642751759,-0.03891707378104143
"2,4-dimethyl-3-pentanone",565-80-0,CC(C)C(C(C)C)=O,3.0,chaos,-88.48757942,79.67436769,0.03742610644284801,-0.11052382110002905,-0.011058901919744273
dioxane,123-91-1,O1CCOCC1,3.0,chaos,-163.6102565,57.87777013,0.15634313607237113,-0.10818409871521575,0.10730525526468288
diphenylether,101-84-8,C1(=CC=CC=C1)OC1=CC=CC=C1,5.0,chaos,171.062414,11.23201277,-0.08324606024057479,0.037629254920695174,0.05416198621821198
di-n-propylether,111-43-3,C(CC)OCCC,3.0,chaos,-163.6513848,108.6248795,0.012989691320800929,-0.141469844263286,-0.08827871551427986
"1,3-dimethyl-2-imidazolidinone",80-73-9,CN1C(N(CC1)C)=O,2.0,chaos,-230.9495498,71.77358006,0.2031864236143176,-0.16501921858986537,0.07804682840035385
"1,3-dimethyltetrahydropyrimidin-2(1h)-one",7226-23-5,CN1C(N(CCC1)C)=O,2.0,chaos,-290.5257972,89.39513589,0.19371282913963864,-0.18656378450627473,0.030009656202928933
ethanol,64-17-5,C(C)O,7.0,chaos,-236.6388025,-169.9575828,0.24076068409611526,0.0997793085384299,-0.05944094889236829
ethylacetate,141-78-6,C(C)OC(C)=O,3.0,chaos,-93.20737027,58.01303784,0.09927929663024877,-0.09475004802251806,0.059834299117794816
ethylbenzoate,93-89-0,C(C)OC(C1=CC=CC=C1)=O,3.0,chaos,-22.14941381,45.74078029,0.007183842562475318,-0.0467103624489986,0.01716995721152842
ethylformate,109-94-4,C(C)OC=O,3.0,chaos,-54.5870906,20.9399608,0.11579153571519736,-0.03921531075589759,0.10939971460826846
ethylpropionate,105-37-3,C(C)OC(CC)=O,3.0,chaos,-83.26992697,66.35263169,0.05489685891985677,-0.09257263412753412,0.022453918305585702
"1,2-diaminoethane",107-15-3,NCCN,2.0,chaos,-606.1268063,71.97534178,0.4574116105529914,-0.22197436979504523,0.1229714014471809
glycol,107-21-1,OCCO,8.0,chaos,-209.3864654,-217.9953939,0.33892425705418633,0.17173942336778225,0.07116678143496075
fluorobenzene,462-06-6,FC1=CC=CC=C1,5.0,chaos,213.462658,0.389075912,-0.08671154388909098,0.05579463963791124,0.061520901314032664
formamide,75-12-7,C(=O)N,10.0,chaos,-205.4683997,-109.2306855,0.44741297988333745,0.33572607811984395,0.23480789140760688
2-furanmethanol,98-00-0,O1C(=CC=C1)CO,8.0,chaos,-151.1904416,-229.0764904,0.2409925661425341,0.21101031379788315,-0.03673577951073625
glycerol,56-81-5,OCC(O)CO,8.0,chaos,-188.0989688,-238.7995428,0.3235926333717701,0.08540788660251401,0.12437695310361237
n-heptane,142-82-5,CCCCCCC,5.0,chaos,274.5641445,59.43434642,-0.26588034882738093,0.03010633359530683,-0.03503178754479247
hexamethylphosphoramide,680-31-9,CN(P(=O)(N(C)C)N(C)C)C,2.0,chaos,-357.8586161,114.2490464,0.2078631437304932,-0.24949247552818812,-0.06882802844360622
hexane,110-54-3,CCCCCC,5.0,chaos,275.1686789,59.71419043,-0.26561238410342053,0.030253555425596303,-0.034580887262546385
1-hexanol,111-27-3,C(CCCCC)O,7.0,chaos,-200.4145434,-166.6379787,0.13121778868334136,0.08858016433181107,-0.15504234076573425
iodobenzene,591-50-4,IC1=CC=CC=C1,5.0,chaos,216.5079235,-3.370418136,-0.11402311089664471,0.0511112877882488,0.048823666164500935
iodoethane,75-03-6,ICC,5.0,chaos,204.4206395,6.905942859,-0.11452249923725027,0.03217767214193371,0.04785652556414531
isobutanol,78-83-1,C(C(C)C)O,7.0,chaos,-197.312515,-177.2949085,0.16739656115283344,0.1137116459336706,-0.1269312251927632
"2,2,4-trimethylpentane",540-84-1,CC(C)(CC(C)C)C,5.0,chaos,272.1423692,57.30239883,-0.258469163602665,0.02990586342681929,-0.029730036426588325
"1,3,5-trimethylbenzene",108-67-8,CC1=CC(=CC(=C1)C)C,5.0,chaos,215.1486524,35.20024729,-0.15051185593687,0.017095897872339946,0.022762718442416306
methanol,67-56-1,CO,8.0,chaos,-242.0515482,-188.2268913,0.29975212616033364,0.17292017906056442,-0.005713576519491425
methylacetate,79-20-9,COC(C)=O,3.0,chaos,-86.91851998,44.9176448,0.1482409090593941,-0.08333541343770313,0.13320553500996518
methylbenzoate,93-58-3,COC(C1=CC=CC=C1)=O,3.0,chaos,-16.06318223,37.26055988,0.041598363565784356,-0.042527222195069936,0.045161929458907776
2-methyl-2-butanol,75-85-4,CC(C)(CC)O,7.0,chaos,-218.3154311,-129.8225303,0.1417646263602225,0.05776987812689001,-0.13082340134952097
isopentanol,123-51-3,C(CC(C)C)O,7.0,chaos,-202.1746152,-168.8157964,0.15074191666839637,0.09156359140222169,-0.1392669550911731
3-methyl-2-butanone,563-80-4,CC(C(C)=O)C,3.0,chaos,-131.6290921,70.71160325,0.11246404410825249,-0.11736473349226817,0.041459285782197534
methylformate,107-31-3,COC=O,4.0,chaos,-49.61897969,4.213331177,0.18702958911141482,-0.019489638346206994,0.2012833910444468
4-methyl-2-pentanone,108-10-1,CC(CC(C)=O)C,3.0,chaos,-132.8121599,73.2659567,0.07820239756638131,-0.10595765924537369,0.015864922952626332
2-methoxyethanol,109-86-4,COCCO,8.0,chaos,-222.7297673,-134.5641037,0.21428560995820325,-0.0049742184730007565,-0.00018133914170816363
n-methylacetamide,79-16-3,CNC(C)=O,4.0,chaos,-282.544722,-13.73397147,0.3035556739337378,0.014964043238770883,0.054160264049981796
methylformamide,123-39-7,CNC=O,4.0,chaos,-239.7803147,-48.60357934,0.36102756212108605,0.01931202942839513,0.21103123862309373
n-methyl-2-pyrrolidinone,872-50-4,CN1C(CCC1)=O,2.0,chaos,-281.39913,80.91132056,0.24401625608131824,-0.19651323274657342,0.0922434525032443
morpholine,110-91-8,N1CCOCC1,2.0,chaos,-496.0666496,83.53428542,0.31072633203163824,-0.2132118912113223,0.014995070431878829
nitrobenzene,98-95-3,[N+](=O)([O-])C1=CC=CC=C1,6.0,chaos,84.53706656,3.808634268,0.017045028056159275,0.026910667295051503,0.10443565231305459
nitroethane,79-24-3,[N+](=O)([O-])CC,6.0,chaos,78.62956552,-18.41144703,0.1467932448847953,0.06786363401953635,0.21718503406147077
nitromethane,75-52-5,[N+](=O)([O-])C,6.0,chaos,70.99959222,-57.97462767,0.2440372117275196,0.16631062171185185,0.2794347955596701
octane,111-65-9,CCCCCCCC,5.0,chaos,274.0369756,59.25180503,-0.2665407314653201,0.029892203760477874,-0.0366457222825013
1-octanol,111-87-5,C(CCCCCCC)O,7.0,chaos,-191.9429085,-163.175587,0.110354852586438,0.0860817215925082,-0.16984313450784128
pentane,109-66-0,CCCCC,5.0,chaos,275.7776859,59.96373376,-0.2647362234223491,0.030328385294468754,-0.034622825021104656
1-pentanol,71-41-0,C(CCCC)O,7.0,chaos,-208.7999751,-162.6340297,0.14971251604116542,0.08819239514925445,-0.1422509052277769
2-pentanol,6032-29-7,CC(CCC)O,7.0,chaos,-209.0448584,-144.964872,0.15073976119304988,0.061384585294231915,-0.13744853224908574
3-pentanol,584-02-1,CCC(CC)O,7.0,chaos,-200.9999622,-144.7792897,0.1374829409540326,0.07606698781117122,-0.13659617138165317
2-pentanone,107-87-9,CC(CCC)=O,3.0,chaos,-143.9242691,69.92181979,0.12102865021287704,-0.11389378812323096,0.04426017483849685
3-pentanone,96-22-0,CCC(CC)=O,3.0,chaos,-127.2215635,71.0570689,0.10406179569949064,-0.10768253249184905,0.03496351937442681
n-pentylacetate,628-63-7,C(CCCC)OC(C)=O,3.0,chaos,-85.83449351,71.23072499,0.029709919675138606,-0.09491879743427353,-0.00846265920279739
ethoxybenzene,103-73-1,C(C)OC1=CC=CC=C1,5.0,chaos,70.49557172,34.96069727,-0.03557133605182516,-0.008552144605561366,0.0368454333113862
phenol,108-95-2,C1(=CC=CC=C1)O,9.0,chaos,7.975914881,-445.9934079,0.31552158199923647,0.46090326434058204,-0.07272387718226424
3-picoline,108-99-6,N1=CC(=CC=C1)C,2.0,chaos,-370.9691119,90.74276636,0.22041039857239123,-0.1866302375045403,-0.03116625579435839
4-methylpyridine,108-89-4,CC1=CC=NC=C1,2.0,chaos,-384.1964046,93.02155555,0.21568951797169128,-0.17909101326168098,-0.01728526454040249
piperidine,110-89-4,N1CCCCC1,1.0,chaos,-574.7108212,124.4943184,0.24675201711060243,-0.2799800000450998,-0.15714924757975565
propanol,71-23-8,C(CC)O,7.0,chaos,-216.195204,-173.7770567,0.20274996543865378,0.0882454956220996,-0.10028542143345275
2-propanol,67-63-0,CC(C)O,7.0,chaos,-229.9142447,-149.2296425,0.20074422686705376,0.06954015500330249,-0.08278261678166816
n-propylamine,107-10-8,C(CC)N,1.0,chaos,-623.9960687,113.5058533,0.3258586649687987,-0.2711190481825966,-0.11270688346826545
n-propylformate,110-74-7,C(CC)OC=O,3.0,chaos,-52.16782477,28.64295667,0.08139474592274401,-0.050247799381928526,0.06356227555417905
propylenecarbonate,108-32-7,CC1COC(=O)O1,4.0,chaos,-45.6958224,-2.725897142,0.20348299031613865,0.0015351381766185257,0.2691977513704705
propionitrile,107-12-0,C(CC)#N,4.0,chaos,-78.69157387,14.51833884,0.20530937203606134,-0.04035594230556166,0.23560476367414465
pyridine,110-86-1,N1=CC=CC=C1,2.0,chaos,-361.4089879,75.31218957,0.22965414722785366,-0.15138053059887768,0.004088387300401053
pyrrolidine,123-75-1,N1CCCC1,1.0,chaos,-603.4742397,124.3492797,0.28023541031684307,-0.2676957661916176,-0.12466871802336853
chinoline,91-22-5,N1=CC=CC2=CC=CC=C12,2.0,chaos,-316.1023785,71.93568398,0.1818260380300001,-0.13294406359803432,-0.031610360342670146
styrene,100-42-5,C=CC1=CC=CC=C1,5.0,chaos,208.6253283,10.04743327,-0.078706153575107,0.045023666857523806,0.07231566831216425
"tetrahydrothiophene-1,1-dioxide",126-33-0,S1(CCCC1)(=O)=O,4.0,chaos,-75.14409495,0.807331598,0.21491184275573982,-0.056343416573069405,0.3092033343881586
tert-butanol,75-65-0,C(C)(C)(C)O,7.0,chaos,-232.6446838,-131.4703524,0.1762333764611282,0.0544196695815276,-0.1115917534902613
methyl-t-butylether,1634-04-4,COC(C)(C)C,3.0,chaos,-231.6913071,108.2814943,0.03788673294374764,-0.14263238392596606,-0.07202794235039818
"2,5,8,11,14-pentaoxapentadecane",143-24-8,COCCOCCOCCOCCOC,3.0,chaos,-321.6601206,91.7164862,0.031068388938020563,-0.09323460639308517,-0.015653942173598025
"1,1,2,2-tetrachloroethane",79-34-5,ClC(C(Cl)Cl)Cl,6.0,chaos,199.9448327,-163.731242,-0.013263281944068272,0.17901358117225202,0.035148755047604445
"2,2'-oxybis(2,1-ethanediyloxy)bisethanol",112-60-7,O(CCOCCO)CCOCCO,7.0,chaos,-276.7071479,34.2477229,0.17439418321347222,-0.13369177768432966,0.06396248246175976
thf,109-99-9,C1CCOC1,2.0,chaos,-247.8768388,99.81965344,0.09137445868353386,-0.14982379871725468,-0.016857573166479893
tetramethylurea,632-22-4,CN(C(N(C)C)=O)C,2.0,chaos,-303.9205935,97.44481948,0.1882385269336792,-0.1959269883674461,0.009857401164656814
toluene,108-88-3,CC1=CC=CC=C1,5.0,chaos,209.9274656,23.26032819,-0.11000406312847331,0.0287931914083479,0.04984945254539852
tri-n-butylamine,102-82-9,C(CCC)N(CCCC)CCCC,1.0,ours,-813.878895,214.5527868,-0.2566609794560814,0.027208842345143532,-0.030357977820495537
"1,1,1-trichloroethane",71-55-6,ClC(C)(Cl)Cl,5.0,chaos,234.3479146,2.304305102,-0.15930881778482675,0.04694602022716231,0.023617300143742005
trichloroethene,79-01-6,ClC=C(Cl)Cl,5.0,chaos,232.2627239,-82.91073428,-0.11582098587123436,0.1287140458916042,-0.001093687418594043
triethylamine,121-44-8,C(C)N(CC)CC,1.0,chaos,-774.2987734,202.8809067,0.07568390330856226,-0.22071404565987315,-0.17894755407066318
triethyleneglycol,112-27-6,C(COCCOCCO)O,2.0,chaos,-236.2915904,-99.44363477,0.1818519275931929,-0.1487626553998296,0.06301898996097759
trifluoroaceticacid,76-05-1,FC(C(=O)O)(F)F,9.0,chaos,60.14595224,-666.7340692,0.4811024893244613,0.7483225547371356,-0.09869120379689908
"2,2,2-trifluoroethanol",75-89-8,FC(CO)(F)F,9.0,chaos,-38.01485736,-396.6586464,0.2733340702602652,0.3730457511524167,-0.07766965493809416
"1,3-propanediol",504-63-2,C(CCO)O,8.0,chaos,-239.3214683,-192.9609235,0.28788217423692763,0.07126714841248542,0.0020944685309571887
"2,4,6-collidine",108-75-8,N1=C(C=C(C=C1C)C)C,2.0,chaos,-403.5625277,115.5080917,0.19021693378738877,-0.22908739419266846,-0.11126405862338216
"1,3-dimethylbenzene",108-38-3,CC1=CC(=CC=C1)C,5.0,chaos,212.7429699,29.9863222,-0.13276438554580394,0.021599131726471016,0.03410742299703954
"1,2-dimethylbenzene",95-47-6,CC1=C(C=CC=C1)C,5.0,chaos,210.5536597,27.89890208,-0.12206208813120088,0.02357133503947009,0.04263118821718229
"1,4-dimethylbenzene",106-42-3,CC1=CC=C(C=C1)C,5.0,chaos,213.0927605,29.78973531,-0.13250430887986847,0.022000757442628357,0.035814818724159724
h2o,7732-18-5,O,10.0,chaos,-215.09302,-297.3823951,0.5455773351985432,0.6312040192398888,0.2017786734123255
propyleneglycol,57-55-6,C(C(C)O)O,8.0,chaos,-206.9980812,-205.4341862,0.282328406832039,0.11133475356613037,0.017834188034947213
"1,4-butadiol",110-63-4,OCCCCO,,chaos,-276.3391577,-173.0152674,0.24834311182141988,0.05964106714322928,-0.06809768949069915
2-ethoxy-2-methyl-propane,637-92-3,C(C)OC(C)(C)C,,chaos,-223.9259035,112.5081188,0.016809864923097644,-0.14407246898570678,-0.09812763829427869
co2,124-38-9,O=C=O,,chaos,200.1441861,8.107701107,-0.035991512717132676,0.06463234553263034,0.08657505327906036
1-methyl-4-isopropylbenzene,99-87-6,CC1=CC=C(C=C1)C(C)C,5.0,chaos,220.3209109,34.63129503,-0.15572268681724413,0.02117251756239958,0.01970661400019367
diethoxymethane,462-95-3,C(C)OCOCC,,chaos,-140.8332646,83.91188045,0.02084808523118465,-0.09464141258806404,-0.01597672955828924
"2,2-dimethyl-4-hydroxymethyl-1,3-dioxolane",100-79-8,CC1(OCC(O1)CO)C,7.0,chaos,-170.7780774,-163.5775711,0.1750941672664665,-0.01828001801716967,0.011255132062031705
dimethylisosorbide,5306-85-4,COC1COC2C(COC12)OC,3.0,chaos,-156.6974098,56.94072637,0.09864886206581505,-0.08994459678413098,0.057667967819625736
2-hydroxypropanoicacidethylester,97-64-3,CCOC(=O)C(C)O,7.0,chaos,-174.2907762,-97.85959496,0.14244008356837393,-0.02546018339032615,0.002733592981676855
ethyllaurate,106-33-2,C(C)OC(CCCCCCCCCCC)=O,3.0,chaos,-51.25808842,81.12887385,-0.08453009543962649,-0.07005443858114337,-0.06715439686304374
"4-hydroxymethyl-1,3-dioxolan",5464-28-8,OCC1OCOC1,8.0,chaos,-164.0398066,-184.9118177,0.25679691839111357,0.039973478451424384,0.09481264611080997
lacticacid,50-21-5,C(C(O)C)(=O)O,,chaos,-119.6290244,-369.6836938,0.33800782466779816,0.3783108367014789,-0.08362877856500195
dipentene,138-86-3,CC(=C)C1CCC(=CC1)C,5.0,chaos,215.9654036,45.66008102,-0.18114183220348784,0.01373422179231988,-0.0005591972084819072
2-methyltetrahydrofuran,96-47-9,CC1OCCC1,3.0,chaos_no_stereo,-233.6912063,104.7006006,0.07533166871931575,-0.16140769863084875,-0.058944381442889854
2-octanol,123-96-6,CC(CCCCCC)O,,chaos,-196.1016373,-143.9133671,0.10696406884117987,0.048779112014385666,-0.15847165979236533
tetrahydrofurfurylalcohol,97-99-4,C(C1CCCO1)O,7.0,chaos_no_stereo,-230.0693932,-113.8382824,0.1940896996208395,-0.030303082479449715,-0.024735392261777178
glycerol-triacetate,102-76-1,C(C)(=O)OCC(OC(C)=O)COC(C)=O,3.0,chaos,-59.06209985,25.69030566,0.10069543898858999,-0.058772147400139724,0.09383543210942122
dihydro-5-methyl-2(3h)-furanone,108-29-2,CC1CCC(O1)=O,4.0,chaos_no_stereo,-108.601964,37.04045641,0.1897349944286573,-0.08638813206465072,0.1956767229573541
methyl-tert-amylether,994-05-8,COC(C)(C)CC,,chaos,-207.2119676,108.7528324,0.01289264862885767,-0.13677513158576293,-0.08342073284598998
benzoicacidphenylmethylester,120-51-4,O=C(OCc1ccccc1)c2ccccc2,3.0,chaos,19.02389084,31.14160609,-0.01209355136775919,-0.012888513013067517,0.031137423960768938
cyclopentyl-methyl-ether,5614-37-9,C1(CCCC1)OC,3.0,chaos,-174.8040313,101.4623972,-0.0007469347658431112,-0.1258231248364866,-0.07729300332652136
dimethyl_adipate,627-93-0,COC(=O)CCCCC(=O)OC,3.0,chaos,-66.70606324,45.55405859,0.09295503536088179,-0.08704289223028899,0.048228365412305685
pentanedioicaciddimethylester,1119-40-0,COC(=O)CCCC(=O)OC,3.0,chaos,-58.60196123,39.47411453,0.10302134565534164,-0.06525129019736155,0.09309508263936615
dimethylsuccinate,106-65-0,COC(CCC(=O)OC)=O,3.0,chaos,-39.55015559,30.02986621,0.13047319613976208,-0.04683058170301039,0.1427308781131656
diethyleneglycolmonobutylether,112-34-5,CCCCOCCOCCO,,chaos,-231.9346276,-58.94765027,0.10661032083340895,-0.16006184212565405,-0.04013338676815519
dimethylcarbonate,616-38-6,COC(OC)=O,,chaos,-30.83930453,28.88018364,0.12744015604949688,-0.04205648533526062,0.16068983686736749
"n,n-dimethyldecanamid",14433-76-2,CCCCCCCCCC(=O)N(C)C,3.0,chaos,-241.1290668,101.3547073,0.08848585100936295,-0.17009379752536335,-0.07630343979863455
"n,n-dimethyloctanamide",1118-92-9,CCCCCCCC(=O)N(C)C,2.0,chaos,-247.3793774,98.68682456,0.1103534439216527,-0.17357716026630188,-0.05968384538334816
dioxolane,646-06-0,O1COCC1,3.0,chaos,-104.4854689,39.18918258,0.1564107922175664,-0.07504750110824653,0.14938241168978386
"1,2-ethanedioldiacetate",111-55-7,CC(=O)OCCOC(C)=O,,chaos,-69.64924027,29.50150354,0.12350669237972314,-0.05559533445804701,0.10876437785982224
hexamethyldisiloxane,107-46-0,C[Si](O[Si](C)(C)C)(C)C,,chaos,-18.60100924,86.30818042,-0.1541155751645825,-0.022699479716283475,-0.04377212027957244
aceticacid-2-methylpropylester,110-19-0,CC(COC(C)=O)C,3.0,chaos,-82.75062954,68.63257402,0.04539726482863069,-0.09266020598442418,0.010979489372197948
methyl-5-(dimethylamino)-2-methyl-5-oxopentanoate,1174627-68-9,COC(C(CCC(=O)N(C)C)C)=O,2.0,chaos,-220.1879444,70.35788392,0.14663004314490918,-0.14630301807895393,0.011428786462910701
"1,1,1,3,3-pentafluorobutane",406-58-6,FC(CC(C)(F)F)(F)F,,chaos,205.0163785,-66.50039884,-0.06074941110222692,0.07717384641901776,0.06780594414340813
PDMS,63148-62-9,C[Si](C)(C)O[Si](C)(C)O[Si](C)(C)C,,chaos,-470.2052058,156.579469,-0.1637237715840632,-0.004155629518424631,-0.03204064088986141
1-nonene,124-11-8,C=CCCCCCCC,,chaos,232.9185076,52.25232647,-0.22022295939889566,0.020655611238708012,-0.02160156258301514
2-ethyl-1-hexanol,104-76-7,C(C)C(CO)CCCC,,chaos_no_stereo,-170.8792502,-181.5691618,0.10972195297573806,0.08725570320972835,-0.16078640433384006
2-nitropropane,79-46-9,[N+](=O)([O-])C(C)C,,chaos,93.25663796,18.80340882,0.05263198177025061,0.0016720789346931868,0.1478252530914259
4-oh-4-me-2-pentanone,123-42-2,CC(=O)CC(C)(C)O,,chaos,-258.8350892,-36.98698751,0.18239606694627905,-0.13795617402840096,0.041355396196238244
isophorone,78-59-1,O=C1C=C(CC(C)(C)C1)C,,chaos,-206.1079134,81.49675049,0.13264191203847955,-0.1532115909777608,0.009585126460740036
methyloleate,112-62-9,COC(CCCCCCC\C=C/CCCCCCCC)=O,3.0,chaos,-25.53025955,74.4147157,-0.05943873763277069,-0.07402417102641545,-0.05134115056880553
dimethoxymethane,109-87-5,COCOC,,chaos,-138.7097245,67.97629565,0.08757457269556561,-0.095779784610057,0.04903329637208703
tetrachloroethene,127-18-4,ClC(=C(Cl)Cl)Cl,5.0,chaos,259.2541561,39.62180901,-0.24123613641173933,0.034817588079992544,-0.022381314094006254
beta-pinene,127-91-3,C12C(CCC(C1(C)C)C2)=C,5.0,chaos,211.9132451,54.09633505,-0.20597493877840803,0.017594230974874663,-0.013785178287363944
gamma-butyrolactone,96-48-0,C1(CCCO1)=O,,chaos,-99.10702558,22.89663243,0.2362304403129342,-0.07075483757283683,0.28073197696236557
"((1,1-dimethylethoxy)methyl)oxirane",7665-72-7,CC(C)(OCC1OC1)C,,chaos,-149.4183814,70.68264102,0.06316101777260703,-0.10992962141231963,-0.024088855676249184
"(1,1-dimethylethyl)benzene",98-06-6,CC(C)(C)C1=CC=CC=C1,,chaos,218.9914385,30.91273453,-0.14435555583028145,0.025139498790180664,0.02627223021988519
(1-methylvinyl)cyclopropane,4663-22-3,CC(=C)C1CC1,,ours,194.2837615,38.04591943,-0.16987699405184092,0.02320026934958876,0.012464845281535915
(1-methylethyl)-cyclopentane,3875-51-2,CC(C)C1CCCC1,,chaos,272.920227,58.61965609,-0.2680941563994632,0.029934083401133283,-0.03722644086513757
(2-propenyloxy)methyl-oxirane,106-92-3,C(C=C)OCC1OC1,,chaos,-90.4858047,47.28189449,0.07675454604068595,-0.07411735690029912,0.039034349328946664
(2-methyl-1-propenyl)benzene,786-49-0,CC(=CC1=CC=CC=C1)C,,chaos,214.3041968,25.10108204,-0.1329808384057961,0.02761319418745245,0.035907943975130495
(3-chloropropyl)trimethoxy-silane,2530-87-2,ClCCC[Si](OC)(OC)OC,,chaos,-65.84986703,53.93323028,-0.041870018164487315,-0.0471944184459902,-0.006835937325357517
(3-chloropropyl)dimethylchlorosilane,10605-40-0,ClCCC[Si](Cl)(C)C,,chaos,202.8852036,15.92355233,-0.13402407050641416,0.031792450729359434,0.03396535797649719
(chloromethyl)-oxirane,106-89-8,ClCC1OC1,,chaos,-8.712061678,0.64940674,0.09301040593943978,0.011067749358707583,0.11568009374633852
(c-chloroethoxy)ethene,110-75-8,ClCCOC=C,,chaos,110.0678103,-7.327300721,-0.027258684919031693,0.026500815130937754,0.07029753146716727
(chloromethyl)-benzene,100-44-7,ClCC1=CC=CC=C1,,chaos,194.6380174,-7.571652266,-0.04583896027747688,0.05908832711286758,0.08752977262335924
(dichloromethyl)-benzene,98-87-3,ClC(Cl)C1=CC=CC=C1,,chaos,202.1336165,-68.82381806,-0.05141029985496054,0.10411979018857997,0.05047935385539691
(chloromethyl)cyclopropane,5911-08-0,ClCC1CC1,,chaos,195.9414822,10.63070534,-0.07906134060932715,0.03922001116314013,0.06666760210519417
(dichloromethyl)dimethylchlorosilane,18171-59-0,ClC(Cl)[Si](Cl)(C)C,,chaos,209.7367312,-61.12485735,-0.11025223892699329,0.08100494589785043,0.02537914225746922
(e)-(1-methyl-1-propenyl)benzene,768-00-3,C/C(=C\C)/C1=CC=CC=C1,,chaos,214.5861716,23.72989591,-0.12947907522323013,0.029106780133943196,0.038876875654953624
(e)-1-propenylbenzene,637-50-3,C(=C\C)/C1=CC=CC=C1,,chaos,209.9063202,17.42185529,-0.10250367798115403,0.0350229240453616,0.05738298452553322
"(e)-1,3-hexadiene",20237-34-7,C=C\C=C\CC,,chaos,220.5224999,35.21402416,-0.1459463685840994,0.022473421790594503,0.025696805574358033
(e)-2-decene,20063-97-2,C\C=C\CCCCCCC,,chaos,239.3176173,54.63651077,-0.23327720652274375,0.02257870681945736,-0.02679680994946255
(e)-2-butenenitrile,627-26-9,C(\C=C\C)#N,,chaos,-66.4666046,11.43104103,0.1527333952312092,-0.027424129216166142,0.17219534623852736
(e)-2-heptenoic-acid,18999-28-5,C(\C=C\CCCC)(=O)O,,chaos,-86.33295066,-341.637812,0.20868092549761608,0.2903193035355465,-0.14782807890082988
(e)-3-methyl-2-pentene,616-12-6,C\C(=C/C)\CC,,chaos,217.5305096,53.21878118,-0.20365403514512492,0.01784793564249396,-0.011994059189290108
(e)-4-octene,14850-23-8,CCC\C=C\CCC,,chaos,238.0961332,54.75090759,-0.22843922787840393,0.020347070680640462,-0.02334019981518936
(e)-5-undecene,764-97-6,CCCC\C=C\CCCCC,,chaos,246.2403424,55.3215761,-0.2397552618293926,0.022317169095029416,-0.029173872072256593
"(e,z)-2,4-hexadiene",5194-50-3,C\C=C\C=C/C,,chaos,213.39297,36.47151693,-0.13944774172779523,0.01897609508277417,0.03125889399066822
(trichloromethyl)-benzene,98-07-7,ClC(Cl)(Cl)C1=CC=CC=C1,,chaos,228.6595964,5.936510575,-0.1557150358773448,0.048498554450061286,0.022250631837295566
(methylthio)-ethane,624-89-5,CSCC,,chaos,36.19126175,51.49144545,-0.037184380086486626,-0.031153135159429832,0.03861092565693085
(ethylthio)aceticacid,627-04-3,C(C)SCC(=O)O,,ours,-66.42155944,-380.0897425,0.30667611777726655,0.33668159020390576,-0.044745489240757726
(propylthio)benzene,874-79-3,C(CC)SC1=CC=CC=C1,,ours,197.35885,16.4808346,-0.11271438312489093,0.03256124002337505,0.04647114795312966
"(z)-1,2-dimethylcyclopentane",1192-18-3,C[C@H]1CCC[C@H]1C,,chaos_no_stereo,272.71789,58.63494351,-0.26485431553825534,0.03019195918059253,-0.03524239180059888
"(z)-1,3-dimethylcyclopentane",2532-58-3,C[C@@H]1CC[C@H](C)C1,,chaos_no_stereo,272.9807081,58.70577877,-0.26641114278100037,0.03009858761399105,-0.03731686307735534
(z)-2-butenedioicaciddibutylester,105-76-0,CCCCOC(=O)\C=C/C(=O)OCCCC,,chaos_no_stereo,-22.37840488,26.27728556,-0.024026290565921187,-0.06021767959323264,0.0031320382586807528
(z)-2-hexene,7688-21-3,C\C=C/CCC,,chaos,210.3066126,54.07198923,-0.20813005773648158,0.01834746475720853,-0.01566953734524198
(z)-2-methyl-2-pentenal,623-36-9,C/C(/C=O)=C/CC,,chaos_no_stereo,-127.9054046,69.02449137,0.08843310119800872,-0.10107331327250321,0.03340896151609611
(z)-2-octene,7642-04-08 00:00:00,C\C=C/CCCCC,,chaos,219.5634868,55.27448204,-0.21759585611596494,0.01739512851502948,-0.023115716136955462
"(z,z)-9,12-octadecadienoicacid",60-33-3,C(CCCCCCC\C=C/C\C=C/CCCCC)(=O)O,,chaos,-39.14374193,-349.7370192,-0.07015356845842313,-0.08212804895394453,-0.07653533028411465
"(z)-4,4-dimethyl-2-pentene",762-63-0,CC(\C=C/C)(C)C,,chaos,240.5003972,51.89200602,-0.19833164016217245,0.014552802921659124,-0.012400282832316957
(z)-5-undecene,764-96-5,CCCC\C=C/CCCCC,,chaos,225.1953627,57.28588699,-0.2349669945840788,0.019651963311825758,-0.029234068642775342
"1,1'-bicyclohexyl-2-one",90-42-6,C1(C(CCCC1)=O)C1CCCCC1,,chaos,-114.9817933,86.83358843,0.020100917032994877,-0.1235906906376355,-0.05460382987282678
"1,1'-butylidenebisbenzene",719-79-9,C(CCC)(C1=CC=CC=C1)C1=CC=CC=C1,,ours,208.8850399,19.95347735,-0.14606872332739032,0.031238898890948462,0.028923604265124095
"1,1'-methylenebis(oxy)bisbutane",2568-90-3,C(OCCCC)OCCCC,,chaos,-109.2331103,91.28206936,-0.029674095156875642,-0.09775364701253145,-0.06218596180188593
"1,1'-methylenebis(oxy)bispropane",505-84-0,C(OCCC)OCCC,,chaos,-124.3063881,89.73332248,-0.011614459900400421,-0.09301238586504602,-0.04069900899078746
"1,1'-oxybis-octane",629-82-3,O(CCCCCCCC)CCCCCCCC,,chaos,-136.5441931,110.9514466,-0.0749575893964812,-0.10667788598327088,-0.1095051742363057
"1,1'-thiobis2-methylpropane",592-65-4,CC(C)CSCC(C)C,,chaos,91.52982613,61.1477212,-0.1322973963574642,-0.01913003101475936,-0.017446325206021497
"1,1'-thiobispropane",111-47-7,S(CCC)CCC,,chaos,59.11048173,61.68997042,-0.08872990248376271,-0.036531145517535876,-0.0072347620063176795
"1,1,1,2-tetrachloroethane",630-20-6,ClC(CCl)(Cl)Cl,,chaos,215.4660581,-87.43677725,-0.09266770659537699,0.09798095650699189,0.03417702272616415
"1,1,1-trichloro-2,2,3,3,3-pentafluoropropane",4259-43-2,ClC(C(C(F)(F)F)(F)F)(Cl)Cl,,chaos,269.9601329,43.2962679,-0.23005721851319866,0.06998672348428751,-0.04485081367061926
"1,1,1-trifluoro-2-propanol",374-01-6,FC(C(C)O)(F)F,,chaos,-52.4191781,-359.0063353,0.22180784487951807,0.3084605310036742,-0.08699973084330527
"1,1,1-trifluoromethylmethylether",421-14-7,FCC(CF)(CF)OC(CF)(CF)CF,,ours,219.4381736,-5.421154318,0.008658072564242931,0.06753958969602514,0.11705062828421348
"1,1,2,2-tetrabromoethane",79-27-6,BrC(C(Br)Br)Br,,chaos,196.9739346,-152.3413738,-0.02919886474033087,0.15483617894254229,0.033716550263244986
"1,1,2,2-tetrachloro-1-fluoroethane",354-14-3,ClC(C(Cl)Cl)(F)Cl,,chaos,215.6878181,-171.5954594,-0.01752909214642317,0.2388910455607605,-0.011837352835376156
"1,1,2,3,4,4-hexachloro-1,3-butadiene",87-68-3,ClC(=C(C(=C(Cl)Cl)Cl)Cl)Cl,,chaos,254.9514756,37.34109106,-0.24441389142067943,0.034657264026116665,-0.023753107978183245
"1,1,2,2-tetrafluoro-1-(trifluoromethoxy)ethane",2356-61-8,FC(C(F)F)(OC(F)(F)F)F,,chaos,228.2738183,-174.1504548,0.005627046833186964,0.2555577522025273,0.004651615170762856
"1,1,2-trichloroethane",79-00-5,ClC(CCl)Cl,,chaos,197.700294,-106.4005721,-0.02623995262153295,0.12349290149356835,0.055575923869416115
"1,1,2-trimethylcyclohexane",7094-26-0,CC1(C(CCCC1)C)C,,chaos,271.335911,56.696002,-0.2629227391732635,0.030098123998604693,-0.03288565008045013
"1,1,2-trimethylcyclopentane",4259-00-1,CC1(C(CCC1)C)C,,chaos,271.3464911,57.54301006,-0.2620953893677968,0.029882410434830697,-0.03298022569658599
"1,1,3,3-tetramethyl-1,3-diphenyldisiloxane",56-33-7,C[Si](O[Si](C1=CC=CC=C1)(C)C)(C1=CC=CC=C1)C,,chaos,11.31623236,54.66129052,-0.03109906731394082,-0.07447216772564401,-0.05677697052089295
"1,1,3,3-tetramethylcyclopentane",50876-33-0,CC1(CC(CC1)(C)C)C,,chaos,271.087273,56.42122291,-0.2599504959241964,0.030183031787355295,-0.030292221743362217
"1,1-dibromoethane",557-91-5,BrC(C)Br,,chaos,204.8416953,-60.24041915,-0.08240083602079763,0.06787571714759753,0.05632337680773484
"1,1,3-trimethylcyclopentane",4516-69-2,CC1(CC(CC1)C)C,,chaos,272.4018826,58.03956373,-0.26538425992304565,0.029971584718726057,-0.035523684414287104
"1,1,3-trimethylcyclohexane",3073-66-3,CC1(CC(CCC1)C)C,,chaos,270.7109412,56.63039272,-0.2624360893971692,0.029825713702193987,-0.033633533835345696
"1,1-dichloro-2,2-difluoroethylmethylether",76-38-0,ClC(C(F)F)(Cl)COCC(C(F)F)(Cl)Cl,,ours,203.1853788,-93.77759186,-0.000748726862938561,0.17908314947572485,0.01816329174517402
"1,1-diethoxyethane",105-57-7,C(C)OC(C)OCC,,chaos,-162.9248704,92.17907558,0.024177397375230097,-0.11799650495514864,-0.041005813542559826
"1,1-dichlorocyclohexane",2108-92-1,ClC1(CCCCC1)Cl,,chaos,221.4804567,29.1632741,-0.17093516959570218,0.02679509324651033,0.012410736716931835
"1,1-dimethoxy-2-methyl-propane",41632-89-7,COC(C(C)C)OC,,chaos,-146.0374804,87.42389231,0.003475182581336782,-0.10428061245189109,-0.04508255462753779
"1,1-dimethylcyclohexane",590-66-9,CC1(CCCCC1)C,,chaos,271.5308667,57.02054169,-0.26269670659505273,0.03000675670975898,-0.033349912249932216
"1,1-dimethylcyclopentane",1638-26-2,CC1(CCCC1)C,,chaos,271.0059777,57.53860707,-0.2645994626853532,0.0299601174430529,-0.035557437230447034
"1,1-diphenylethane",612-00-0,C1(=CC=CC=C1)C(C)C1=CC=CC=C1,,chaos,204.7418276,16.76925494,-0.1080477271098105,0.030746200832450787,0.05187473645582535
"1,10-undecadiyne",4117-15-1,C#CCCCCCCCC#C,,ours,176.4664623,-63.22346252,-0.04705259660352106,0.09696230403632573,0.03299911655121051
"1,2,3,4,5,5-hexachloro-1,3-cyclopentadiene",77-47-4,ClC1=C(C(=C(C1(Cl)Cl)Cl)Cl)Cl,,chaos,249.1716214,33.56059767,-0.2338370463825172,0.03526688974741487,-0.020706024175889716
"1,2,2-trichloropentafluoropropane",1599-41-3,ClC(C(C(F)(F)F)(Cl)Cl)(F)F,,chaos,269.6507481,43.1937031,-0.24912612432219697,0.041421066492251066,-0.029674569934617673
"1,2,3,4-tetrafluorobenzene",551-62-2,FC1=C(C(=C(C=C1)F)F)F,,chaos,226.7334529,-37.33818731,-0.13192991164201118,0.06503207419936233,0.03090683340914574
"1,2,3,4-tetrahydro-2-methylnaphthalene",3877-19-8,CC1CC2=CC=CC=C2CC1,,chaos,215.9710353,35.58920715,-0.15758656991261918,0.017835950119764868,0.015991400922194834
"1,2,3,4-tetrahydro-5-methylnaphthalene",2809-64-5,CC1=C2CCCCC2=CC=C1,,chaos,213.0892124,37.1092181,-0.1556523940852393,0.014891464474040422,0.017073116257091618
"1,2,3,4-tetrahydro-6-methylnaphthalene",1680-51-9,CC=1C=C2CCCCC2=CC1,,chaos,216.3819954,38.58250871,-0.16452670471805078,0.014364654303330103,0.010858360139344526
"1,2,3,5-tetramethylbenzene",527-53-7,CC1=C(C(=CC(=C1)C)C)C,,chaos,214.3415855,37.56109355,-0.15363432134749216,0.01538713946994597,0.022458466299098256
"1,2,3,4-tetramethylbenzene",488-23-3,CC1=C(C(=C(C=C1)C)C)C,,chaos,212.2959578,36.62267958,-0.14762484492731198,0.014898306465415572,0.024585549271821532
"1,2,3,5-tetrafluorobenzene",2367-82-0,FC1=C(C(=CC(=C1)F)F)F,,chaos,222.5554035,-65.42526693,-0.1036283250254243,0.09370616502732139,0.029005132293098573
"1,2,3,5-tetraethylbenzene",38842-05-6,C(C)C1=C(C(=CC(=C1)CC)CC)CC,,chaos,224.5242873,46.06466259,-0.19154820029502742,0.014852179447845594,-0.0024254639178566515
"1,2,3-trichloropropane",96-18-4,ClCC(CCl)Cl,,chaos,195.1292828,-62.92877768,-0.044103919184619374,0.07801890953855913,0.07453951564234748
"1,2,3-trichloro-1,1,2,3,3-pentafluoropropane",76-17-5,ClC(C(C(F)(F)Cl)(F)Cl)(F)F,,chaos,271.2552998,45.61030935,-0.2537815232447771,0.038173031824835835,-0.029490716117211786
"1,2,3-trimethylbenzene",526-73-8,CC1=C(C(=CC=C1)C)C,,chaos,210.60581,32.56623635,-0.13549330548343186,0.01867216869018091,0.030682300949192897
"1,2,3-trimethylcyclohexane,(1a,2b,3a)",1678-81-5,CC1CCCC(C)C1C,,chaos,272.6413024,57.78047266,-0.2662986182532767,0.030131638869931966,-0.03523245051528527
"1,2,4-benzenetricarboxylicacidtrimethylester",2459-10-01 00:00:00,COC(=O)c1ccc(C(=O)OC)c(c1)C(=O)OC,,chaos,-6.477859832,21.62955659,0.07141219794134711,-0.03867130370050983,0.09458228609362869
"1,2,4-trimethylbenzene",95-63-6,CC1=C(C=C(C=C1)C)C,,chaos,213.4492565,33.58339348,-0.14071245508092248,0.019040835622032154,0.02998546669712962
"1,2,4-trifluorobenzene",367-23-7,FC1=C(C=C(C=C1)F)F,,chaos,216.7584573,-48.47394136,-0.08966896356571084,0.08225448902009627,0.045911318378446656
"1,2-benzenedicarboxylicaciddiisononylester",28553-12-0,CC(C)CCCCCCOC(=O)c1ccccc1C(=O)OCCCCCCC(C)C,,ours,-7.547396243,60.48957811,-0.06366993850969319,-0.0524688924342307,-0.02865212918920402
"1,2-butanediol",584-03-2,C(C(CC)O)O,,chaos,-197.6750106,-201.025466,0.2428370327693946,0.09509916359778946,-0.025904878191403084
"1,2-cycloheptanedione",3008-39-7,C1(C(CCCCC1)=O)=O,,chaos,-52.27156417,32.68251979,0.12869037028932423,-0.05214629200835088,0.17633934670644955
"1,2-dibromopropane",78-75-1,BrCC(C)Br,,chaos_no_stereo,205.2444482,-24.13086935,-0.09339853111439701,0.04889890125057386,0.058893290874514934
"1,2-dibutoxyethane",112-48-1,C(CCC)OCCOCCCC,,chaos,-296.6093991,119.533513,-0.014515685462990346,-0.11949444258628476,-0.07737190119205171
"1,2-dichloro-1-fluoroethane",430-57-9,ClC(CCl)F,,chaos,193.5797012,-100.8225704,-0.01692191871038245,0.11295025497205562,0.06916669952140768
"1,2-dichloro-2-fluoropropane",420-97-3,ClCC(C)(F)Cl,,chaos,203.3776308,-47.74178409,-0.0643685416451453,0.07387877621207088,0.06368633270791398
"1,2-diethylbenzene",135-01-3,C(C)C1=C(C=CC=C1)CC,,chaos,216.6437187,35.01749079,-0.15318731833074783,0.020045619977563132,0.021262561824448162
"1,2-dichloropropane",78-87-5,ClCC(C)Cl,,chaos_no_stereo,199.6208135,-19.83491423,-0.08891554887002533,0.05058123796664762,0.0605048682451891
"1,2-dichloro-3,3,4,4,5,5-hexafluorocyclopentene",706-79-6,ClC1=C(C(C(C1(F)F)(F)F)(F)F)Cl,,chaos,258.8072042,30.97966967,-0.2111946874625729,0.045098429914139974,-0.007837624389552985
"1,2-diisopropylbenzene",577-55-9,C(C)(C)C1=C(C=CC=C1)C(C)C,,chaos,222.0492447,38.11317628,-0.16634944208178953,0.019744781401585074,0.01371643614875608
"1,2-dihydronaphthalene",447-53-0,C1CC=CC2=CC=CC=C12,,ours,208.2433305,21.52919666,-0.13944122613993684,0.029082096374548026,0.033759503473418065
"1,2-dimethylhydrazine",540-73-8,CNNC,,chaos,-483.7653307,65.20196305,0.3068469218204577,-0.19589289232809734,-0.012925538116080555
"1,2-dimethyl-cyclopentene",765-47-9,CC1=C(CCC1)C,,chaos,234.3569613,53.14715267,-0.222427938136316,0.022911277715827797,-0.01852742237449528
"1,2-dimethylcyclohexene",1674-10-8,CC1=C(CCCC1)C,,chaos,236.2995745,53.56476198,-0.2261467762415394,0.021186846853273846,-0.02222017808292683
"1,2-dimethylnaphthalene",573-98-8,CC1=C(C=CC2=CC=CC=C12)C,,chaos,212.241027,19.23123041,-0.11659002726729084,0.03285120309401228,0.04896790702659488
"1,2-epoxy-3-ethoxypropane",4016-11-09 00:00:00,C(C)OCC1CO1,,chaos,-118.9033907,58.43182295,0.09748071710940452,-0.0921134607481861,0.04546477127721801
"1,2-ethanedithiol",540-63-6,C(CS)S,,chaos,97.48888313,-40.44180265,0.04952450297260555,0.06396591569123149,0.12942007107531805
"1,2-propanediamine",78-90-0,C(C(C)N)N,,chaos_no_stereo,-606.1138205,88.93622089,0.372834543399461,-0.24896776752984376,-0.0295150977116725
"1,2-propanediolmonoethylether",52125-53-8,CCOC(O)CC,,ours,-162.3158141,-191.2719042,0.15961815146113018,0.020560690541484555,-0.02667942991790825
"1,2-propyleneglycoldiacetate",623-84-7,CC(COC(C)=O)OC(C)=O,,chaos,-72.1848852,41.14612954,0.09218250219499358,-0.07105178464759622,0.0765795285655363
"1,3,5,7-cyclooctatetraene",629-20-9,C1=CC=CC=CC=C1,,chaos,154.239412,22.00639329,-0.0716365868004113,0.02738674707744421,0.06472569206078038
"1,3,5-cyclooctatriene",1871-52-9,C1=CC=CC=CCC1,,chaos,200.3957358,29.88837959,-0.11950278601803561,0.01622087363804024,0.035998502056665764
"1,3,5-trifluorobenzene",372-38-3,FC1=CC(=CC(=C1)F)F,,chaos,218.9315243,-55.78199167,-0.09468281267059382,0.09005344973876601,0.037755598391646716
"1,3,5-triisopropylbenzene",717-74-8,C(C)(C)C1=CC(=CC(=C1)C(C)C)C(C)C,,chaos,232.5710469,43.91048391,-0.19184902726896225,0.020330459680844456,-0.0020896860343563102
"1,3,5-triethylbenzene",102-25-0,C(C)C1=CC(=CC(=C1)CC)CC,,chaos,223.5041026,43.14382371,-0.18516195846155764,0.016479891780704276,-0.0004959317978800038
"1,3,5-trimethyladamantane",707-35-7,CC12CC3(CC(CC(C1)C3)(C2)C)C,,chaos,269.1148283,56.51757255,-0.26232227806063,0.028915331575755227,-0.03458142718336216
"1,3-butanediol",107-88-0,C(CC(C)O)O,,chaos,-252.7526829,-173.7113458,0.25292484003447724,0.035376164171284634,-0.030823358895611518
"1,3-bis(1-methylethyl)-benzene",99-62-7,CC(C)C1=CC(=CC=C1)C(C)C,,chaos,224.7969215,38.16919317,-0.16964095142681787,0.02176744808351294,0.010095900741930843
"1,3-cyclohexadiene",592-57-4,C1=CC=CCC1,,chaos,206.746388,34.1085113,-0.13758814880147985,0.018714714918144262,0.027719706729910015
"1,3-cycloheptadiene",4054-38-0,C1=CC=CCCC1,,chaos,206.1391404,38.41005666,-0.14721093718814665,0.01415288339023606,0.021896923516202586
"1,3-cyclohexanedimethanamine",2579-20-6,C1(CC(CCC1)CN)CN,,chaos,-586.8528388,104.4025628,0.33411004760374957,-0.28004069551297395,-0.10258157046711586
"1,3-dibromopropane",109-64-8,BrCCCBr,,chaos,197.3660186,-15.31699294,-0.06740614389367522,0.04949138498102212,0.0756605793018435
"1,3-dibromobenzene",108-36-1,BrC1=CC(=CC=C1)Br,,chaos,223.7851155,-21.99975652,-0.13445840918861535,0.057107037595875064,0.036754495893163056
"1,3-dichloro-2-butene",926-57-8,ClCC=C(C)Cl,,chaos_no_stereo,198.7370466,-24.52190443,-0.09763118683249372,0.047634721524369095,0.056631163579333135
"1,3-dichloro-2-propanol",96-23-1,ClCC(CCl)O,,chaos,-75.28512942,-262.2257268,0.17715162305413365,0.144871203095218,-0.011998326809692414
"1,3-dichloro-trans-2-butene",10075-38-4,C\C(Cl)=C\CCl,,chaos,202.5220617,-4.901112649,-0.09763118683249372,0.047634721524369095,0.056631163579333135
"1,3-dichloropropane",142-28-9,ClCCCCl,,chaos,196.2189131,-7.316047628,-0.05720605965713956,0.051428289446632046,0.08338906414836403
"1,3-diethylbenzene",141-93-5,C(C)C1=CC(=CC=C1)CC,,chaos,219.1971908,36.20149402,-0.1613123792457308,0.019866956443435713,0.013655591104479666
"1,3-diethenylbenzene",108-57-6,C(=C)C1=CC(=CC=C1)C=C,,chaos,210.4761507,6.877635328,-0.07713483414990545,0.049323727986991715,0.07213482275427696
"1,3-diethyl-5-methylbenzene",2050-24-0,C(C)C1=CC(=CC(=C1)C)CC,,chaos,221.98712,40.81868498,-0.1753355156347683,0.016590022618206156,0.006012848817538611
"1,3-diiodopropane",627-31-6,ICCCI,,chaos,199.1870035,-16.05733122,-0.0979396279369895,0.04135992789595946,0.05981420428187987
"1,3-dimethyladamantane",702-79-4,CC12CC3(CC(CC(C1)C3)C2)C,,chaos,271.1193828,58.00787072,-0.2658346708816871,0.029176517097382802,-0.03648931448198765
"1,3-dioxane",505-22-6,O1COCCC1,,chaos,-134.2946097,55.05823663,0.13322934425610164,-0.09614076357743898,0.10616374539340873
"1,3-dimethylnaphthalene",575-41-7,CC1=CC(=CC2=CC=CC=C12)C,,chaos,213.9813637,20.18857524,-0.11866348871418142,0.03226465262871565,0.04738088896674923
"1,3-propanediamine",109-76-2,C(CCN)N,,chaos,-635.0444465,91.17288993,0.42399225299215265,-0.25107257542800476,0.04435847441157529
"1,3-dithiolane",4829-04-03 00:00:00,S1CSCC1,,chaos,96.89669718,2.549172364,0.006024167109611722,0.023043761497697473,0.1129743921805182
"1,3-divinyl-1,1,3,3-tetramethyldisiloxane",2627-95-4,C(=C)[Si](O[Si](C)(C)C=C)(C)C,,chaos,-44.63198401,80.98914103,-0.17280359219330058,0.012527296714871097,-0.00529948876088952
"1,3-hexadien-5-yne",10420-90-3,C=CC=CC#C,,chaos_no_stereo,191.4720134,-90.85749713,0.04887776471983676,0.1847805648249719,0.04394874228226032
"1,3-propanedithiol",109-80-8,C(CCS)S,,chaos,89.32903921,-22.14319614,0.01806928385141258,0.03083015283044846,0.10784896258839105
"1,4-bis(1-methylethyl)-benzene",100-18-5,CC(C)C1=CC=C(C=C1)C(C)C,,chaos,225.8700569,38.27884105,-0.1698631611156507,0.021727515402032865,0.010257989389825582
"1,4-butanedithiol",1191-08-8,C(CCCS)S,,chaos,80.3266304,-10.67681266,-0.014904306938145316,0.020806176293159798,0.08234556481124869
"1,4-cyclooctadiene",1073-07-0,C1=CCC=CCCC1,,chaos,177.4685811,47.85471362,-0.1360684411159894,-0.00012382597905794871,0.009140216547192315
"1,4-dibromobutane",110-52-1,BrCCCCBr,,chaos,195.2030795,-6.003200338,-0.06985017702123111,0.04478548934461294,0.07554082120987499
"1,4-diethylbenzene",105-05-5,C(C)C1=CC=C(C=C1)CC,,chaos,220.5621549,36.21773642,-0.16185727825542745,0.019448887250414264,0.014226052074669003
"1,4-dichloro-2-butyne",821-10-3,ClCC#CCCl,,chaos,184.7879281,-77.08750994,0.0024610066654536028,0.10548002187375785,0.0841069983488755
"1,4-dichlorobutane",110-56-5,ClCCCCCl,,chaos,194.7027366,0.457440598,-0.061894708026723026,0.046032035400679294,0.08105862558355223
"1,4-difluoro-2-methylbenzene",452-67-5,FC1=C(C=C(C=C1)F)C,,chaos,218.0564697,-5.573874633,-0.11245227319919933,0.05283708193514355,0.04656159259939824
"1,5,9-cyclododecatriene",706-31-0,C1=CCCC=CCCC=CCC1,,chaos,174.125367,47.03919825,0.06166763595967653,-0.18041711011535205,-0.1329421647113785
"1,5-cyclooctadiene",111-78-4,C1=CCCC=CCC1,,chaos,133.4198417,51.36809228,-0.17747832942014302,0.013277222948224579,0.0012279711913032428
"1,4-oxathiane",15980-15-1,O1CCSCC1,,chaos,-131.626384,50.46427547,0.11426117275043297,-0.08315582992863814,0.06961737018931062
"1,5-dichloro-pentane",628-76-2,ClCCCCCCl,,chaos,196.1376005,7.899020349,-0.07646568176198193,0.03867517909377706,0.07160253930232952
"1,5-dichlorohexamethyltrisiloxane",3582-71-6,Cl[Si](O[Si](O[Si](Cl)(C)C)(C)C)(C)C,,chaos,182.1140048,33.28134312,-0.17379064953238024,0.0295062457561323,0.011645619031533074
"1,5-dimethylcyclopentene",16491-15-9,CC1=CCCC1C,,chaos,215.4443466,55.26528438,-0.21579319247857479,0.01937544532741924,-0.018251112465025005
"1,5-hexadien-3-yne",821-08-9,C=CC#CC=C,,chaos,215.3242383,4.037523127,-0.0758757159456387,0.051810549360222634,0.06762802352509494
"1,6-diisocyanatohexane",822-06-0,N(=C=O)CCCCCCN=C=O,,ours,159.0059586,23.44540944,-0.09073282087954732,0.01248720272357888,0.05542208440554314
"1,5-hexadiyne",628-16-0,C#CCCC#C,,chaos,171.1368773,-95.7800149,0.09478270960553734,0.1842381301166606,0.08128932200052645
"1,6-dimethylnaphthalene",575-43-9,CC1=CC=CC2=CC(=CC=C12)C,,chaos,213.7469949,20.53375562,-0.1194437215569442,0.031528282629858545,0.0475255597058302
"1,6-heptadiyne",2396-63-6,C#CCCCC#C,,chaos,171.3054076,-84.36445495,0.057339484956067104,0.16310415481848506,0.06159777124672011
"1,6-heptadiene",3070-53-9,C=CCCCC=C,,chaos,208.6719765,39.14911414,-0.1758547233262631,0.019007614687780297,0.0023155487300127236
"1,6-hexanedithiol",1191-43-1,C(CCCCCS)S,,chaos,76.57166723,1.753352421,-0.0481237038864339,0.012105450103694801,0.05527328356530012
"1,7-dimethylnaphthalene",575-37-1,CC1=CC=CC2=CC=C(C=C12)C,,chaos,213.8165089,20.25765123,-0.11966577126270081,0.032260380593803394,0.04632821509033016
"1,8-octanedithiol",1191-62-4,C(CCCCCCCS)S,,chaos,82.30940058,8.82405104,-0.10545471187009002,-0.00011904063936141284,0.01183307468762139
"1,8-nonadiyne",2396-65-8,C#CCCCCCC#C,,chaos,171.8175341,-70.21678909,0.026521107733562442,0.14130995997859502,0.049608349304662104
"1,9-nonanedithiol",3489-28-9,C(CCCCCCCCS)S,,chaos,84.75460739,11.39682766,-0.12165693163553815,0.0020338488133320592,0.00443372050637072
"1-(1,1-dimethylethyl)-3,5-dimethylbenzene",98-19-1,CC(C)(C)C1=CC(=CC(=C1)C)C,,chaos,223.6804946,40.06065732,-0.17314721780749404,0.018094679942289867,0.008224051997208416
"1-(1,1-dimethylethyl)-3-methylbenzene",1075-38-3,CC(C)(C)C1=CC(=CC=C1)C,,chaos,221.0006029,35.84722762,-0.16060913594311682,0.020813434022393978,0.01708267965454333
1-(1-methylethenyl)-4-(1-methylethyl)benzene,2388-14-9,CC(=C)C1=CC=C(C=C1)C(C)C,,chaos,221.116659,28.76186211,-0.14953004747753895,0.026451238563766497,0.02622412883446215
"1-(2,5-dimethylphenyl)ethanone",2142-73-6,CC1=C(C=C(C=C1)C)C(C)=O,,chaos,-113.6753679,63.78323511,0.054898587201209784,-0.08720976984975165,0.0008932284020962247
"1-(3,4-dimethylphenyl)ethanone",3637-01-02 00:00:00,CC=1C=C(C=CC1C)C(C)=O,,chaos,-112.0554125,60.20202123,0.07367416196807965,-0.08611851157837216,0.02775130123523254
1-(4-methoxyphenyl)-2-propanone,122-84-9,COC1=CC=C(C=C1)CC(C)=O,,ours,-99.14763404,41.63048881,0.09748994975910047,-0.07985967478562479,0.0499878813834254
1-(dimethylamino)-2-propanol,108-16-7,CN(CC(C)O)C,,chaos_no_stereo,-307.4842444,14.60674627,0.12178873755346185,-0.1695682443166347,-0.055268216527405545
1-(ethenyloxy)decane,765-05-9,C(=C)OCCCCCCCCCC,,chaos,89.09851054,60.52156032,-0.13843102795508647,-0.020587359351208003,-0.036257472080517016
1-(methylthio)-propane,3877-15-4,CSCCC,,chaos,48.88272226,54.20652722,-0.059521900134749436,-0.03219339164644426,0.019783538276209215
1-(methylthio)butane,628-29-5,CSCCCC,,chaos,54.56649639,56.67287061,-0.09002078969491467,-0.025279709293877503,0.0020432536199884942
1-acetylpiperidine,618-42-8,C(C)(=O)N1CCCCC1,,chaos,-283.5141849,92.00119865,0.193501522090674,-0.19412140212117152,0.012762955386691656
1-bromo-2-chloroethane,107-04-0,BrCCCl,,chaos,197.3022419,-40.57560741,-0.0489349101797946,0.06769042057963749,0.0803312745406813
1-bromo-2-propanone,598-31-2,BrCC(C)=O,,chaos,-34.74825353,-20.65223739,0.12665456601988567,-0.006874749754261626,0.11077896576117617
1-bromo-3-methylbutane,107-82-4,BrCCC(C)C,,chaos,215.9551056,24.43208491,-0.15598155688988175,0.027403497157223962,0.020347139773631732
1-bromo-2-chloroethene,3018-09-05 00:00:00,BrC=CCl,,chaos_no_stereo,218.8932621,-82.13534439,-0.05370751694768856,0.11438146588899017,0.04899521038426789
1-bromodecane,112-29-5,BrCCCCCCCCCC,,chaos,228.2605017,35.82450081,-0.1968776056880612,0.02778117044854149,-0.006019835641151531
1-bromoheptane,629-04-9,BrCCCCCCC,,chaos,221.4978968,31.09494348,-0.17630640384978163,0.02751015763746542,0.005378449283940597
1-bromohexane,111-25-1,BrCCCCCC,,chaos,218.7024744,29.15466876,-0.16598595014714132,0.027676213927541972,0.012206148221372006
1-bromododecane,143-15-7,BrCCCCCCCCCCCC,,chaos,231.9261455,38.29653973,-0.2054245015668993,0.027585273311304902,-0.010804452282391217
1-bromooctane,111-83-1,BrCCCCCCCC,,chaos,224.2481216,32.65835218,-0.18378625924660086,0.02737054538787929,0.0012848398390174133
1-bromopropane,106-94-5,BrCCC,,chaos,207.0539229,17.23260185,-0.1208245113917624,0.031123871316939347,0.04128991841089039
1-butoxy-2-propanol,5131-66-8,C(CCC)OCC(C)O,,chaos,-222.1965482,-59.05344884,0.11712161243271343,-0.03645373485055169,-0.10632456073949986
1-bromopentane,110-53-2,BrCCCCC,,chaos,215.1794482,26.38962797,-0.1548211551059947,0.028075510690259358,0.019030741216509293
1-butyl-1h-pyrrole,589-33-3,C(CCC)N1C=CC=C1,,ours,119.5866609,30.76494142,-0.09724020936832026,0.018655285238165585,0.051636577961741044
1-chloro-2-(chloromethyl)benzene,611-19-8,ClC1=C(C=CC=C1)CCl,,chaos,203.2251126,-15.19757344,-0.077145931155189,0.06196497595801545,0.0630447943667237
"1-chloro-2,4-dimethylbenzene",95-66-9,ClC1=C(C=C(C=C1)C)C,,ours,226.3904184,20.35058605,-0.16537244859886688,0.03622701249384289,0.019942015331325818
"1-chloro-2,2-dimethylpropane",753-89-9,ClCC(C)(C)C,,chaos,221.013017,30.33245437,-0.15413786924590775,0.028256489288900295,0.020016286294783227
1-chloro-2-(1-methylethyl)benzene,2077-13-6,ClC1=C(C=CC=C1)C(C)C,,chaos,230.5867192,19.95191855,-0.1650951314645177,0.03852071505457096,0.017544215060356846
1-chloro-2-ethylbenzene,89-96-3,ClC1=C(C=CC=C1)CC,,chaos,228.1240489,16.48756516,-0.15737711089760412,0.039388120127637795,0.023027659851624267
1-chloro-2-methylbenzene,95-49-8,ClC1=C(C=CC=C1)C,,chaos,223.261748,12.5228481,-0.13358777343893338,0.04391336976721659,0.03576636167467971
1-chloro-2-methyl-propane,513-36-0,ClCC(C)C,,chaos,214.7579784,27.61226132,-0.14129205199339348,0.027449116482986258,0.028209850076037785
1-chloro-2-methyl-2-propanol,558-42-9,ClCC(C)(O)C,,chaos,-144.5261667,-210.4649375,0.15710229285006186,0.027062880407045305,-0.04232050431180821
1-chloro-3-bromopropane,109-70-6,ClCCCBr,,chaos,196.5116561,-11.57945329,-0.06253891855923607,0.05004938571695338,0.08078627940738754
1-chloro-3-ethylbenzene,620-16-6,ClC1=CC(=CC=C1)CC,,chaos,226.6789974,14.93912304,-0.15071451471222777,0.04043126358315056,0.027416473636861723
1-chloro-4-(trifluoromethyl)-benzene,98-56-6,ClC1=CC=C(C=C1)C(F)(F)F,,chaos,228.6839472,-27.98854404,-0.13544771963930372,0.0623005611266132,0.03572668056106321
1-chloro-4-(1-methylethyl)benzene,2621-46-7,ClC1=CC=C(C=C1)C(C)C,,chaos,229.6794564,16.0604167,-0.1571209519816732,0.04051987797958541,0.023189197388984662
1-chloro-4-fluorobenzene,352-33-0,ClC1=CC=C(C=C1)F,,chaos,217.6347864,-23.54744477,-0.10459555674601524,0.06535224591809057,0.04924074450975636
1-chloro-4-ethylbenzene,622-98-0,ClC1=CC=C(C=C1)CC,,chaos,226.606522,13.8134381,-0.14940978061929944,0.04100838373825406,0.0273437253916991
1-chloronaphthalene,90-13-1,ClC1=CC=CC2=CC=CC=C12,,chaos,220.1182478,1.937574048,-0.115976332038168,0.053951838252395704,0.045472321033209175
1-chlorooctane,111-85-3,ClCCCCCCCC,,chaos,224.9943907,34.64694388,-0.18366595851372697,0.026416420216787185,0.00030896968537656337
1-chloropentane,543-59-9,ClCCCCC,,chaos,215.353765,28.77733977,-0.15299180406697505,0.027117877290495425,0.018714141753100485
1-chlorohexane,544-10-5,ClCCCCCC,,chaos,219.1970796,31.23038729,-0.165542516953783,0.02664093982027975,0.011502946757746333
1-chloroheptane,629-06-1,ClCCCCCCC,,chaos,222.2539088,33.07520488,-0.1756159822791557,0.026548369586693116,0.004881574733813532
1-chlorononane,2473-01-0,ClCCCCCCCCC,,chaos,227.0544914,36.17741193,-0.1897750110850636,0.02675046871754286,-0.0030880232489281087
1-cis-2-trans-3-trimethylcyclopentane,15890-40-1,C[C@@H]1CC[C@@H](C)C1C,,chaos_no_stereo,272.7689336,57.83311369,-0.2643153543921453,0.030351557828323585,-0.033823992345355984
1-decanethiol,143-10-2,C(CCCCCCCCC)S,,chaos,113.5237939,29.27061929,-0.14375712095398843,-0.00010117483546351012,-0.016775797809286296
1-decene,872-05-9,C=CCCCCCCCC,,chaos,237.9738879,52.41839206,-0.2252834348743006,0.021912424519433427,-0.023429027750332083
1-cyclopropylethanone,765-43-5,C1(CC1)C(C)=O,,chaos,-157.4171513,65.22198701,0.1365953759311677,-0.1141787701584617,0.055444561376175414
1-dodecene,112-41-4,C=CCCCCCCCCCC,,chaos,240.3650709,53.19716709,-0.23283373544907923,0.02374344187045395,-0.025125366890732147
1-dodecanethiol,112-55-0,C(CCCCCCCCCCC)S,,chaos,119.4662111,32.27300947,-0.15553630525860684,0.0010191881374011261,-0.022254756977959297
1-decyne,764-93-2,C#CCCCCCCCC,,chaos,199.0022321,-43.40633618,-0.0932302684991356,0.11623558238132826,-0.022711869176109564
1-dodecyne,765-03-7,C#CCCCCCCCCCC,,chaos,203.7418481,-38.48062987,-0.11198678625981184,0.11110741216912307,-0.030092919512243334
1-ethoxy-2-propanol-acetate,54839-24-6,C(C)(=O)OC(COCC)C,,chaos,-112.6648257,67.40002985,0.05724525860158756,-0.09698247477659096,0.0092433317543729
1-ethoxy-2-fluorobenzene,451-80-9,C(C)OC1=C(C=CC=C1)F,,chaos,88.23465548,24.21946399,-0.04011702413044438,0.011011367270461196,0.04649894670768479
1-ethoxy-4-fluorobenzene,459-26-7,C(C)OC1=CC=C(C=C1)F,,chaos,84.82790996,21.03800596,-0.044278716835621575,0.009172319666180725,0.03564366298088348
1-ethoxybutane,628-81-9,C(C)OCCCC,,chaos,-172.5305953,107.9756209,0.0044883502173073235,-0.1353596200993387,-0.08735121877612576
1-ethoxyheptane,1969-43-3,C(C)OCCCCCCC,,chaos,-158.6236834,109.2521275,-0.02740717645503307,-0.12719487859959827,-0.10352671973878388
1-ethyl-1-methylcyclopentane,16747-50-5,C(C)C1(CCCC1)C,,chaos,271.8871472,57.6897873,-0.26593190516019394,0.03027927128199281,-0.034507356024192026
"1-ethyl-2,3-dimethylbenzene",933-98-2,C(C)C1=C(C(=CC=C1)C)C,,chaos,214.2708673,35.21038757,-0.1490490419809517,0.017865378604339576,0.02373412166389115
"1-ethyl-2,4-dimethylbenzene",874-41-9,C(C)C1=C(C=C(C=C1)C)C,,chaos,216.9515832,36.67565204,-0.15596913159253994,0.01792829467600137,0.02011513191249916
"1-ethyl-2,4,5-trimethylbenzene",17851-27-3,C(C)C1=C(C=C(C(=C1)C)C)C,,chaos,218.8134444,39.03301011,-0.1632491018745046,0.016438814060465545,0.015841705401874864
"1-ethyl-3,5-dimethylbenzene",934-74-7,C(C)C1=CC(=CC(=C1)C)C,,chaos,218.8575715,38.31653247,-0.16417763733781288,0.016851040998183964,0.013248345960523126
1-ethyl-4-(1-methylethyl)benzene,4218-48-8,C(C)C1=CC=C(C=C1)C(C)C,,chaos,223.580523,37.47820639,-0.16695006441558627,0.020644462210099364,0.011616635908629838
1-ethyl-4-methylbenzene,622-96-8,C(C)C1=CC=C(C=C1)C,,chaos,216.7160329,33.45679682,-0.14897542500149977,0.020395767694509955,0.02306489537077185
1-ethylcyclohexene,1453-24-3,C(C)C1=CCCCC1,,chaos,226.3864715,55.84666269,-0.22289242355750774,0.01792499868848932,-0.023595340537477177
1-ethylcyclopentene,2146-38-5,C(C)C1=CCCC1,,chaos,218.8710101,56.20243394,-0.217423776978219,0.01554838531722917,-0.025335148439449888
1-ethylnaphthalene,1127-76-0,C(C)C1=CC=CC2=CC=CC=C12,,chaos,215.4447278,17.63431939,-0.11890981087434882,0.036479679560630224,0.045702692256798454
1-fluoronaphthalene,321-38-0,FC1=CC=CC2=CC=CC=C12,,chaos,216.9837234,2.184295246,-0.10147472735615529,0.05363210376281762,0.05364756074845817
1-fluoro-4-(trifluoromethyl)benzene,402-44-8,FC1=CC=C(C=C1)C(F)(F)F,,chaos,225.5873755,-29.7471301,-0.11823779521807248,0.0656226529836675,0.04333087789202927
1-fluoroheptane,661-11-0,FCCCCCCC,,chaos,161.9674727,48.43646495,-0.16245798077835447,0.010180148933214317,0.006712472019163145
1-fluorodecane,334-56-5,FCCCCCCCCCC,,chaos,173.0029087,51.75153322,-0.1860222503044752,0.01261549053393152,-0.006965430397201421
1-fluorohexane,373-14-8,FCCCCCC,,chaos,158.5110842,47.91109292,-0.15184641859306175,0.009517668549142351,0.013224734245838615
1-heptanethiol,1639-09-4,C(CCCCCC)S,,chaos,103.4368236,22.68291297,-0.11951474967658657,-0.0005193891312982597,-0.0027528640458007645
1-heptanol,111-70-6,C(CCCCCC)O,,chaos,-195.8815031,-163.8528834,0.11979687291918271,0.07949992459230099,-0.15864126817192786
1-heptene,592-76-7,C=CCCCCC,,chaos,228.5653658,50.75940212,-0.2109532894440883,0.020582088402032975,-0.01642399039817214
1-heptanamine,111-68-2,C(CCCCCC)N,,chaos,-602.1931055,127.3253568,0.24684240031347804,-0.2746398762949897,-0.18790694183714912
1-hexanethiol,111-31-9,C(CCCCC)S,,chaos,98.42662963,20.09923808,-0.10664632795122791,-0.002039955510157081,0.002982751551055556
1-heptyne,628-71-7,C#CCCCCC,,chaos,188.8335201,-52.68077763,-0.05431530726123907,0.12403817763811979,-0.0033770095764717387
1-hydroxy-2-propanone,116-09-6,OCC(C)=O,,chaos,-182.7637072,-141.7338121,0.28202956053800154,-0.004229835394485721,0.20403204096835736
1-hexyn-3-ol,105-31-7,C#CC(CCC)O,,chaos,-99.1544981,-276.0362817,0.20566308533202213,0.23478364492736262,-0.08290250744713945
1-isocyanatobutane,111-36-4,N(=C=O)CCCC,,chaos,169.3366163,33.49589165,-0.11088218369339678,0.007781754474229407,0.04115718315905115
1-iodopentane,628-17-1,ICCCCC,,chaos,219.51297,25.022573,-0.1703639311487526,0.027678215140285473,0.011845974305069513
1-iodopropane,107-08-4,ICCC,,chaos,211.6078824,16.05002792,-0.14169726549463244,0.029772761047367848,0.029983186359973952
1-iodobutane,542-69-8,ICCCC,,chaos,216.0735528,21.85439366,-0.15831060168872532,0.028310597420854195,0.019653703393455655
1-iodo-hexane,637-45-9,ICCCCCC,,chaos,222.6327485,27.66186287,-0.18067368148555155,0.02771947431406789,0.005785139549799115
1-isopropyl-4-methylcyclohexane,99-82-1,C(C)(C)C1CCC(CC1)C,,chaos,272.5161501,57.87536258,-0.2668083697051184,0.030120478002806792,-0.03493924635770378
1-methoxy-2-acetoxypropane,108-65-6,COCC(C)OC(C)=O,,chaos,-96.0217006,58.85301691,0.10031611964263899,-0.09570538340180924,0.05729203235971346
1-methoxy-2-methylbenzene,578-58-5,COC1=C(C=CC=C1)C,,chaos,149.3326,24.12864555,-0.07072111024365961,0.012013655108765913,0.04515049495109393
"1-methoxy-1,3-butadiene",3036-66-6,COC=CC=C,,ours,90.21202703,21.74276246,-0.014809842546252786,0.008282336603288518,0.07217881556134567
1-methoxy2-propanol,107-98-2,COCC(C)O,,chaos,-223.5660186,-107.2226,0.16977686052665172,-0.023985644218405055,-0.045531863403700835
1-methoxynaphthalene,2216-69-5,COC1=CC=CC2=CC=CC=C12,,chaos,194.0453171,8.45616297,-0.08276809583616004,0.04321567926754444,0.06561141993125974
1-methyl-1h-pyrrole,96-54-8,CN1C=CC=C1,,ours,105.6554531,13.78613346,-0.02916622741491367,0.03281134197621387,0.10687672347251702
1-methyl-2-isopropylbenzene,527-84-4,CC1=C(C=CC=C1)C(C)C,,chaos,217.1395833,33.48615387,-0.14668313219249102,0.021414127086024325,0.02484659907326793
1-methyl-2-ethylbenzene,611-14-3,CC1=C(C=CC=C1)CC,,chaos,213.4884559,31.77646596,-0.1391298956747839,0.02134842283663088,0.031133322713767186
1-methyl-3-(1-methylethyl)-benzene,535-77-3,CC1=CC(=CC=C1)C(C)C,,chaos,219.4989492,34.94366265,-0.1549406219516961,0.020983083080201696,0.0200460710523835
1-methyl-2-propylbenzene,1074-17-5,CC1=C(C=CC=C1)CCC,,chaos,217.0181803,33.72403199,-0.15016674369523633,0.020819371903790143,0.02349698695369
1-methyl-3-ethylcyclopentane,3726-47-4,CC1CC(CC1)CC,,chaos,273.2024934,58.8550088,-0.2690048286033732,0.030204375807808187,-0.03819667339851188
1-methyl-3-propyl-benzene,1074-43-7,CC1=CC(=CC=C1)CCC,,chaos,219.3984763,35.73039011,-0.1659036252250238,0.021102336989379373,0.012404854535032024
1-methyl-4-(1-methylethenyl)benzene,1195-32-0,CC1=CC=C(C=C1)C(=C)C,,chaos,215.0499591,24.24503982,-0.12918927833285174,0.02742027493979748,0.04001171791690195
"1-methyl-4-(1-methylethyl)-1,4-cyclohexadiene",99-85-4,CC1=CCC(=CC1)C(C)C,,chaos,228.4035741,45.62041309,-0.1928733059899895,0.01737835292172857,-0.002494423123248007
1-methyl-4-propylbenzene,1074-55-1,CC1=CC=C(C=C1)CCC,,chaos,219.8311808,35.60350337,-0.16653142866179355,0.02156053978091818,0.012160820136729172
1-methyl-pyrrolidine,120-94-5,CN1CCCC1,,chaos,-518.8695072,158.8933871,0.10318188558127814,-0.22979161792282374,-0.16059744826706693
1-methylcyclohexene,591-49-1,CC1=CCCCC1,,chaos,220.1479013,54.53386851,-0.21337411092981523,0.015719658431159238,-0.019012045076045272
1-methylimidazol,616-47-7,CN1C=NC=C1,,ours,-419.2806757,55.82754252,0.36676189135128356,-0.18726385960621902,0.11638343591968232
1-methylcyclopentene,693-89-0,CC1=CCCC1,,chaos,218.5112217,53.20951751,-0.2072940011823443,0.017314572207816847,-0.0156798554043205
1-methylnaphthalene,90-12-0,CC1=CC=CC2=CC=CC=C12,,chaos,211.142733,14.65975442,-0.10092896004275573,0.0392299928207312,0.05835607556851899
1-methylpiperazine,109-01-3,CN1CCNCC1,,chaos,-533.3371008,108.4680711,0.2658081395261086,-0.25657113211299176,-0.1019262720862227
1-n-butylnaphthalene,1634-09-0,C(CCC)C1=CC=CC2=CC=CC=C12,,chaos,220.933172,22.97575629,-0.14380461227966226,0.03385266503584527,0.02928475843142468
1-nonanethiol,1455-21-6,C(CCCCCCCC)S,,chaos,109.8205945,27.7284065,-0.149587048208125,0.007780489472940644,-0.013629012140366575
1-nonanol,143-08-8,C(CCCCCCCC)O,,chaos,-188.3625114,-162.4901295,0.0986735771246952,0.08405721182427645,-0.17028878362733876
1-nonanamine,112-20-9,C(CCCCCCCC)N,,chaos,-596.02364,131.0033238,0.21595506720677798,-0.2669262545915834,-0.19888835109543943
1-octanethiol,111-88-6,C(CCCCCCC)S,,chaos,105.5647453,23.79293343,-0.12796734245932317,-0.00118524811994845,-0.008972574381764919
1-nonyne,3452-09-03 00:00:00,C#CCCCCCCC,,chaos,196.4449902,-46.16794343,-0.08125084795900643,0.1206467636392422,-0.018913018419918506
1-octanamine,111-86-4,C(CCCCCCC)N,,chaos,-596.0630792,128.9524558,0.2279752206107303,-0.2676771973472165,-0.19277701553534826
1-pentanethiol,110-66-7,C(CCCC)S,,chaos,93.24926346,17.01206678,-0.09176582638135813,-0.0026785451869104824,0.011082055540379922
1-octen-3-ol,3391-86-4,C=CC(CCCCC)O,,chaos,-153.7631369,-182.7506409,0.11975011013326427,0.09032196067302481,-0.12868520276920714
1-pentadecene,13360-61-7,C=CCCCCCCCCCCCCC,,chaos,243.9459982,53.8959457,-0.23900839177458555,0.02445582804270862,-0.027707582491767937
1-pentylcyclopentene,4291-98-9,C(CCCC)C1=CCCC1,,ours,230.7354481,57.02731646,-0.25444606144872545,0.028095297220168285,-0.029513037431787757
1-phenyl-1-pentanone,1009-14-9,C1(=CC=CC=C1)C(CCCC)=O,,chaos,-74.17896753,55.87607224,0.03889915926713792,-0.07087133086281787,0.006830198162061869
1-phenyl-2-propanone,103-79-7,C1(=CC=CC=C1)CC(C)=O,,chaos,-100.4759599,43.25901652,0.10094905499023929,-0.06968933674014842,0.06441005258210167
1-phenylcyclohexene,771-98-2,C1(=CC=CC=C1)C1=CCCCC1,,chaos,215.7847025,27.56699833,-0.14900331024272306,0.02538362204857917,0.024093952319067607
1-piperazineethanamine,140-31-8,N1(CCNCC1)CCN,,chaos,-611.0415406,106.8492787,0.345730140226999,-0.2863190512050538,-0.07463687595630919
1-propanethiol,107-03-9,C(CC)S,,chaos,81.00881459,9.11261932,-0.05533713432997862,0.0035047496845285846,0.042816680495522806
1-propoxy-2-propanol,1569-01-3,C(CC)OCC(C)O,,chaos,-221.9052734,-92.68123046,0.13095506665643908,-0.04848658377822729,-0.08353325395384945
1-piperidinecarboxaldehyde,2591-86-8,N1(CCCCC1)C=O,,chaos,-253.9982054,79.73577193,0.20231874208247136,-0.17149676671362196,0.05284552414150081
1-piperidinepropanenitrile,3088-41-3,N1(CCCCC1)CCC#N,,chaos,-198.7581521,53.15091571,0.17121922922507854,-0.1346177874622638,0.008832195977029896
1-tetradecene,1120-36-1,C=CCCCCCCCCCCCC,,chaos,243.562267,53.771623,-0.2368375453821341,0.024035980220405838,-0.026947749443318292
1-undecene,821-95-4,C=CCCCCCCCCC,,chaos,239.7428815,52.9047272,-0.22885600237831136,0.022650993097485663,-0.024523365661154047
1-tridecene,2437-54-1,C=CCCCCCCCCCCC,,chaos,242.2813192,53.41571448,-0.2346224885629273,0.02378454969198044,-0.026130043462468826
1-undecanethiol,5332-52-5,C(CCCCCCCCCC)S,,chaos,119.9438654,30.49618704,-0.16317226348277683,0.009191585022375581,-0.019208592154220726
1-undecyne,2243-98-3,C#CCCCCCCCCC,,chaos,202.7133217,-40.71285451,-0.10487272238953568,0.11196015013013985,-0.026863552687127094
"1a,2b,4a-1,2,4-trimethylcyclohexane",7667-60-9,C[C@H]1CC[C@H](C)[C@@H](C)C1,,chaos_no_stereo,271.7225455,57.70859182,-0.2669477132830218,0.02989411758783987,-0.03628709027721417
"1a,2a,4a-1,2,4-trimethylcyclopentane",2613-72-1,CC1CC(C)C(C)C1,,chaos,272.6794672,58.47278996,-0.2674799086083676,0.030322490775269596,-0.03693400592665152
"1a,3a,5b-trimethylcyclohexane",1795-26-2,CC1CC(C)CC(C)C1,,chaos,271.4691313,57.7275464,-0.26494633513525967,0.02950271329873817,-0.03674821133128726
1h-indene,95-13-6,C1C=CC2=CC=CC=C12,,chaos,204.8498327,14.3205856,-0.08834592392266744,0.0362070809082459,0.062910641410629
"2,2'-(methylimino)bis-ethanol",105-59-9,CN(CCO)CCO,,chaos,-269.3890251,-138.9555558,0.17819938442966443,-0.1133033313740958,-0.004591424224852017
"2,2'-oxybis-butane",6863-58-7,O(C(C)CC)C(C)CC,,chaos,-227.989062,117.9447884,-0.03503689431282209,-0.12694673478129467,-0.11766253085528809
"2,2'-thiobisethanol",111-48-8,S(CCO)CCO,,chaos,-216.6511998,-216.9101301,0.23516581256439698,-0.014528772384487808,0.061265462023396194
"2,2'-thiobis2-methylpropane",107-47-1,CC(C)(C)SC(C)(C)C,,chaos,41.54667855,69.0356843,-0.0862377632709077,-0.054972993374776534,-0.0367680095562327
"2,2,3,3-tetraflouro-1-propanol",76-37-9,OCC(F)(F)C(F)F,,chaos,-28.08486503,-383.7552289,0.26151401112084754,0.3326955200907925,-0.05305826684082092
"2,2,3,3-tetramethylhexane",13475-81-5,CC(C)(C(CCC)(C)C)C,,chaos,271.6563485,56.7079189,-0.25674479106170717,0.030394374805768815,-0.027857374449179576
"2,2,3,4-tetramethylpentane",1186-53-4,CC(C)(C(C(C)C)C)C,,chaos,271.5913418,56.61239113,-0.25610877120905345,0.029996306370723452,-0.02745632224712885
"2,2,3,3-tetramethylpentane",7154-79-2,CC(C)(C(CC)(C)C)C,,chaos,271.6780059,56.59179418,-0.2549244018403767,0.030541131056641142,-0.027028663293355605
"2,2,3-trimethyl-butane",464-06-2,CC(C)(C(C)C)C,,chaos,272.224703,56.84133054,-0.25694481260947083,0.030061244972450035,-0.02869618244768228
"2,2,3-trimethylpentane",564-02-3,CC(C)(C(CC)C)C,,chaos,272.4415736,57.02672787,-0.25694075944158495,0.030666171815288083,-0.028162464827134
"2,2,4,4,6,6-hexamethylcyclotrisilazane",1009-93-4,C[Si]1(N[Si](N[Si](N1)(C)C)(C)C)C,,chaos,-129.560743,42.44930043,-0.03580791830749941,0.020986820225192042,-0.05396469966604982
"2,2,4-trimethyl-2-pentene",107-40-4,CC(C)=CC(C)(C)C,,chaos,227.7552013,54.00518403,-0.21289506457850405,0.02040600658871784,-0.013455097980120664
"2,2,4,4-tetramethyl-3-pentanone",815-24-7,CC(C)(C(C(C)(C)C)=O)C,,chaos,-68.83468523,82.86922776,-0.0074061539655742034,-0.09862225429093072,-0.03354653250462396
"2,2,4,4-tetramethylpentane",1070-87-7,CC(C)(CC(C)(C)C)C,,chaos,270.5168746,56.17695389,-0.25318382934989586,0.029767503149258388,-0.027540610318822604
"2,2,4,6,6-pentamethylheptane",13475-82-6,CC(C)(CC(CC(C)(C)C)C)C,,chaos,270.7237571,56.3357691,-0.2570385847652337,0.029736234946984613,-0.028316613634332632
"2,2,4-trimethylhexane",16747-26-5,CC(C)(CC(CC)C)C,,chaos_no_stereo,272.5968557,57.50514645,-0.2584359715772457,0.029826007981366944,-0.02935824166760057
"2,2,5-trimethylhexane",3522-94-9,CC(C)(CCC(C)C)C,,chaos,271.6964812,57.09121671,-0.2612328849872157,0.02984254797943117,-0.032956865221464675
"2,2,5,5-tetramethylhexane",1071-81-4,CC(C)(CCC(C)(C)C)C,,chaos,270.364295,56.34520001,-0.2573170603393153,0.02941229671015852,-0.030160447308055116
"2,2,6-trimethylcyclohexanone",2408-37-9,CC1(C(C(CCC1)C)=O)C,,chaos,-115.2343324,85.95679402,0.03024308686072616,-0.11503172324898742,-0.025931746948150473
"2,2,6-trimethylheptane",1190-83-6,CC(C)(CCCC(C)C)C,,chaos,271.9641015,57.30985903,-0.2616172715846454,0.029783945175970692,-0.032374473993956265
"2,2-dichlorobutane",4279-22-5,ClC(C)(CC)Cl,,chaos,220.0245583,20.18008108,-0.14870615178561708,0.03497488647341069,0.027154467009854497
"2,2-diethoxyethanamine",645-36-3,C(C)OC(CN)OCC,,chaos,-546.3408163,109.4241421,0.26923441555824923,-0.23014780233126225,-0.09387871229595585
"2,2-dichloropropane",594-20-7,ClC(C)(C)Cl,,chaos,214.755012,13.9320091,-0.11941556819537025,0.03986123403525747,0.04433113993515513
"2,2-diethoxypropane",126-84-1,C(C)OC(C)(C)OCC,,chaos,-173.7673381,99.87642075,0.0022798529101022763,-0.11961840857170766,-0.06426165459837789
"2,2-difluoroethanol",359-13-7,FC(CO)F,,chaos,-89.40768504,-322.5900593,0.29207418534191604,0.29162109141250087,-0.01974774087898123
"2,2-dimethoxypropane",77-76-9,COC(C)(C)OC,,chaos,-161.838768,89.24878508,0.038010076499097906,-0.12090317528828623,-0.03480189061067572
"2,2-dimethyl-3-pentanone",564-04-5,CC(C)(C(CC)=O)C,,chaos,-98.6366679,79.27566109,0.04504523677099144,-0.10914452675071586,-0.008965859793590282
"2,2-dimethylbutyricacid",595-37-9,CC(C(=O)O)(CC)C,,chaos,-74.77849556,-351.9552005,0.20397926104378655,0.29329923976258365,-0.15107894773383893
"2,2-dimethylcyclohexanone",1193-47-1,CC1(C(CCCC1)=O)C,,chaos,-123.71703,81.80539372,0.06808051227424756,-0.12793947758031585,-0.007510004178093606
"2,2-dimethylheptane",1071-26-7,CC(C)(CCCCC)C,,chaos,272.5498076,57.94708173,-0.2615000719714308,0.029705729051963888,-0.03306560015378851
"2,2-dimethylhexane",590-73-8,CC(C)(CCCC)C,,chaos,272.622578,57.88011779,-0.26139037119842773,0.029821108108026854,-0.030953366875789114
"2,2-dimethylpentane",590-35-2,CC(C)(CCC)C,,chaos,272.7696489,57.73520607,-0.2594451258808901,0.02990881308237201,-0.030693598109027206
"2,3,3,4-tetramethylpentane",16747-38-9,CC(C)C(C(C)C)(C)C,,chaos,272.1390653,56.49199842,-0.25605968062569884,0.030342486607624314,-0.027553378968261124
"2,3,3-trimethyl-1-butene",594-56-9,CC(=C)C(C)(C)C,,chaos,226.5984284,50.73370042,-0.1989856316576719,0.015756702390718507,-0.010648149445568533
"2,3,3-trimethylpentane",560-21-4,CC(C)C(CC)(C)C,,chaos,272.6771055,57.08610912,-0.25828780778692867,0.03001242498811926,-0.028077950073972832
"2,3,3-trimethyl-1-pentene",560-23-6,CC(=C)C(CC)(C)C,,chaos,238.1673704,51.39467548,-0.21166092072371626,0.020333617223920873,-0.011902965989329167
"2,3,4-trimethyl-2-pentene",565-77-5,CC(C)=C(C(C)C)C,,chaos,246.6343606,52.17706535,-0.22456250213362455,0.021844343933805136,-0.01862813415529789
"2,3,4-trimethylpentane",565-75-3,CC(C)C(C(C)C)C,,chaos,273.682608,57.91378577,-0.26124355138902017,0.030154092731342255,-0.030319463803148927
"2,3,4-trimethylthiophene",1795-04-6,CC=1SC=C(C1C)C,,chaos,214.5628866,22.12345995,-0.1418458360712587,0.02660305090500018,0.031842913555316335
"2,3,5-trimethylhexane",1069-53-0,CC(C)C(CC(C)C)C,,chaos_no_stereo,272.8907245,57.57298446,-0.26235455353353926,0.02998030467877659,-0.030686052063815437
"2,3,6-trimethylpyridine",1462-84-6,CC1=NC(=CC=C1C)C,,chaos,-389.6386634,111.3675592,0.16873606876873454,-0.2078105255893886,-0.1037099741707567
"2,3-dichlorobutane",2211-67-8,ClC(C)C(C)Cl,,chaos,194.1980727,-17.86359452,-0.12118120952167843,0.036537574200036164,0.042649112920612756
"2,3-dichloropentane",600-11-3,ClC(C)C(CC)Cl,,chaos,211.1172725,2.886808377,-0.1464935390514451,0.03364821224946694,0.027658838500817177
"2,3-dihydrobenzofuran",496-16-2,O1CCC2=C1C=CC=C2,,chaos,40.80771609,32.51530338,-0.0008293422623531251,-0.017612635188316034,0.051949617754439494
"2,3-dihydropyran",110-87-2,O1CCCC=C1,,chaos,-16.0790339,55.71318789,-0.01629475886368326,-0.04937945755098203,0.017489178759296682
"2,3-dihydrothiophene",1120-59-8,S1CCC=C1,,chaos,156.0310578,11.74651805,-0.055046789397804545,0.0229288704066604,0.07455879849999456
"2,3-dimethyl-1,3-butadiene",513-81-5,CC(=C)C(=C)C,,chaos,226.5125536,35.81747984,-0.1574269248133023,0.022796051049181556,0.022040678561064793
"2,3-dimethyl-1-pentene",3404-72-6,CC(=C)C(CC)C,,chaos,237.7988094,51.56173932,-0.2077888351577722,0.01946936973469205,-0.012242102653888736
"2,3-dimethyl-2-butanol",594-60-5,CC(C)(C(C)C)O,,chaos,-212.6431144,-127.9806619,0.13093067367918387,0.041599015960161426,-0.14256683176486368
"2,3-dimethyl-2-butene",563-79-1,CC(C)=C(C)C,,chaos,227.7244063,49.91395977,-0.20709192039527427,0.022001096482458512,-0.007584572306144817
"2,3-dimethyl-2-hexene",7145-20-2,CC(C)=C(CCC)C,,chaos,232.7128331,53.69547157,-0.21947762298467177,0.020833669451191146,-0.01606750246586052
"2,3-dimethyl-2-pentene",10574-37-5,CC(C)=C(CC)C,,chaos,233.9692086,52.27167299,-0.2163063279698467,0.02132545891571307,-0.012905768723599494
"2,3-dimethyl-3-pentanol",595-41-5,CC(C)C(CC)(O)C,,chaos_no_stereo,-195.3100167,-126.0429268,0.10302570407264776,0.09702566945307599,-0.14656988706122223
"2,3-dimethylpyrazine",5910-89-4,CC1=NC=CN=C1C,,chaos,-298.2812537,78.43921755,0.17059917967065563,-0.14672216661546847,-0.0013826260285600162
"2,3-dimethylpentane",565-59-3,CC(C)C(CC)C,,chaos,274.5034598,58.29183185,-0.26119919282198717,0.03058836510641193,-0.030317865141348016
"2,3-dimethylpyridine",583-61-9,CC1=NC=CC=C1C,,chaos,-377.083922,100.605524,0.19052645997402126,-0.19202004061472694,-0.06489084031208
"2,3-dimethylthiophene",632-16-6,CC=1SC=CC1C,,chaos,211.4813198,11.33506431,-0.12513414098371267,0.032996145217754014,0.04129023535192135
"2,3-hexanedione",3848-24-6,CC(C(CCC)=O)=O,,chaos,5.280590642,37.75134692,0.06365375830464852,-0.03567969290672794,0.09326353640089295
"2,3-pentanedione",600-14-6,CC(C(CC)=O)=O,,chaos,-2.942238843,32.89751082,0.09407928396360976,-0.029926320983181258,0.12590112040847193
"2,4,4-trimethyl-1-pentene",107-39-1,CC(=C)CC(C)(C)C,,chaos,228.1316698,53.1887744,-0.21756289563836176,0.020366348257079902,-0.016516521695156047
"2,4,4-trimethyl-2-pentanethiol",141-59-3,CC(C)(CC(C)(C)C)S,,chaos,81.57137674,36.75117747,-0.12219284118379074,-0.006523667000461442,-0.007513508306725718
"2,4,4-trimethylhexane",16747-30-1,CC(C)CC(CC)(C)C,,chaos,273.2101304,57.74753026,-0.2577657023401213,0.03020456212374,-0.027260746784907166
"2,4,5-trimethylthiazole",13623-11-5,CC=1SC(=C(N1)C)C,,chaos,-293.5116167,94.24904396,0.13805464532243175,-0.18269213263168765,-0.07573934620624365
"2,4,6,8,10-pentamethylcyclopentasiloxane",6166-86-5,C[SiH]1O[SiH](O[SiH](O[SiH](O[SiH](O1)C)C)C)C,,chaos,84.52773416,54.150472,-0.20196961867054816,0.028872979111376557,-0.0038180447366893654
"2,4,6,8-tetraethenylcyclotetrasiloxane",239026,C(=C)[SiH]1O[SiH](O[SiH](O[SiH](O1)C=C)C=C)C=C,,ours,111.9954829,49.82949871,-0.16714970604476886,0.03203164248596781,0.014809759933627516
"2,4,6-cycloheptatrien-1-one",539-80-0,C1(C=CC=CC=C1)=O,,chaos,-244.0203569,44.26525772,0.24738128220761302,-0.10492660490641488,0.12088876114358575
"2,4,6-trimethylbenzenamine",88-05-1,CC1=C(C(=CC(=C1)C)C)N,,chaos,-135.0147347,-5.666755414,0.12239649790901104,-0.0007475543836329459,-0.036520503679212175
"2,4-dichloro-1-methylbenzene",95-73-8,ClC1=C(C=CC(=C1)Cl)C,,chaos,230.1029144,-4.901065588,-0.15494299051946828,0.0502352393892861,0.024675399155195833
"2,4-dichloro-1-(trifluoromethyl)-benzene",320-60-5,ClC1=C(C=CC(=C1)Cl)C(F)(F)F,,chaos,230.5498297,-36.69775673,0.11704434992502738,0.47489920718080914,-0.16391626029332002
"2,4-difluoroaniline",367-25-9,FC1=C(N)C=CC(=C1)F,,chaos,-60.89130305,-86.49551358,0.17872544451675187,0.16327897368405003,-0.022913003053071233
"2,4-dimethyl-1,3-pentadiene",1000-86-8,CC(=C)C=C(C)C,,chaos,216.6519226,41.33176699,-0.17822443039169458,0.019806471748985643,0.0081567677235672
"2,4-dimethyl-1-pentene",2213-32-3,CC(=C)CC(C)C,,chaos,218.7509071,53.05309605,-0.2040720941443056,0.018767388849529845,-0.010520840461676631
"2,4-dimethyl-2-pentanol",625-06-9,CC(C)(CC(C)C)O,,chaos,-208.7055163,-121.5845224,0.10821024373520506,0.04688789367041026,-0.14878801885406542
"2,4-dimethylaniline",95-68-1,CC1=C(N)C=CC(=C1)C,,chaos,-144.5555608,-27.48418365,0.15857258984151773,0.04286309200414016,-0.02282692956843539
"2,4-dimethyl-3-thiapentane",625-80-9,CC(C)SC(C)C,,chaos,39.75295716,64.55564063,-0.0796337533045659,-0.04274239356091401,-0.012950856138112242
"2,4-dimethyl-2-pentene",625-65-0,CC(C)=CC(C)C,,chaos,229.4028532,53.75196411,-0.2118539070639438,0.020545644777444406,-0.013323329376818916
"2,4-dimethyl-3-pentanol",600-36-2,CC(C)C(C(C)C)O,,chaos,-173.6958212,-134.9369163,0.10633828653654316,0.040913377850042155,-0.13588803952161163
"2,4-dimethylbenzaldehyde",15764-16-6,CC1=C(C=O)C=CC(=C1)C,,chaos,-94.25289296,56.9116605,0.05670607326559205,-0.06934155813559549,0.024773040794638847
"2,4-dimethylpentane",108-08-7,CC(C)CC(C)C,,chaos,273.3596853,58.09414993,-0.26072126011156954,0.02977422154663912,-0.03199033859717031
"2,4-dimethylthiazole",541-58-2,CC=1SC=C(N1)C,,chaos,-256.3389232,68.02554535,0.1520175862600251,-0.16104915560500146,-0.056894126660477363
"2,4-dimethylpyrrole",625-82-1,CC=1NC=C(C1)C,,chaos,82.92250523,-130.5101265,0.17124174898948413,0.3033137941919881,-0.010581987527828204
"2,4-dithiapentane",1618-26-4,CSCSC,,chaos,121.4187319,12.60795719,-0.03684727552062467,0.01700624519558547,0.07426005387901215
"2,4-hexadienal",142-83-6,C(C=CC=CC)=O,,chaos_no_stereo,-149.6301208,49.49198574,0.14544171483488658,-0.07960341422134548,0.0932692901577918
"2,5,8,11-tetraoxadodecane",112-49-2,COCCOCCOCCOC,,chaos,-351.0774827,99.33256214,0.07765122130511495,-0.1208369764684608,0.0023810112732432416
"2,5-dichlorothiophene",3172-52-9,ClC=1SC(=CC1)Cl,,chaos,234.9997853,-18.95762005,-0.17067972531204556,0.06004086424962677,0.016922105478044416
"2,5-dihydrothiophene",1708-32-3,S1CC=CC1,,chaos,61.76744019,27.72055786,-0.023146259850498493,0.0024213688799765913,0.07294246360856473
"2,5-dimethyl-1,3,5-hexatriene",4916-663-6,CC(=C)C=CC(=C)C,,chaos_no_stereo,220.0833837,29.33254916,-0.1370751629941,0.02595222836150382,0.03640850910547063
"2,5-dimethyl-1,5-hexadiene",627-58-7,CC(=C)CCC(=C)C,,chaos,201.1436991,42.79856959,-0.1861281672635826,0.018000091190829858,-0.003303217131269023
"2,5-dimethylfuran",625-86-5,CC=1OC(=CC1)C,,chaos,169.2164959,28.03176223,-0.09537373137185323,0.016926364364057686,0.043812465198744516
"2,5-dimethylpyrazine",123-32-0,CC1=NC=C(N=C1)C,,chaos,-292.2991558,81.07991088,0.18335655393222114,-0.16249935776612726,-0.008389668381579063
"2,5-dimethylhexane",592-13-2,CC(C)CCC(C)C,,chaos,273.3406279,58.20861935,-0.2633182494541883,0.029984409584215038,-0.032993838277739634
"2,5-dimethylpyridine",589-93-5,CC1=NC=C(C=C1)C,,chaos,-377.4018763,102.8718339,0.19564516768222093,-0.20522670506867494,-0.07464095594064209
"2,5-dimethylthiophene",638-02-8,CC=1SC(=CC1)C,,chaos,212.4145353,22.13728871,-0.12878853110157018,0.027303036772725817,0.039843281635810836
"2,5-norbornadiene",121-46-0,C12C=CC(C=C1)C2,,chaos_no_stereo,159.0509692,39.78108779,-0.1374506798719559,0.018816151890123742,0.017734504458973562
"2,6,10,15,19,23-hexamethyltetracosane",111-01-3,CC(C)CCCC(CCCC(CCCCC(CCCC(CCCC(C)C)C)C)C)C,,ours,271.3612155,56.8875327,-0.2626294336283148,0.029647698307703432,-0.031089633344698345
"2,6-diisopropylaniline",24544-04-5,C(C)(C)C1=C(N)C(=CC=C1)C(C)C,,chaos,-66.2191362,-14.79344669,0.021070178925175976,0.08455594974519304,-0.029685372275495298
"2,6-dimethyl-1,3-dioxan-4-ol-acetate",828-00-2,C(C)(=O)OC1OC(OC(C1)C)C,,chaos,-60.11871416,42.69514748,0.09704744069652231,-0.06342431827985519,0.088349272474198
"2,6-dimethyl-4-heptanol",108-80-7,CC(C)CC(CC(C)C)O,,chaos,-181.5826305,-138.9950638,0.08581781282451335,0.07486854957914771,-0.16181516602571874
"2,6-dimethyl-heptane",1072-05-5,CC(C)CCCC(C)C,,chaos,273.2986054,58.2957121,-0.26368020819057336,0.02996931576258572,-0.033832668715361225
"2,6-dimethylmorpholine",141-91-3,CC1CNCC(O1)C,,chaos,-441.4500572,87.98894933,0.2339398814686497,-0.20695951641067367,-0.11763966375228
"2,6-dimethylpiperidine",504-03-0,CC1NC(CCC1)C,,chaos,-579.5787715,146.4845262,0.1971890743887022,-0.2833185949164645,-0.19891706612929
"2,7-dimethyloctane",1072-16-8,CC(C)CCCCC(C)C,,chaos,272.9148987,58.05582345,-0.26439235237547093,0.02994360526549787,-0.03397282058267813
2-(2-aminoethoxy)ethanol,929-06-6,NCCOCCO,,chaos,-453.7279108,-23.19264876,0.2588802036759536,-0.07953877012020374,0.06412959477325703
2-(2-butoxyethoxy)ethanolacetate,124-17-4,CCCCOCCOCCOC(C)=O,,chaos,-286.2071886,88.52980624,0.02681395326453266,-0.0961274817578021,-0.01620656488300963
2-(2-methoxyethoxy)ethanol,111-77-3,COCCOCCO,,chaos,-236.1592115,-91.12176527,0.1815199430815416,-0.1652072469923758,0.03832090133104562
2-(2-ethoxyethoxy)-ethanolacetate,112-15-2,CCOCCOCCOC(C)=O,,chaos,-222.4925079,73.44351072,0.06906296492768321,-0.10418204817750779,0.014570055650382573
2-(2-propoxyethoxy)ethanol,6881-94-3,C(CC)OCCOCCO,,chaos,-230.7613921,-56.1836466,0.13929676191349222,-0.16640445698140044,-0.014992905194208454
2-(diethylamino)-ethanol,100-37-8,C(C)N(CCO)CC,,chaos,-463.2108978,-39.93618867,0.10848777339774465,-0.1681405988700415,-0.0641976074948974
2-(bis(1-methylethyl)amino)ethanol,96-80-0,CC(C)N(CCO)C(C)C,,chaos,-306.0935081,-39.92925095,0.08456177179660182,-0.17330077544247538,-0.07315518293119425
2-(dimethylamino)-ethanol,108-01-0,CN(CCO)C,,chaos,-322.7737956,-56.16322965,0.1510086011180292,-0.14731579287173888,-0.03576012383534914
2-(dimethylamino)ethyl-2-methyl-2-propenoate,2867-47-2,CN(CCOC(C(=C)C)=O)C,,chaos,-300.5315627,99.53689102,0.11232687773605984,-0.15895011858097904,-0.05008563178116094
2-(ethylamino)ethanol,110-73-6,C(C)NCCO,,chaos,-379.60778,-91.58753915,0.16461853596790038,-0.12386297700595333,-0.015593443218526888
2-(methylamino)-ethanol,109-83-1,CNCCO,,chaos,-387.1211024,-94.02514655,0.19266866745294634,-0.09991514330929557,0.01703751903394481
2-(ethylthio)-ethanol,110-77-0,C(C)SCCO,,chaos,-187.0623867,-171.3803741,0.1655981216025508,-0.08471789506792575,0.027756690868463448
2-(ethylthio)-2-methylpropane,14920-92-7,C(C)SC(C)(C)C,,chaos,32.99443227,65.66416047,-0.07420678842031819,-0.04539587812890909,-0.013302297480879919
2-(n-morpholino)-2'-hydroxydiethylether,3603-45-0,O1CCN(CC1)CCOCCO,,chaos,-331.9303402,-22.73853651,0.1695639840986369,-0.16441415707921128,0.01554112094671638
2-2-(2-butoxyethoxy)ethoxyethanol,143-22-6,CCCCOCCOCCOCCO,,chaos,-367.4184486,-31.80736313,0.09931771768019444,-0.14308883518383755,-0.025771235475415634
2-2-(2-methoxyethoxy)ethoxyethanol,112-35-6,COCCOCCOCCO,,chaos,-225.6959981,-62.59292732,0.15556237992655306,-0.14520506037648837,0.02588614552771036
2-2-(2-ethoxyethoxy)ethoxyethanol,112-50-5,CCOCCOCCOCCO,,chaos,-236.7192753,-46.72270961,0.15365995623537212,-0.16364623216769758,0.011286392462391614
2-2-(hexyloxy)ethoxyethanol,112-59-4,CCCCCCOCCOCCO,,chaos,-234.1712709,-46.52155429,0.08043718535881454,-0.156289299578956,-0.0619245707229783
2-allylphenol,1745-81-9,C(C=C)C1=C(C=CC=C1)O,,chaos,21.03135058,-389.7797461,0.014260770943841357,-0.013167843531438682,0.04733695766806331
2-amino-1-butanol,96-20-8,NC(CO)CC,,chaos,-414.2423815,-66.68075823,0.1917320066205654,-0.10570006577379067,0.009363742133952817
"2-bromo-2-chloro-1,1,1-trifluoroethane",151-67-7,BrC(C(F)(F)F)Cl,,chaos,212.6192714,-197.3502495,0.03972139404540306,0.2895608169298907,0.0008005466288094929
2-bromo-2-methylpropane,507-19-7,BrC(C)(C)C,,chaos,199.4601991,27.41020369,-0.13103955002862946,0.020196224574923524,0.03504725280671618
2-bromobutane,78-76-2,BrC(C)CC,,chaos,208.0383414,25.44117032,-0.14146080088065963,0.024053639909600476,0.02733712144217527
2-bromoethanol,540-51-2,BrCCO,,chaos,-135.9314717,-256.7939066,0.22990274397464414,0.08941672446395367,0.03134718793019799
2-bromopentane,107-81-3,BrC(C)CCC,,chaos,212.6717308,29.46227649,-0.15650294887458216,0.022971152504143378,0.018476745796380572
2-bromoethanolacetate,927-68-4,CC(=O)OCCBr,,ours,-37.96912069,11.43845968,0.11533677602328313,-0.020446601355594958,0.1086422738190865
2-butanethiol,513-53-1,CC(CC)S,,chaos,88.75260178,20.18849191,-0.09563805911462736,0.004965499098184253,0.01603780836335547
2-bromopyridine,109-04-6,BrC1=NC=CC=C1,,chaos,-139.0396651,24.0434033,0.11825554490793083,-0.07028445170184415,-0.0010303658260028608
2-butanoneoxime,96-29-7,CC(CC)=NO,,chaos_no_stereo,-137.243902,-288.1839169,0.2151975817210365,0.22892639760667133,-0.12054860358882706
2-butoxyethanol,111-76-2,C(CCC)OCCO,,chaos,-218.4047515,-115.5957371,0.1416295366962531,-0.01582678190652865,-0.09018744383306082
2-bromothiophene,1003-09-4,BrC=1SC=CC1,,chaos,219.3908462,-29.06728674,-0.11770962576955443,0.06393553406712996,0.04317694117244532
2-butoxyethanolacetate,112-07-2,CCCCOCCOC(C)=O,,chaos,-104.5184441,64.07848861,0.04675126027730911,-0.09127507912713174,-0.0019838100135970045
2-butylbenzene,135-98-8,C(CCC)C1=CC=CC=C1,,chaos,223.3471643,32.54505525,-0.16095157003826976,0.02554767584586992,0.01492692355530626
2-butylphenol,3180-09-04 00:00:00,C(CCC)C1=C(C=CC=C1)O,,chaos,53.28222722,-424.3140117,0.23260098950617727,0.4562058573379065,-0.0844040240643412
2-butyn-1-ol,764-01-2,C(C#CC)O,,chaos,-155.3565314,-241.9648626,0.2572481674469922,0.18975065942293987,-0.012838374604237954
"2-chloro-1,3,5-trimethylbenzene",1667-04-5,ClC1=C(C=C(C=C1C)C)C,,ours,230.350661,29.13325123,-0.18126840580102874,0.032036361587542264,0.010121572736302835
2-chloro-2-fluoropropane,420-44-0,ClC(C)(C)F,,chaos,203.7073057,12.16985721,-0.08851177449845808,0.03979894614636722,0.06436128716840543
2-chloro-2-propenenitrile,920-37-6,ClC(C#N)=C,,chaos,43.82259488,-44.95589305,0.08226723833406879,0.04956465367697761,0.09983969304892061
2-chloro-2-methylbutane,594-36-5,ClC(C)(CC)C,,chaos,207.762506,35.53131926,-0.15527473182626347,0.019145471054880597,0.0192261108281383
2-chloroaniline,95-51-2,ClC1=C(N)C=CC=C1,,chaos,-23.43303051,-84.93757655,0.15132755732226602,0.1773770777164973,-0.01566427043751769
2-chloroethanol,107-07-3,ClCCO,,chaos,-143.4688422,-247.0608306,0.24611524003988605,0.09595374593433298,0.03503971137180492
2-chloroanisole,766-51-8,ClC1=C(C=CC=C1)OC,,chaos,123.8513346,10.7876837,-0.04582837534411738,0.028363099929480023,0.057665671497445704
2-chlorobutane,78-86-4,ClC(C)CC,,chaos,208.2450746,29.46058635,-0.14101341506228024,0.02314680841356987,0.02762173783111562
2-chloroethylethylether,628-34-2,ClCCOCC,,chaos,-107.8266478,49.56922633,0.04370039683885429,-0.07087911071238712,0.003397386042922479
2-chloropropionicacid,598-87-7,ClC(C(=O)O)C,,chaos,-19.43068744,-476.2488398,0.35775100325511144,0.5187052110227305,-0.10096831431208093
2-chloropentane,625-29-6,ClC(C)CCC,,chaos,212.6073241,32.7863049,-0.15594055704769622,0.02209924485365195,0.017813778497018314
2-chloropyridine,109-09-1,ClC1=NC=CC=C1,,chaos,-163.6359358,31.1343013,0.11557928036219464,-0.06219817361154525,0.008901856741116062
2-chlorothiophene,96-43-5,ClC=1SC=CC1,,chaos,221.3185002,-26.30661609,-0.11819999707216879,0.06495779060875867,0.04203362924188959
2-cyclohexen-1-one,930-68-7,C1(C=CCCC1)=O,,chaos,-175.3563655,61.9016083,0.1747707474004745,-0.13085615707309448,0.09024967754862967
2-decenal,3913-71-1,C(C=CCCCCCCC)=O,,chaos_no_stereo,-117.8437476,74.95671868,0.031152510271207978,-0.09657905787627499,-0.022348789700454844
2-cyclopentylcyclopentanone,4884-24-6,C1(CCCC1)C1C(CCC1)=O,,chaos,-110.3813942,80.13695477,0.03840616472690113,-0.11783058652129967,-0.024367855484286233
2-dimethylaminoacetonitrile,926-64-7,CN(CC#N)C,,chaos,-182.1525554,21.8205796,0.19150729555547086,-0.06175499992422918,0.13050973533325738
2-ethoxyaniline,94-70-2,C(C)OC1=C(N)C=CC=C1,,chaos,-130.6562787,-28.36091324,0.1588923169348862,0.05310740128642535,-0.014321761860643175
"2-ethenyl-1,3,5-trimethylbenzene",769-25-5,C(=C)C1=C(C=C(C=C1C)C)C,,chaos,219.6244871,30.13158939,-0.15071581912918605,0.023915774428504975,0.02549496009541356
2-ethoxyethanolacetate,111-15-9,CCOCCOC(C)=O,,chaos,-107.285724,56.47664206,0.09199179062912509,-0.09914839713710046,0.036798609756532395
2-ethoxyethylacrylate,106-74-1,C(C)OCCOC(C=C)=O,,chaos,-105.7409051,53.86702647,0.06301160060042019,-0.08486975916993916,0.016027952104102686
"2-ethyl-1,3-hexanediol",94-96-2,C(C)C(CO)C(CCC)O,,chaos,-232.3817984,-170.9067185,0.15093739073081838,0.050638451284594405,-0.12632162221553886
2-ethyl-1-butanol,97-95-0,C(C)C(CO)CC,,chaos,-183.1397384,-175.8617183,0.1321278596423192,0.09700199191328668,-0.1468600312581067
"2-ethyl-1,3-dimethylbenzene",2870-04-04 00:00:00,C(C)C1=C(C=CC=C1C)C,,chaos,213.6602572,34.37154248,-0.14455617248787325,0.018718295209074285,0.028200788946693565
2-ethyl-1-butene,760-21-4,C(C)C(=C)CC,,chaos,199.1926755,56.25418523,-0.19412576567855055,0.014406588374052738,-0.007520898186658124
"2-ethyl-1,4-dimethylbenzene",1758-88-9,C(C)C1=C(C=CC(=C1)C)C,,chaos,217.0814065,36.09215262,-0.15726750218037786,0.01775224545867565,0.019702670803830317
2-ethyl-hexanal,123-05-7,C(C)C(C=O)CCCC,,chaos,-63.19300542,75.95227689,0.020037032237719448,-0.10206590597418817,-0.018013754228301485
2-ethyl-hexanoicacid,149-57-5,C(C)C(C(=O)O)CCCC,,chaos_no_stereo,-69.28666531,-351.6203522,0.18200146331997769,0.29486974836669233,-0.17812816979702267
2-ethylbenzeneamine,578-54-1,C(C)C1=C(C=CC=C1)N,,chaos,-95.77085572,-41.50746086,0.14678169808548486,0.08978098782304028,-0.014526601461324134
2-ethylbutyraldehyde,97-96-1,C(C)C(C=O)CC,,chaos,-69.37916413,71.53023663,0.04727165829774608,-0.09709941643055517,0.019537894448445503
2-ethylbutyricacid,88-09-5,C(C)C(C(=O)O)CC,,chaos,-77.11456074,-354.3891131,0.21292273478074822,0.30928353919932555,-0.1637180909713693
2-ethylhexylamine,104-75-6,C(C)C(CN)CCCC,,chaos,-560.063296,123.6815893,0.24277450051231675,-0.2833483454043355,-0.19937409625550284
2-ethylhexanethiol,7341-17-5,C(C)C(CS)CCCC,,chaos,119.0298779,27.18134367,-0.13927500679200816,0.006190058642751665,-0.006545300178575505
2-ethylpyridine,100-71-0,C(C)C1=NC=CC=C1,,chaos,-347.3642563,94.07086646,0.16138976643552352,-0.1735252756818157,-0.07984457306550609
2-ethylstyrene,7564-63-8,C(C)C1=C(C=C)C=CC=C1,,chaos,216.2333417,21.90520294,-0.13192503969198335,0.03183006183784257,0.03711474302801164
2-fluoroanisole,321-28-8,FC1=C(C=CC=C1)OC,,chaos,103.9758946,13.54483023,-0.02487198724277532,0.022751042033374587,0.06611957840860845
2-fluorobenzaldehyde,446-52-6,FC1=C(C=O)C=CC=C1,,chaos,-43.60258383,23.55127452,0.06363015366429968,-0.019903559161421034,0.0732527281475712
2-fluoroethanol,371-62-0,FCCO,,chaos,-161.9110568,-233.7991992,0.2980254912028873,0.1508464375121499,0.06659868075222579
2-fluorotoluene,95-52-3,FC1=C(C)C=CC=C1,,chaos,217.7322797,13.82730328,-0.11455990578051274,0.04212325154216288,0.046678010082863985
2-heptanone,110-43-0,CC(CCCCC)=O,,chaos,-135.6405118,77.19147103,0.07683095799157577,-0.11448435068537069,-0.002851972444142435
2-furancarbonylchloride,527-69-5,O1C(=CC=C1)C(=O)Cl,,ours,148.2360615,-69.57887086,-0.002771280839064916,0.07204664087490838,0.07043063867718694
2-hexanone,591-78-6,CC(CCCC)=O,,chaos,-136.8706039,72.82747553,0.097766349052275,-0.11532012347440183,0.0175503868973696
2-hexanethiol,1679-06-7,CC(CCCC)S,,chaos,94.51675125,29.7820549,-0.12307793206337769,0.0022326078078048757,-0.0022628081749670923
2-hexyloxyethanol,112-25-4,C(CCCCC)OCCO,,chaos,-205.2399631,-77.59895646,0.09990054298006021,-0.03642939696262821,-0.0982477977604864
2-hydroxy-2-methylpropanenitrile,75-86-5,OC(C#N)(C)C,,chaos,-76.57830137,-335.9893804,0.32251149898735837,0.31577132641805117,0.017853025149630875
2-hexyne,764-35-2,CC#CCCC,,chaos,180.1850614,37.97246109,-0.12280681956487462,0.010199619473804216,0.02651375842458881
2-hydroxy-benzoicacidmethylester,119-36-8,COC(=O)c1ccccc1O,,chaos,36.21895874,19.93930689,0.0026042756024562755,-0.011192454512862637,0.04775669558271207
2-hydroxy-propanoicacid-methylester,547-64-8,COC(C(C)O)=O,,chaos,-161.2168157,-133.3588676,0.18578050231350288,-0.010298386464055028,0.0504632032436007
2-hydroxypropanenitrile,78-97-7,OC(C#N)C,,chaos,-79.5834396,-356.8503975,0.38940897334578056,0.38494882998373936,0.06081857478768918
2-iodopropane,75-30-9,IC(C)C,,chaos,205.7091362,17.55722231,-0.13659697651958022,0.02561042826389848,0.033688888231387305
2-isopropoxyethanol,109-59-1,C(C)(C)OCCO,,chaos,-251.1338577,-114.486021,0.15571613441246462,-0.0347702308124766,-0.057072301023264334
2-isopropyl-6-methylphenol,3228-04-04 00:00:00,C(C)(C)C1=C(C(=CC=C1)C)O,,chaos,64.96439369,-372.8131489,0.16202727212011478,0.33072109009183065,-0.06849483860234455
2-methoxy-4-(1-propenyl)phenol,97-54-1,COC1=C(C=CC(=C1)C=CC)O,,chaos_no_stereo,16.65218294,-289.2782251,0.12941767535698953,0.21368834507139978,-0.03949780957737235
2-methoxyethanamine,109-85-3,COCCN,,chaos,-588.1397723,104.4225152,0.3724877875377668,-0.2683034132999584,-0.0038979269539698115
2-methoxythiophene,16839-97-7,COC=1SC=CC1,,chaos,159.3375522,-1.783223883,-0.04135171154886888,0.03511745222106762,0.07737693728949122
"2-methyl-1,3-propanediol",2163-42-0,CC(CO)CO,,chaos,-239.1507007,-189.4218011,0.25118748159755566,0.06841373339009248,-0.04595377613376159
2-methyl-1-butanol,137-32-6,CC(CO)CC,,chaos,-198.9212438,-164.584682,0.14776860878392553,0.10073161590761366,-0.13623119653077342
"2-methyl-1,5-hexadiene",4049-81-4,CC(=C)CCC=C,,chaos,201.8617165,40.26165976,-0.15927960108171355,0.016444603022391598,0.012684540082184817
2-methyl-1-(methylthio)-propane,5008-69-5,CC(CSC)C,,chaos,67.90442644,54.70172592,-0.08950824361469387,-0.024529876176061442,0.0024900142267120914
2-methyl-1-heptene,15870-10-7,CC(=C)CCCCC,,chaos,213.2802848,54.84990678,-0.20959532026534933,0.01737001366176002,-0.01596297909928895
2-methyl-1-hexene,6094-02-06 00:00:00,CC(=C)CCCC,,chaos,207.9850021,54.38172559,-0.2037763970427176,0.01678113719666445,-0.013981864071795904
2-methyl-1-nonene,2980-71-4,CC(=C)CCCCCCC,,chaos,218.3336494,55.64830547,-0.22012708495692965,0.018957187761770338,-0.021779342838655028
2-methyl-1-octene,4588-18-5,CC(=C)CCCCCC,,chaos,215.1919288,55.59017119,-0.21585419744823048,0.018565822759189554,-0.01909387198935208
2-methyl-1-propanamine,78-81-9,CC(CN)C,,chaos,-585.8309775,114.1867582,0.2911476759607096,-0.26657220331916237,-0.13618736444519441
2-methyl-1-propanethiol,513-44-0,CC(CS)C,,chaos,95.16428373,14.00696661,-0.09215236094139494,0.009884155916790625,0.02420719109406012
"2-methyl-2,4-pentanediol",107-41-5,CC(C)(CC(C)O)O,,chaos_no_stereo,-272.1609849,-141.962491,0.20706877147716068,0.02020923076830259,-0.098719239181309
2-methyl-1-phenyl-1-propanone,611-70-1,CC(C(=O)C1=CC=CC=C1)C,,chaos,-51.70174728,47.25103449,0.036282313797928394,-0.060714002815450904,0.01889026589870668
"2-methyl-2,4-hexadiene",28823-41-8,CC(C)=CC=CC,,chaos_no_stereo,213.1414526,39.92441872,-0.1508041658708506,0.01809918962731774,0.023634751468809403
2-methyl-2-(methylthio)-propane,6163-64-0,CC(C)(C)SC,,chaos,40.67580733,58.0945269,-0.06314682695140718,-0.043823733157810976,-0.0015546191220990884
2-methyl-2-butanamine,594-39-8,CC(C)(CC)N,,chaos,-595.2446836,128.478043,0.19017888499302033,-0.2190825766807541,-0.1467124505023959
2-methyl-2-heptanol,625-25-2,CC(C)(CCCCC)O,,chaos,-204.6145456,-124.3086917,0.10312349257483316,0.04916361522003761,-0.1594844945726124
2-methyl-2-heptene,627-97-4,CC(C)=CCCCC,,chaos,226.4740519,55.1695295,-0.22195109160166057,0.020340949488981994,-0.021121051077016437
2-methyl-2-hexene,2738-19-4,CC(C)=CCCC,,chaos,220.5625635,54.48062705,-0.21867461737928043,0.0216010012798138,-0.015658457810033617
2-methyl-2-propenenitrile,126-98-7,CC(C#N)=C,,chaos,-37.48708689,23.45996348,0.1214274852567925,-0.03209392578420948,0.15305376265584114
2-methyl-3-pentanol,565-67-3,CC(C)C(CC)O,,chaos,-189.684783,-145.5478289,0.12125749376449066,0.08224363985970913,-0.14711243061295542
2-methyl-2-propenoicacidbutylester,98-88-1,CC(C(=O)OCCCC)=C,,chaos,-55.14318348,71.67306753,-0.01649839893862577,-0.07240322964147503,-0.014750369510404059
2-methyl-2-pentene,625-27-4,CC(C)=CCC,,chaos,219.0346527,53.38293787,-0.20154462159370728,0.018042423670595952,-0.01045885093533158
2-methyl-2-propenoylchloride,920-46-7,CC(C(=O)Cl)=C,,chaos,173.3981644,5.874911095,-0.06752321147684122,0.018648206666919985,0.05596606906017557
2-methyl-3-butene-2-ol,115-18-4,CC(C)(C=C)O,,chaos,-176.6394254,-175.4773488,0.1699594266101327,0.091984498225076,-0.09350016213880293
2-methyl-3-ethylpentane,609-26-7,CC(C)C(CC)CC,,chaos,273.4423605,57.13423639,-0.2651776307370099,0.030464240996181835,-0.032893747232551
2-methyl-3-heptanol,18720-62-2,CC(C)C(CCCC)O,,chaos,-182.8240616,-136.41024,0.09474907236096805,0.06405692705411951,-0.15689188793393363
2-methyl-3-heptene,17618-76-7,CC(C)C=CCCC,,chaos_no_stereo,245.4864704,54.03548986,-0.23057509050527714,0.022120120030532733,-0.026346595277556367
2-methyl-3-hexyne,36566-80-0,CC(C)C#CCC,,chaos,180.8678267,45.90713881,-0.14163629989906742,0.0032705308070031815,0.009966663782470755
2-methyl-benzeneamine,95-53-4,CC1=C(C=CC=C1)N,,chaos,-104.9306476,-46.21757575,0.17951323400384456,0.0978914123065431,0.006239593791207921
2-methyl-propanenitrile,78-82-0,CC(C#N)C,,chaos,-74.95301393,38.5409465,0.14075259036489152,-0.06702527388094448,0.15534050573185973
2-methyl-pentanal,123-15-9,CC(C=O)CCC,,chaos,-71.65780495,70.04400464,0.05111912094101646,-0.0999557833902334,0.01774243894847268
2-methyl-quinoline,91-63-4,CC1=NC2=CC=CC=C2C=C1,,chaos,-316.8882785,81.50120473,0.15451516889610895,-0.1476561244175546,-0.059268947072362375
2-methyl-benzoicacidethylester,87-26-1,CC1=C(C(=O)OCC)C=CC=C1,,chaos,-22.18094984,52.99577591,-0.02911031621584096,-0.041531439865312374,0.001187473321250367
2-methyl-nonane,871-83-0,CC(C)CCCCCCC,,chaos,273.4670224,58.67795778,-0.2666350638606513,0.02999006725058051,-0.03523589995684369
2-methylaziridine,75-55-8,CC1NC1,,chaos,-520.5886672,84.99492694,0.2828540154660038,-0.17752111772842064,-0.05143128979932055
2-methyl-thiazole,3581-87-1,CC=1SC=CN1,,chaos,-252.2546142,47.70166705,0.18758103415622543,-0.13723081687075123,-0.019633155470460274
2-methylbenzonitrile,529-19-1,CC1=C(C#N)C=CC=C1,,chaos,-28.45059841,27.39638707,0.07011926564047906,-0.030696465943236825,0.0907992310146513
2-methylbenzenemethanamine,89-93-0,CC1=C(C=CC=C1)CN,,chaos,-499.1324139,79.36151572,0.29834963895791283,-0.21828668806014306,-0.06915553377367613
2-methylbutanal,96-17-3,CC(C=O)CC,,chaos,-73.24473273,65.57130576,0.07397666900452975,-0.09905011280448475,0.04356256256330769
2-methylcyclohexanone,583-60-8,CC1C(CCCC1)=O,,chaos,-135.7120676,78.68606692,0.09426883084925423,-0.13254227748912717,0.007649947774075971
2-methylcyclohexanol,583-59-5,CC1C(CCCC1)O,,chaos_no_stereo,-199.1054108,-143.8536345,0.1289711233896904,0.05309337553932263,-0.14775878133803222
2-methylbutanoicacid,116-53-0,CC(C(=O)O)CC,,chaos,-78.38456404,-358.8268354,0.21944449951995948,0.3153142956287494,-0.14327680307302276
2-methylcyclopentanone,1120-72-5,CC1C(CCC1)=O,,chaos,-120.4236999,70.02081838,0.10495317817996348,-0.11575275954266281,0.0464737731675593
2-methyldecane,69-75-98-0,CC(C)CCCCCCCC,,chaos,273.219698,58.57794994,-0.26693682643691186,0.029941592242741056,-0.03561819561745256
2-methylheptane,592-27-8,CC(C)CCCCC,,chaos,273.8371994,58.71256214,-0.26580713696061664,0.03008113440410862,-0.03524212883901024
2-methylhexane,591-76-4,CC(C)CCCC,,chaos,274.3568598,59.00807058,-0.2651866100173498,0.030184943557135427,-0.035148565757828674
2-methyldodecane,1560-97-0,CC(C)CCCCCCCCCC,,chaos,272.7869487,58.51170106,-0.26745818913875774,0.029799636525197536,-0.03616682088391311
2-methylheptanal,16630-91-4,CC(C=O)CCCCC,,ours,-61.93858759,73.89384896,-0.009186347677206242,-0.08174688607790094,-0.01766139008897912
2-methyloctane,3221-61-2,CC(C)CCCCCC,,chaos,273.4960546,58.7157396,-0.26627892368279066,0.030045512857668176,-0.03528665290948033
2-methylpentanedinitrile,4553-62-2,CC(C#N)CCC#N,,chaos,-53.64444949,-14.49383775,0.2328951878171728,-0.013748148822726314,0.3065223449012904
2-methylpropanoicacidethylester,97-62-1,CCOC(=O)C(C)C,,chaos,-69.97437038,71.53319105,0.024422804719044306,-0.09749637902832978,-0.0070368309109374244
2-methylpyridine,109-06-8,CC1=NC=CC=C1,,chaos,-368.9728745,90.12424567,0.21869668104756262,-0.18655178713158946,-0.04924556052305039
2-methylpropanoicacidmethylester,547-63-7,COC(=O)C(C)C,,chaos,-65.26878422,61.68198743,0.058904321057074625,-0.09357878004311045,0.02869330225115671
2-methylpyrazine,109-08-0,CC1=NC=CN=C1,,chaos,-278.5608068,62.86894249,0.20680106577450924,-0.1372996174740719,0.031655824955812685
2-methylthiophene,554-14-3,CC=1SC=CC1,,chaos,208.0352042,2.487709211,-0.09971050296622848,0.04082912445022704,0.05577750398995132
2-methyltridecane,1560-96-9,CC(C)CCCCCCCCCCC,,chaos,272.4182374,58.10928589,-0.26770450605897195,0.02979047345534374,-0.03603683584154553
2-methylvalericacid,97-61-0,CC(C(=O)O)CCC,,chaos,-75.39732757,-356.1405814,0.2044230768802432,0.30503451702957285,-0.15593556227781222
2-methylundecane,7045-71-8,CC(C)CCCCCCCCC,,chaos,272.6886401,58.27417703,-0.2673653588432804,0.02988441177006393,-0.03606139387803244
2-nonanone,821-55-6,CC(CCCCCCC)=O,,chaos,-127.5406875,80.98132958,0.045419202550034614,-0.11333627676468061,-0.031094030256946976
2-nonanol,628-99-9,CC(CCCCCCC)O,,chaos,-191.8562162,-145.384878,0.0958983209678461,0.043463959661760775,-0.16290799663300712
2-octanone,111-13-7,CC(CCCCCC)=O,,chaos,-132.4458295,79.21172011,0.06030679754913025,-0.11429392487617428,-0.018330499101462103
2-nonynoicacid,1846-70-4,C(C#CCCCCCC)(=O)O,,chaos,-31.69573629,-425.7977621,0.24162983408073319,0.4156111436709192,-0.14772258993234524
2-oxepanone,502-44-3,O1C(CCCCC1)=O,,chaos,-156.5217683,51.31651558,0.1909604341925306,-0.12106618920435079,0.13959273570125194
2-octyne,2809-67-8,CC#CCCCCC,,chaos,186.2832345,42.27634126,-0.14932273353071343,0.010495705161163585,0.009004273103421405
2-pentanolacetate,626-38-0,CCCC(C)OC(C)=O,,chaos,-85.94468909,73.52182616,0.03289938192682068,-0.10250535125531939,-0.01461535249333162
2-pentanethiol,2084-19-7,CC(CCC)S,,chaos_no_stereo,90.78887436,26.02849831,-0.11226740478106294,0.0033370966673751585,0.006071006572450612
2-phenylethanol,60-12-8,C1(=CC=CC=C1)CCO,,chaos,-168.2662699,-197.9009764,0.16461616728021394,0.0001452260118030127,-0.022345597790311936
2-pipecoline,109-05-7,CC1CCCCN1,,chaos_no_stereo,-561.2100533,132.0066866,0.19163085007956904,-0.25597215512585564,-0.19317750258760671
2-propen-1-ol,107-18-6,C(C=C)O,,chaos,-176.4878437,-216.4082315,0.24722204960798672,0.15312722804466156,-0.025792814422689617
2-propenenitrile,107-13-1,C(C=C)#N,,chaos,-36.81174272,-23.50472667,0.19771393301320067,0.03126814966430911,0.21048660574439979
2-propenoicacid-2-methylpropylester,106-63-8,CC(COC(C=C)=O)C,,chaos,-54.27607185,59.99166878,0.0068052636837258205,-0.06641450605866925,0.0009585308220969792
2-propenoicacid-2-ethylhexylester,103-11-7,C(C)C(COC(C=C)=O)CCCC,,chaos,-34.96213926,67.51399499,-0.062063244647972485,-0.056957028250447614,-0.03905703410249283
2-propenoicacid-2-hydroxyethylester,818-61-1,OCCOC(C=C)=O,,chaos,-174.5690507,-189.6942763,0.17605599851913842,-0.11111346033119462,0.0680678135771392
2-propenoicacidethylester,140-88-5,CCOC(=O)C=C,,chaos,-44.792082,47.71777501,0.043983720421087176,-0.05910581549200158,0.04179932652424837
2-propenoicacidbutylester,141-32-2,CCCCOC(=O)C=C,,chaos,-46.3176263,57.99536587,0.0055986165865988405,-0.06409548559757258,0.0026652170121290184
2-propoxyethanol,2807-30-9,C(CC)OCCO,,chaos,-221.0722574,-121.1292377,0.15936551738023086,-0.02386444273671876,-0.06251728073235582
2-propenylesterbutanoicacid,2051-78-7,CCCC(=O)OCC=C,,chaos,-41.46264872,55.44471752,0.03706885272785251,-0.05913429977774181,0.0386013748982608
2-propylpiperidine,458-88-8,C(CC)C1NCCCC1,,chaos,-533.7907095,142.6874324,0.1158714609579775,-0.22551990329944996,-0.18591129997231304
2-pyridineethanol,103-74-2,N1=C(C=CC=C1)CCO,,chaos,-297.505537,-65.08831301,0.17054130754311775,-0.13374705913157753,0.013592656326575607
2-pyridinecarboxaldehyde,1121-60-4,N1=C(C=CC=C1)C=O,,chaos,-221.0268569,41.2428973,0.19526696014840433,-0.08595820506026414,0.07027962605180325
2-tert-butylpyridine,5944-41-2,C(C)(C)(C)C1=NC=CC=C1,,chaos,-200.0036555,81.49623119,0.0679074865568615,-0.12369596406196971,-0.0767169527213314
2-thiophenemethanol,636-72-6,S1C(=CC=C1)CO,,chaos,-146.1711717,-229.2429119,0.2163879584165333,0.19210281116397576,-0.06122860938238496
2-vinyltoluene,611-15-4,C(=C)C1=C(C)C=CC=C1,,chaos,211.1222442,18.15324742,-0.11223198910775206,0.03191649506712304,0.05075847386657846
2-vinylpyridine,100-69-6,C(=C)C1=NC=CC=C1,,chaos,-252.4392912,64.66368784,0.08502298135912786,-0.06000241723082862,0.008576136748157348
2-undecanol,1653-30-1,CC(CCCCCCCCC)O,,chaos,-185.5243949,-139.1245626,0.07893403118647146,0.04575210138494196,-0.1698282138560836
2-vinylfuran,1487-18-9,C(=C)C=1OC=CC1,,chaos,204.8055575,-21.465056,-0.0674381739555986,0.06021636427587811,0.06740782290332277
"3,3'-iminodipropylamine",56-18-8,NCCCNCCCN,,chaos,-610.7729045,98.19865166,0.3030709162467935,-0.274161450170455,-0.14645447470567688
"3,3'-iminodipropionitrile",111-94-4,N(CCC#N)CCC#N,,chaos,-180.4854022,-16.52496481,0.3001054370621206,-0.038485766750204535,0.2751770092440866
"3,3'-oxybis-propanenitrile",1656-48-0,O(CCC#N)CCC#N,,chaos,-55.79141918,-32.01560205,0.27369859671081664,0.040181100027945345,0.31497987347990664
"3,3,3-trichloro-1-propene",2233-00-3,ClC(C=C)(Cl)Cl,,chaos,232.5335313,-13.92439192,-0.15948789708386257,0.05384977957262537,0.0207420408459553
"3,3-diethylpentane",1067-20-5,C(C)C(CC)(CC)CC,,chaos,273.9476754,57.82194791,-0.26165984639918394,0.030163800442399132,-0.029728919235684433
"3,3-dimethyl-1-pentene",3404-73-7,CC(C=C)(CC)C,,chaos,241.4279609,50.57499266,-0.21175176084912584,0.02005822637718822,-0.016975248018515108
"3,3-dimethylhexane",563-16-6,CC(CC)(CCC)C,,chaos,273.1747349,57.90370227,-0.26070124214383644,0.030069642986234348,-0.030376383716346232
"3,3-dimethylpentane",562-49-2,CC(CC)(CC)C,,chaos,273.5976556,57.81589533,-0.258558911315403,0.030042691712282937,-0.02921744801862611
"3,4-dichloro-1-butene",760-23-6,ClC(C=C)CCl,,chaos,197.4675336,-25.49349566,-0.0463536040013518,0.06651258500322459,0.07865978263262957
"3,4,4-trimethyl-3-pentanol",7294-05-05 00:00:00,CC(CC)(C(C)(C)C)O,,chaos_no_stereo,-182.39215,-123.7570309,0.08842834530811192,0.06282252747507666,-0.1502823695909819
"3,4-dichlorotoluene",95-75-0,ClC=1C=C(C)C=CC1Cl,,chaos,228.776283,3.526081046,-0.15150481722905884,0.04744790795487994,0.026201237851536944
"3,4-dihydro-1h-isoquinoline",91-21-4,C1NCCC2=CC=CC=C12,,ours,-477.5189247,85.20036674,0.22862670952389802,-0.20625769240443861,-0.09805468306478249
"3,4-dihydro-2h-1-benzopyran",493-08-3,O1CCCC2=C1C=CC=C2,,chaos,46.51557131,39.66725919,-0.03055688219544335,-0.022993788579382893,0.03371612583531975
"3,4-dimethylchlorobenzene",615-60-1,CC=1C=C(C=CC1C)Cl,,chaos,224.273835,16.90199857,-0.14288207788299354,0.03927641403672425,0.03365915959043421
"3,4-dimethylpyridine",583-58-4,CC=1C=NC=CC1C,,chaos,-391.5035413,101.6571038,0.2120680900378466,-0.2017254460978693,-0.0446510320780216
"3,5,5-trimethylhexanal",5435-64-3,CC(CC=O)CC(C)(C)C,,chaos,-60.48190752,69.19267667,0.012316843623922907,-0.08821314561833356,-0.01490449757366589
"3,4-hexanedione",4437-51-8,CCC(C(CC)=O)=O,,chaos,4.303904934,40.12731765,0.0587769278570639,-0.0387264823660203,0.08484299195062436
"3,5-dimethylpyridine",591-22-0,CC=1C=NC=C(C1)C,,chaos,-380.9451514,103.6310195,0.18633783431290976,-0.19491622532228717,-0.04861853230689763
"3,6-dioxaoctane",629-14-1,CCOCCOCC,,chaos,-212.126401,96.18882834,0.04710939705429399,-0.1287902362505552,-0.04296329831062162
"3,6-dimethyl-3-octanol",151-19-9,CC(CC)(CCC(CC)C)O,,chaos,-198.7498318,-126.3217944,0.08941217117424707,0.03982848876659663,-0.16478838309660418
3-(dimethylamino)-1-propanol,3179-63-3,CN(CCCO)C,,chaos,-362.2072419,7.392513422,0.1477099275429312,-0.20556135949329696,-0.05607600550158383
3-(methylthio)-propanal,3268-49-3,CSCCC=O,,chaos,-38.49280966,22.61617031,0.1308969154027171,-0.029717210048742178,0.14325190939748214
3-bromopropene,106-95-6,BrCC=C,,chaos,196.969338,-11.10029798,-0.05636658395249516,0.0539746115112512,0.08143642658878787
3-bromopentane,1809-10-5,BrC(CC)CC,,chaos,215.7432961,30.80557318,-0.18612286550176285,0.02016169670745728,-0.007754777424395522
3-bromopyridine,626-55-1,BrC=1C=NC=CC1,,chaos,-246.9004561,41.77464453,0.14877417531030235,-0.11287968147409062,-0.025329050330529512
3-bromotoluene,591-17-3,BrC=1C=C(C)C=CC1,,chaos,222.3691489,8.525170511,-0.1357443964671982,0.04226479384341757,0.03700727239184954
3-butenenitrile,109-75-1,C(CC=C)#N,,chaos,-44.61609762,-14.44463922,0.18751524329369026,0.010489496102849851,0.1995679400650634
3-butenoicacid,625-38-7,C(CC=C)(=O)O,,chaos,-69.43319465,-391.9348029,0.32233790016046815,0.38739793053322474,-0.05721171662570205
3-butenylbenzene,768-56-9,C(=CCC)C=1C=CC=CC1,,chaos_no_stereo,207.8055788,23.81897969,-0.12101826497263664,0.03259785949198397,0.043245443037299276
3-butyn-1-ol,927-74-2,C(CC#C)O,,chaos,-146.6278471,-241.6278814,0.24593480069463416,0.0961478599297571,0.045333844969452176
3-butyn-2-ol,2028-63-9,CC(C#C)O,,chaos,-113.8205589,-281.9725417,0.2729434932855039,0.268856823599502,-0.033222992161954505
"3-chloro-1,2-propanediol",96-24-2,ClCC(CO)O,,chaos,-142.9321246,-263.344689,0.27434804468758894,0.09730718051238586,0.06482043835548489
3-chloro-1-propanol,627-30-5,ClCCCO,,chaos,-151.7168465,-231.3762394,0.24323173253163824,0.1890205744298495,-0.04572981839230157
3-chloro-2-methyl-1-propene,563-47-3,ClCC(=C)C,,chaos,204.5971138,6.372109638,-0.09017185556413922,0.04336631563697828,0.06250189604243034
3-chloro-2-(chloromethyl)-1-propene,1871-57-4,ClCC(=C)CCl,,chaos,198.9849948,-20.31619721,-0.05512625220301929,0.06285565054044286,0.07896827500133081
3-chlorobenzeneamine,108-42-9,ClC=1C=C(C=CC1)N,,chaos,-38.27319202,-91.65666001,0.18361337025102945,0.1881795095123315,-0.012683409563049839
3-chloropropanenitrile,542-76-7,ClCCC#N,,chaos,-20.54724271,-48.93302023,0.19779495589107987,0.07344580090191569,0.1889623375117963
3-chloropentane,616-20-6,ClC(CC)CC,,chaos,216.5247793,34.57978149,-0.1624791436709866,0.023112103784177173,0.014695220381870596
3-chlorophenylisocyanate,2909-38-8,ClC=1C=C(C=CC1)N=C=O,,chaos,204.9477467,-20.43391314,-0.0820869886309407,0.06740307564508406,0.053172353452585544
3-chlorotoluene,108-41-8,ClC=1C=C(C)C=CC1,,chaos,222.6742629,10.7308964,-0.13461150884347717,0.04284871545945831,0.03766218792403959
3-chloropropanoylchloride,625-36-5,ClCCC(=O)Cl,,chaos,180.4010887,-65.38686515,0.0015868540138233907,0.07993404687835591,0.09890765320755245
3-cyclohexene-1-carboxaldehyde,100-50-5,C1(CC=CCC1)C=O,,chaos,-55.42857973,53.25121327,0.07134359065493291,-0.06911315907784134,0.06470271091644592
3-dimethylaminopropylamine,109-55-7,CN(CCCN)C,,chaos,-620.900013,123.2499637,0.31775704652032205,-0.337820111674948,-0.16913858772702706
"3-ethenyl-7-oxabicyclo[4,1,0]heptane",106-86-5,C(=C)C1CC2OC2CC1,,chaos,-93.46338784,70.1008157,0.03027957446310177,-0.08690408916806627,0.005342604410370861
3-ethyl-1-heptanol,3525-25-5,C(C)C(CCO)CCCC,,chaos,-190.0087863,-164.6685527,0.09825012963101913,0.06895125163848345,-0.1609634486851489
3-ethyl-1-pentene,4038-04-04 00:00:00,C(C)C(C=C)CC,,chaos,252.137871,51.04500237,-0.2264105010554775,0.026495124772692138,-0.02134588347528212
3-ethyl-1-pentyn-3-ol,6285-06-09 00:00:00,C(C)C(C#C)(CC)O,,chaos,-95.20691547,-240.5036788,0.1524896973827869,0.1981831834537193,-0.09624188690629952
"3-ethyl-2,2-dimethyl-pentane",16747-32-3,C(C)C(C(C)(C)C)CC,,chaos,272.7683387,57.19269924,-0.25947758833109014,0.03054428277549703,-0.029976633069743935
"3-ethyl-2,4-dimethylpentane",1068-87-7,C(C)C(C(C)C)C(C)C,,chaos,273.5296177,57.90895055,-0.26241694064332277,0.03024977237832561,-0.031043970443433915
3-ethyl-2-methyl-1-pentene,19780-66-6,C(C)C(C(=C)C)CC,,chaos,243.1852773,53.01351511,-0.22272957289103396,0.023215906631895742,-0.018001909226865998
3-ethyl-3-methylpentane,1067-08-9,C(C)C(CC)(CC)C,,chaos,273.7318365,57.8266952,-0.2598335723378021,0.030223120118928824,-0.02894040755362078
3-ethyl-3-pentanol,597-49-9,C(C)C(CC)(CC)O,,chaos,-210.1417926,-123.5573535,0.11059541913928389,0.06173732755527412,-0.15151700951305638
3-ethylheptane,15869-80-4,C(C)C(CC)CCCC,,chaos,273.9680581,58.30560208,-0.2643070251783537,0.031010478063980006,-0.032787518759698306
3-ethylpyridine,536-78-7,C(C)C=1C=NC=CC1,,chaos,-369.7210904,96.65199647,0.1874767988235834,-0.18701856960848107,-0.05652946146418428
3-ethylpentane,617-78-7,C(C)C(CC)CC,,chaos,274.6465875,58.03575735,-0.26042762752582815,0.031435003075955564,-0.029837351403345976
3-ethylthiophene,1795-01-3,C(C)C1=CSC=C1,,chaos,214.8699527,0.250521944,-0.1198064536579637,0.042580011283654885,0.04002903362114335
3-ethylstyrene,7525-62-4,C(C)C=1C=C(C=C)C=CC1,,chaos,215.2813643,21.21763313,-0.12033250732948732,0.032716323431625526,0.04421222195289309
3-fluorobenzonitrile,403-54-3,FC=1C=C(C#N)C=CC1,,chaos,0.145735114,-18.69314878,0.08730269016297516,0.012796016611296566,0.10317695094166576
3-fluorotoluene,352-70-5,FC=1C=C(C)C=CC1,,chaos,217.5822126,11.43270808,-0.11709814044128493,0.04252995312461787,0.04612760959919776
3-heptanone,106-35-4,CCC(CCCC)=O,,chaos,-120.484009,78.61881119,0.0497705200713708,-0.11044569117373178,-0.01897532044506834
3-hexanone,589-38-8,CCC(CCC)=O,,chaos,-127.0612094,76.51859255,0.07707749064674281,-0.10838618160970835,0.011139742710441398
3-heptyne,2586-89-2,CCC#CCCC,,chaos,188.7841331,43.71828326,-0.1443294725781789,0.005962889651722722,0.010121877438039068
3-hexyne,928-49-4,CCC#CCC,,chaos,172.6072003,42.30193587,-0.1206708544471215,0.0031904125066403526,0.02568725272207562
3-hydroxy-3-methylbutanoicacid,625-08-1,OC(CC(=O)O)(C)C,,ours,-163.4938042,-287.7610057,0.2735493963822526,0.26493498653400355,-0.08371940411131595
3-methoxy-1-propanamine,5332-73-0,COCCCN,,chaos,-609.2352639,112.9365867,0.34261671127894094,-0.3161932599164604,-0.11512941510005718
3-methoxy-1-butanol,2517-43-3,COC(CCO)C,,chaos_no_stereo,-258.9155934,-96.27925662,0.15775925635015225,-0.18130576068693613,-0.010471014482469555
3-methoxy-2-methyl-1-propene,22418-49-1,COCC(=C)C,,chaos,-122.1857041,78.79346537,0.030821428966225684,-0.10676726915856105,-0.029736261663193906
3-methoxyaniline,536-90-3,COC=1C=C(N)C=CC1,,chaos,-109.4100475,-52.53980217,0.21083408784697277,0.12346015566766984,0.03707009344806503
3-methoxyphenol,150-19-6,COC=1C=C(C=CC1)O,,chaos,-6.129573002,-417.7609631,0.2989741332246723,0.42293737950645216,-0.06486045745819538
3-methoxypropanenitrile,110-67-8,COCCC#N,,chaos,-73.58991849,-1.517125009,0.21609302012010695,-0.0241700230912721,0.2295293837639887
3-methyl-1-butanethiol,541-31-1,CC(CCS)C,,chaos,87.67630743,16.73502138,-0.10464368606726827,0.006184800087077903,0.013200886087149389
3-methyl-2-buten-1-ol,556-82-1,CC(=CCO)C,,chaos,-218.354303,-150.5375978,0.17704413259341595,0.06194125665610975,-0.09718505672676886
3-methyl-2-butenal,107-86-8,CC(=CC=O)C,,chaos,-161.1377026,59.56714763,0.11624294476310579,-0.11463815089343045,0.04315091608932502
3-methyl-2-butanamine,598-74-3,CC(C(C)N)C,,chaos,-594.9442964,125.9980906,0.17180433940283946,-0.20070777974323079,-0.13664359395760223
3-methyl-3-buten-2-one,814-78-8,CC(C(C)=O)=C,,chaos,-124.3711811,61.0102704,0.12376882974826048,-0.0895155320171646,0.07319303993058941
3-methyl-2-thiabutane,1551-21-9,CC(SC)C,,chaos,44.3077627,54.41532126,-0.05750558434054184,-0.033401990603995596,0.01930954105001536
3-methyl-3-pentanol,77-74-7,CC(CC)(CC)O,,chaos,-216.1170763,-123.7294816,0.1304874219248981,0.051714628371315415,-0.1414132101849394
3-methylaniline,108-44-1,CC=1C=C(N)C=CC1,,chaos,-126.2212716,-49.98617616,0.1906413316049697,0.10737765905408025,0.003111481653735302
3-methyl-hexane,589-34-4,CC(CC)CCC,,chaos,274.8814074,58.76985478,-0.2655234910030187,0.03053030156966338,-0.03446746550274439
3-methyl-cis-2-pentene,922-62-3,CC\C(C)=C/C,,chaos,220.3420525,53.16343956,-0.20387635737235965,0.01731255527258191,-0.010045961477375366
3-methyl-n-(3-methylbutyl)-1-butanamine,544-00-3,CC(C)CCNCCC(C)C,,chaos,-495.9488805,140.5473782,-0.23058476578676895,0.035665586962318654,-0.020309964854432063
3-methyl-nonane,5911-04-06 00:00:00,CC(CC)CCCCCC,,chaos,273.7298436,58.55838647,-0.26699375630362254,0.03019781877924543,-0.03560566709350301
3-methylbutanal,590-86-3,CC(CC=O)C,,chaos,-75.11582908,58.42617842,0.08261161948052119,-0.08742193530682861,0.0564524838729959
3-methylanisole,100-84-5,CC=1C=C(C=CC1)OC,,chaos,74.97177072,33.68454974,-0.04565193692364769,-0.0061212288087480315,0.042902236702062106
3-methylbenzonitrile,620-22-4,CC=1C=C(C#N)C=CC1,,chaos,-26.29947906,24.95876698,0.06596932370104362,-0.0297137986770988,0.08786732954523462
3-methylbutanoicacidethylester,108-64-5,CCOC(=O)CC(C)C,,chaos,-56.73619919,69.46439235,0.017936636360753332,-0.09506143694232601,-0.012018762040338315
3-methylbenzoylchloride,1711-06-4,CC=1C=C(C(=O)Cl)C=CC1,,chaos,180.8218748,12.31195426,-0.09312004622394975,0.019631806733002927,0.04119972345772936
3-methylbutanenitrile,625-28-5,CC(CC#N)C,,chaos,-72.25061078,37.11336739,0.10710227041546706,-0.05942105759254922,0.10409527547201204
3-methylcyclohexanol,591-23-1,CC1CC(CCC1)O,,chaos,-202.9575759,-144.221335,0.1412929378166772,0.03594977284143394,-0.14327452451586417
3-methylcyclohexanone,591-24-2,CC1CC(CCC1)=O,,chaos,-148.3898529,77.93538751,0.10401581970463358,-0.1322388688044104,0.02314400027056847
3-methylheptane,589-81-1,CC(CC)CCCC,,chaos,274.4359595,58.76014147,-0.2663059739344265,0.03038300198084505,-0.034656090791899415
3-methylcyclohexene,591-48-0,CC1C=CCCC1,,chaos,208.9248893,54.70849563,-0.20481973481820345,0.012044943577924848,-0.019703934729573398
3-methylstyrene,100-80-1,CC=1C=C(C=C)C=CC1,,chaos,211.4352671,17.32069673,-0.10232404934008135,0.035657736461463876,0.057067854332416346
3-methylpentanoic-acid,105-43-1,CC(CC(=O)O)CC,,chaos,-73.82214751,-356.5803117,0.21726869257692716,0.3148853986944184,-0.14808104405422287
3-methyloctane,2216-33-3,CC(CC)CCCCC,,chaos,274.1411042,58.69213384,-0.26671580073223033,0.03026863895614803,-0.03513247423794672
3-methylundecane,1002-43-3,CC(CC)CCCCCCCC,,chaos,273.2592371,58.49898462,-0.26856074864380347,0.030068506080909,-0.03690757896289857
3-octanone,106-68-3,CCC(CCCCC)=O,,chaos,-118.214573,80.89652732,0.04136624972870864,-0.10737587320405313,-0.020805505073998573
3-nonanone,925-78-0,CCC(CCCCCC)=O,,chaos,-113.8478488,82.62482729,0.020208576627508523,-0.1079424749127029,-0.04215485117794019
3-octanol,589-98-0,CCC(CCCCC)O,,chaos,-188.6728455,-139.9601425,0.10180949457080635,0.07062617651848191,-0.1654212641044023
"3-oxiranyl-7-oxabicyclo[4,1,0]heptane",106-87-6,O1C(C1)C1CC2OC2CC1,,chaos,-107.5324966,57.4262467,0.10241149747637299,-0.09198869724735563,0.08097861762326596
3-octyne,15232-76-5,CCC#CCCCC,,chaos,189.2957212,45.78271014,-0.15421958563110283,0.005560058127494407,0.0025492622512052086
3-oxobutanoicacidbutylester,591-60-6,CCCCOC(=O)CC(C)=O,,chaos,-49.4336008,31.97005724,0.07218330165489456,-0.05949188453213612,0.06215069937466727
3-oxobutanoicacid-2-propenylester,1118-84-9,C(C=C)OC(CC(C)=O)=O,,chaos,-34.99746792,14.0976995,0.11671748409176289,-0.030453770521462687,0.12281000192054127
3-oxobutanoicacid-1-methylethylester,542-08-5,CC(C)OC(CC(C)=O)=O,,ours,-54.30278699,30.80471749,0.09391012836412833,-0.06462323995307484,0.08343507765277744
3-phenyl-2-propenal,104-55-2,C1(=CC=CC=C1)C=CC=O,,chaos_no_stereo,-118.7805724,31.81264407,0.13679118677793636,-0.036268925263186695,0.09907246204808827
3-phenyl-2-cyclopenten-1-one,3810-26-2,C1(=CC=CC=C1)C1=CC(CC1)=O,,ours,-178.0307046,47.10564303,0.16399847024528735,-0.10889849676389124,0.06163112711382218
3-pyridinemethanol,100-55-0,N1=CC(=CC=C1)CO,,chaos,-266.0002551,-176.3335095,0.28654306616723946,0.07918102100909778,-0.012585232445995026
3-pyridinemethanamine,3731-52-0,N1=CC(=CC=C1)CN,,chaos,-485.6660456,61.43485923,0.3612529831366551,-0.1743026181645079,0.049110507810591335
3-pyrroline,109-96-6,N1CC=CC1,,chaos,-559.5759711,95.08566198,0.27336187363253545,-0.19425906968772938,-0.06898191444539169
3-thiophenecarboxaldehyde,498-62-4,S1C=C(C=C1)C=O,,chaos,-80.9921779,-14.41676145,0.1361293027911602,-0.017304651358810808,0.09145105171794735
"4,4-dimethyl-1-pentene",762-62-9,CC(CC=C)(C)C,,chaos,234.9277928,49.68679592,-0.2052952032003692,0.019924604022970766,-0.012673339498183096
"4,4-dimethyl-2-pentanone",590-50-1,CC(CC(C)=O)(C)C,,chaos,-121.3559234,75.34715158,0.06987408483666056,-0.11997548236714409,-0.002893285895748118
"4,4-dimethylcyclohexene",14072-86-7,CC1(CC=CCC1)C,,chaos,220.4268727,53.46679834,-0.2147565956534484,0.017192719279238163,-0.01930822211974851
"4,5-dihydro-2-methylthiazole",2346-00-1,CC=1SCCN1,,ours,-281.397617,75.14091044,0.17847525536616693,-0.1658301712185552,-0.015086678882904644
4-(1-methylethyl)pyridine,696-30-0,CC(C)C1=CC=NC=C1,,chaos,-378.2137464,102.7700716,0.17078416459492826,-0.18661740512440714,-0.0668378926986042
4-(aminomethyl)pyridine,3731-53-1,NCC1=CC=NC=C1,,chaos,-455.016824,55.13306389,0.35491493756670645,-0.1689426329242259,0.0489505250644544
4-(tert-butyl)pyridine,3978-81-2,C(C)(C)(C)C1=CC=NC=C1,,chaos,-373.126201,104.7548798,0.17300426081394107,-0.20019019506372976,-0.08713446214665145
4-bromopyridine,1120-87-2,BrC1=CC=NC=C1,,chaos,-288.6780382,47.49485526,0.15812112236405143,-0.11985185720448294,-0.026368928181786586
4-butylmorpholine,1005-67-0,C(CCC)N1CCOCC1,,chaos,-334.467432,115.1527622,0.0999528125657664,-0.18985820006228338,-0.1000459061176221
4-chloro-3-oxobutanoicacidethylester,638-07-3,CCOC(=O)CC(=O)CCl,,chaos,-0.871981818,-35.17417683,0.05827746648181226,-0.007223024699321183,0.09252873406002628
4-chloroanisole,623-12-1,ClC1=CC=C(C=C1)OC,,chaos,110.4995354,9.764703158,-0.05713668819691776,0.02759449035156625,0.04677879976025513
4-chloropyridine,626-61-9,ClC1=CC=NC=C1,,chaos,-297.7453472,49.5079933,0.1631382837563631,-0.11890037053948371,-0.02340328826417912
4-decanol,2051-31-2,CCCC(CCCCCC)O,,chaos,-181.8940664,-135.7120169,0.07801075488802516,0.062390520295865934,-0.1660161299633634
4-decanone,624-16-8,CCCC(CCCCCC)=O,,chaos,-106.4544819,84.72302286,0.0005704064076367209,-0.10140115318520114,-0.04631435692748547
"4-ethyl-1,2-dimethylbenzene",934-80-5,C(C)C1=CC(=C(C=C1)C)C,,chaos,217.8244071,36.66646613,-0.1565099578992159,0.01833707431555826,0.01955193392343352
4-ethyl-2-methoxyphenol,2785-89-9,C(C)C1=CC(=C(C=C1)O)OC,,chaos,-7.256285707,-266.317938,0.11275286951139168,0.1911127527394562,-0.062417575048010175
4-ethylaniline,589-16-2,C(C)C1=CC=C(N)C=C1,,chaos,-141.9141558,-41.47345918,0.17403202349873517,0.07902838377864504,-0.027592127258456448
4-ethylacetophenone,937-30-4,CCc1ccc(cc1)C(C)=O,,chaos,-106.458459,58.77026782,0.06479255664403662,-0.0830305911131428,0.018391051677670526
4-ethylpyridine,536-75-4,C(C)C1=CC=NC=C1,,chaos,-380.5601306,99.31875042,0.1894079106179207,-0.189071640082662,-0.05281073364438654
4-ethylstyrene,3454-07-07 00:00:00,C(C)C1=CC=C(C=C)C=C1,,chaos,215.0407774,21.23564682,-0.11922627115926966,0.03281589454173113,0.04441492749896744
4-fluoroacetophenone,403-42-9,CC(=O)c1ccc(F)cc1,,chaos,-90.22336714,28.57767407,0.09735018533224422,-0.04917609350250368,0.05417493842032982
4-fluoroanisole,459-60-9,FC1=CC=C(C=C1)OC,,chaos,92.28523682,12.01373205,-0.02751955166749841,0.019951893282150922,0.05360349979488399
4-fluorobenzaldehyde,459-57-4,FC1=CC=C(C=O)C=C1,,chaos,-58.19621406,13.91386228,0.10079573751179144,-0.01812587968390975,0.07659720163864907
4-fluorotoluene,352-32-9,FC1=CC=C(C)C=C1,,chaos,217.2710254,9.624479531,-0.11562186719883662,0.044323882006238144,0.046818077705406365
4-heptanone,123-19-3,CCCC(CCC)=O,,chaos,-115.009115,79.16183932,0.05938237760184154,-0.10987429566031412,-0.007635100642615995
4-fluorostyrene,405-99-2,FC1=CC=C(C=C)C=C1,,chaos,213.0080736,-3.774728552,-0.08297348574883529,0.05674274897343412,0.06478871638902352
4-heptanol,589-55-9,CCCC(CCC)O,,chaos,-193.0318819,-140.1301057,0.10910058061781318,0.06607105462752201,-0.1537691686481922
4-methoxy-4-methyl-pentan-2-one,107-70-0,COC(CC(C)=O)(C)C,,chaos,-145.7343649,70.43625172,0.08537699213534329,-0.11535442190218895,0.01185212901566391
4-methoxybenzaldehyde,123-11-5,COC1=CC=C(C=O)C=C1,,chaos,-98.6096483,32.16977771,0.1213156669430056,-0.043628751254684864,0.09238522132514995
"4-methyl-1,3-pentadiene",926-56-7,CC(=CC=C)C,,chaos,211.234141,34.10620666,-0.13019311063586808,0.02223023081689215,0.03670158539520486
"4-methyl-1,3-dioxane",1120-97-4,CC1OCOCC1,,chaos,-133.7648302,64.21087864,0.09879476067754539,-0.10448667363884902,0.05223655508054624
4-methyl-1-hexene,3769-23-1,CC(CC=C)CC,,chaos_no_stereo,236.4525818,50.60858458,-0.2091976168493666,0.02023271592150349,-0.01623130731022219
4-methyl-1-pentanol,626-89-1,CC(CCCO)C,,chaos,-198.8244493,-168.8499258,0.13637231969048808,0.08886958760439917,-0.15053150923697536
"4-methyl-2,3-pentanedione",7493-58-5,CC(C(C(C)=O)=O)C,,ours,16.04900697,41.27656674,0.039535816345621505,-0.04107679757075253,0.08125878452323838
4-methyl-2-pentanol,108-11-2,CC(CC(C)O)C,,chaos,-201.1977369,-146.2316992,0.12809480141282617,0.06239465938549959,-0.1439088562035939
4-methyl-3-penten-2-one,141-79-7,CC(=CC(C)=O)C,,chaos,-168.2773668,74.95189228,0.10928315028216846,-0.12140803660203432,0.0216994292026059
4-methyl-3-heptanol,14979-39-6,CC(C(CC)O)CCC,,chaos,-175.5829677,-139.44254,0.09285211528811989,0.07081481781860649,-0.15638012936925358
4-methyl-5-vinylthiazole,1759-28-0,CC=1N=CSC1C=C,,chaos,-242.4397609,31.78964231,0.1335958838262002,-0.10589915004518692,-0.035972958742402764
4-methyl-4-heptanol,598-01-6,CC(CCC)(CCC)O,,chaos,-204.8369207,-123.8212887,0.1053046037896164,0.03363238728564976,-0.15006641663128276
4-methylacetophenone,122-00-9,CC(=O)c1ccc(C)cc1,,chaos,-109.034039,54.15645634,0.08754247222879159,-0.08044758140375925,0.039823284090970766
4-methyl-nonane,17301-94-9,CC(CCC)CCCCC,,chaos,273.8060239,58.62316078,-0.26804365372260575,0.030187502273484504,-0.03632393068858384
4-methyl-pentylamine,5344-20-7,CC(CCCN)C,,chaos,-594.5835586,121.3159586,0.26023152485191553,-0.27279314240994196,-0.1728136950194193
4-methylanisole,104-93-8,CC1=CC=C(C=C1)OC,,chaos,66.75195262,34.89858729,-0.04596386320984425,-0.006395789838866669,0.04268395365041977
4-methylbenzaldehyde,104-87-0,CC1=CC=C(C=O)C=C1,,chaos,-78.17564048,44.76393885,0.0809244531487913,-0.050097501070327455,0.06561932374586117
4-methylcyclohexanol,589-91-3,CC1CCC(CC1)O,,chaos,-205.1004394,-144.4268198,0.13944599605203684,0.043511314352966374,-0.14231511716492093
4-methylene-2-oxetanone,674-82-8,C=C1CC(O1)=O,,chaos,65.3141737,-32.34004768,0.11663312560268975,0.06428219409396023,0.18112483203343216
4-methylcyclohexanone,589-92-4,CC1CCC(CC1)=O,,chaos,-147.6551851,76.56345646,0.10565982037668134,-0.131238077202691,0.023361142225580025
4-methylbenzoylchloride,874-60-2,CC1=CC=C(C(=O)Cl)C=C1,,chaos,173.1865329,11.8664127,-0.08711158457552816,0.016677082810994667,0.04273295869162366
4-methylcyclohexene,591-47-9,CC1CC=CCC1,,chaos,205.0480498,54.65007102,-0.20138018261641244,0.011436527808408743,-0.018584393115235243
4-methylcyclopentene,1759-81-5,CC1CC=CC1,,chaos,211.2646854,51.31520193,-0.2091020088594725,0.021674766092284806,-0.014756471125875855
4-methylheptane,589-53-7,CC(CCC)CCC,,chaos,274.5107069,58.74889476,-0.2648819858475539,0.030373492530847354,-0.03319829137652109
4-methyloctane,221-34-4,CC(CCC)CCCC,,chaos,274.0040887,58.60735868,-0.26681717001377037,0.03030107496629964,-0.03561169289446955
4-methylpentanitrile,542-54-1,CC(C)CCC#N,,chaos,-69.33045178,37.38624637,0.08762501160911869,-0.0645389912630643,0.0723746047091647
4-methylpiperidine,626-58-4,CC1CCNCC1,,chaos,-568.4804429,126.2855694,0.22118808689520958,-0.27078586280723693,-0.16575120798268905
4-methylstyrene,622-97-9,CC1=CC=C(C=C)C=C1,,chaos,211.2427088,17.36342173,-0.10090491394186331,0.03547528829023943,0.05849265804999958
4-methylthiazole,693-95-8,CC=1N=CSC1,,chaos,-250.955511,27.38657661,0.18019683814105372,-0.11554274565795564,-0.018053375958875326
4-morpholinepropanamine,123-00-2,N1(CCOCC1)CCCN,,chaos,-662.8665978,123.7985115,0.3293698257420109,-0.3090359170306619,-0.09555289164019612
4-octyne,1942-45-6,CCCC#CCCC,,chaos,177.7613491,48.74050148,-0.15619234565939125,0.005751606884381015,0.0054949058770969285
4-pentenal,2100-17-6,C(CCC=C)=O,,chaos,-57.80942169,38.63313292,0.11798468148080256,-0.05951359850919975,0.1124544665224857
4-pentenoicacid,591-80-0,C(CCC=C)(=O)O,,chaos,-65.16270073,-378.3864564,0.28175368894512437,0.3458691924222548,-0.08343517216210068
4-phenyl-2-butanone,2550-26-7,C1(=CC=CC=C1)CCC(C)=O,,chaos,-93.61067836,50.05088535,0.08473978264679168,-0.0891952213156032,0.03650772598618254
4-pyridinecarboxaldehyde,872-85-5,N1=CC=C(C=C1)C=O,,chaos,-262.3447385,40.6463558,0.2489479073940782,-0.08033360005573918,0.0968275344470673
4-vinylcyclohexene,100-40-3,C(=C)C1CC=CCC1,,chaos,205.0563018,41.99133282,-0.15907119396627545,0.0119487354056219,0.007801272142149253
4-vinylpyridine,100-43-6,C(=C)C1=CC=NC=C1,,chaos,-350.5828561,74.65368741,0.21151882350642168,-0.1460307171120336,-0.011659171766352639
5-ethylidene-2-norbornene,16219-75-3,C(C)=C1C2C=CC(C1)C2,,chaos_no_stereo,194.8994953,44.84792133,-0.16875031150756356,0.01538437686621479,0.00275870634402907
5-decyne,1942-46-7,CCCCC#CCCCC,,chaos,193.8676583,49.65662597,-0.17336700964622445,0.007998126495043344,-0.003970772933200369
5-ethyldihydro-2(3h)-furanone,695-06-7,C(C)C1CCC(O1)=O,,chaos,-108.2411991,45.64082599,0.15513203144760182,-0.09308217080399585,0.12942539191963523
5-hexenoicacid,1577-22-6,C(CCCC=C)(=O)O,,chaos,-69.38213408,-364.5616117,0.24526520252450448,0.30015940805863045,-0.10761248681948839
5-methyl-2(3h)-furanone,591-12-8,CC1=CCC(O1)=O,,chaos,-33.6896411,17.06127203,0.13696782753421372,-0.03621849495943177,0.15874793172102697
5-methyl-1-hexyne,2203-80-7,CC(CCC#C)C,,chaos,190.462397,-54.23419201,-0.06439881940283244,0.1106801286246957,0.005806837572479784
5-methyl-2-hexanone,110-12-3,CC(CCC(C)=O)C,,chaos,-130.1059043,74.2263636,0.07497495268129371,-0.12151111770013243,-0.005893093411972979
5-methyl-2-hexyne,53566-37-3,CC(CC#CC)C,,chaos,185.785358,40.28615231,-0.13482531232936423,0.00907628553419782,0.01683889655079703
5-methyl-nonane,15869-85-9,CC(CCCC)CCCC,,chaos,273.8117258,58.59728112,-0.2674555691767835,0.030178015973166286,-0.03609663446501938
5-methylhexanoicacid,628-46-6,CC(CCCC(=O)O)C,,chaos,-74.51851136,-351.3192685,0.20617167816245205,0.33218686273815473,-0.15953734262203081
5-nonanone,502-56-7,CCCCC(CCCC)=O,,chaos,-114.5889414,83.92715317,0.032198615430714624,-0.12241732419959166,-0.043409500488021606
5-undecyne,2294-72-6,CCCCC#CCCCCC,,chaos,119.4386979,61.47368903,-0.17471380968665126,0.0032409441577023407,-0.011537967906141873
6-heptenoicacid,1119-60-4,C(CCCCC=C)(=O)O,,chaos,-65.15511099,-361.8494998,0.220801304617754,0.2900438867862772,-0.12631242321816302
6-methyl-5-hepten-2-one,110-93-0,CC(=CCCC(C)=O)C,,chaos,-115.2428391,67.91693133,0.0642973769283216,-0.11991746361810159,-0.011671664507960136
6-methylheptan-3-ol,18720-66-6,CC(CCC(CC)O)C,,chaos,-188.8023416,-138.5760343,0.1022982746811716,0.08028310517419143,-0.1641325817054927
"7-oxabicyclo[4,1,0]heptane",286-20-4,C12CCCCC2O1,,chaos,-121.5422239,81.48044268,0.037946183902719234,-0.11071563892111926,-0.010640737635857283
8-chloroquinoline,611-33-6,ClC=1C=CC=C2C=CC=NC12,,chaos,-204.2128443,46.76087849,0.1514416231692822,-0.10381282147755432,-0.030114075659127902
8-methylquinoline,611-32-5,CC=1C=CC=C2C=CC=NC12,,chaos,-212.8118887,66.70012476,0.11526862960021309,-0.11872885568805235,-0.0552983025892094
"9,12,15-octadecatrienoicacid",463-40-1,C(CCCCCCCC=CCC=CCC=CCC)(=O)O,,chaos_no_stereo,-40.08263189,-350.7646726,-0.058711916319515244,-0.0776187991873514,-0.05508258696825208
9decenol1,13019-22-2,OCCCCCCCCC=C,,chaos,-183.0518249,-167.5672971,0.11511038471367317,0.08311579756181692,-0.1536356575407159
a-bromobutyricacid,80-58-0,CCC(Br)C(O)=O,,chaos,-4.669162825,-479.9306905,0.2989378858499051,0.46881983202859673,-0.11911725406823703
aceticacid-2-ethylhexylester,103-09-3,C(C)C(COC(C)=O)CCCC,,chaos_no_stereo,-75.20204283,78.3954037,-0.010765562164500775,-0.09011492239121885,-0.039194586952412576
aceticacid-2-propenylester,591-87-7,C(C=C)OC(C)=O,,chaos,-62.19740587,45.29400854,0.11095415596105132,-0.05367712136636086,0.10836462606741676
aceticacidcyclohexylester,622-45-7,CC(=O)OC1CCCCC1,,chaos,-82.70019449,72.69024965,0.03381243111729613,-0.10421192975959619,-0.014479909536762977
aceticaciddecylester,112-17-4,CCCCCCCCCCOC(C)=O,,chaos,-67.20950198,78.58759267,-0.08336706192008549,-0.058031709416209956,-0.04592939906881426
aceticacidheptylester,112-06-1,CCCCCCCOC(C)=O,,chaos,-76.62776027,74.84535189,0.001454719171202448,-0.09232872468196769,-0.030620501776684732
aceticacidphenylmethylester,140-11-4,CC(=O)OCc1ccccc1,,chaos,-52.44571654,40.86666085,0.06216994760656186,-0.04835462694754372,0.05349333385100128
aceticacidoctylester,112-14-1,CCCCCCCCOC(C)=O,,chaos,-75.46438835,76.31896338,-0.004585432666747314,-0.10030516784275412,-0.041604508195228485
aceticacidnonylester,143-13-5,CCCCCCCCCOC(C)=O,,chaos,-65.54150953,76.77036507,-0.019112487975837276,-0.09557175034826343,-0.04650282116213376
acetin,26446-35-5,CC(=O)OCC(O)CO,,chaos,-171.7470271,-208.7092711,0.23292106827907902,-0.011286872769787678,0.0833868174623155
acetonylacetone,110-13-4,C(C(=O)C)CC(C)=O,,chaos,-117.9159479,41.66083933,0.18508775150588982,-0.09127591117186933,0.16508208427500917
acetylbromide,506-96-7,C(C)(=O)Br,,chaos,184.6624891,-38.1515069,0.0005978523795757836,0.06340536195409598,0.11365538422778199
adipinsaeurediethylester,141-28-6,CCOC(=O)CCCCC(=O)OCC,3.0,chaos,-72.10726764,57.91405459,0.02282639167854575,-0.06114806739044264,0.028027933216144045
alkohol_c11_undecylen,112-43-6,OCCCCCCCCCC=C,,chaos,-180.2493405,-165.8516977,0.10699141216604435,0.07988174964132484,-0.1564622727034126
allylchloroformate,2937-50-0,C(C=C)OC(=O)Cl,,chaos,157.1920472,-4.43388124,-0.020568533717751077,0.035142764529903475,0.08767930948639197
allyl-propyl-disulfide,2179-59-1,C(C=C)SSCCC,,ours,204.8048388,17.29803067,-0.12988755355691484,0.030539562513771698,0.03536545672942918
allylacrylate,999-55-3,C(C=C)OC(C=C)=O,,chaos,-24.72927604,37.12464467,0.06290549983867721,-0.03106006894970587,0.08117685387660609
allylbenzene,300-57-2,C(C=C)C1=CC=CC=C1,,chaos,207.8808621,20.07592135,-0.11089463402208644,0.030839916739618122,0.04815858145554071
allylcyclopentane,3524-75-2,C(C=C)C1CCCC1,,ours,230.3933945,50.64607444,-0.21610038044904195,0.021577573195020332,-0.01741635539991116
allylidenediacetate,869-29-4,C(C=C)(CC(=O)[O-])CC(=O)[O-],,ours,-9.580148571,26.24206807,-0.11939534268604622,0.03219267835305719,0.041700336018485364
allylvinylether,3917-15-5,C(C=C)OC=C,,chaos,79.72245129,26.95001704,-0.025471756320742233,0.00038194615111441973,0.0570793919482286
alpha-methylacrolein,78-85-3,CC(=C)C=O,,chaos,-88.69359305,46.09015158,0.12256564254857277,-0.06361370187771366,0.10272916130812144
alpha-methylstyrene,98-83-9,CC(=C)C1=CC=CC=C1,,chaos,212.8191693,17.94537736,-0.11242634541881774,0.03409721615346601,0.04947196038872817
alpha-methylcyclopropanemethanol,765-42-4,CC(O)C1CC1,,chaos,-219.8037811,-129.2663766,0.19128750303060907,0.06329492198456892,-0.09050264372295945
amylpropionate,624-54-4,C(CCCC)OC(CC)=O,,chaos,-71.09858912,75.8602469,0.0103981096988202,-0.10411591968677956,-0.027000863399549626
amylvalerianate,2173-56-0,CCCCCOC(=O)CCCC,,chaos,-60.05752512,79.19587929,-0.014585885868218903,-0.09919015002001892,-0.0379938341455367
arsenictrichloride,7784-34-1,[As](Cl)(Cl)Cl,,chaos,228.4011688,-3.396534495,-0.10301008446026505,0.09567265490442511,0.03191615256297116
b-butyrolactone,3068-88-0,CC1CC(=O)O1,,chaos,-28.45375807,8.299815731,0.1808464582403674,-0.020416907839058043,0.24367705644770996
b-phenylethylacetate,103-45-7,CC(=O)OCCc1ccccc1,,chaos,-55.63181754,47.34447373,0.24315624971137714,-0.16135042764920238,-0.06092508929475061
bbr3,10294-33-4,BrB(Br)Br,,chaos,254.8245629,35.47967402,-0.22841985924924357,0.038298676662809276,-0.012093375007068323
benzenemethanethiol,100-53-8,C1(=CC=CC=C1)CS,,chaos,129.6147641,-15.16530027,-0.025943139969254295,0.038384248802534944,0.08949537730212218
benzenepropanol,122-97-4,C1(=CC=CC=C1)CCCO,,chaos,-172.8736729,-193.1333976,0.1187994551812934,-0.13872290268504353,-0.00869587711046089
benzenepropanenitrile,645-59-0,C1(=CC=CC=C1)CCC#N,,chaos,-44.29575748,13.48394482,0.12624580753557,-0.016870732800714276,0.13163602059379406
benzisoxazole,271-58-9,O1N=CC2=C1C=CC=C2,,ours,-123.2089717,-26.46547483,0.1065899026802985,-0.027379812721268944,0.04046244627720828
benzofuran,271-89-6,O1C=CC2=C1C=CC=C2,,chaos,191.8851657,-25.6540579,-0.052058143683889634,0.06994628011609619,0.06936190475070934
benzoicacidbutylester,136-60-7,CCCCOC(=O)c1ccccc1,,chaos,-19.83300104,53.71016238,-0.025609475902121606,-0.046274285656228105,-0.002617543466103803
benzoicacidpropylester,2315-68-6,CCCOC(=O)c1ccccc1,,chaos,-25.02724998,51.42102012,-0.011335052879947877,-0.0479199541498248,0.005449402817161889
benzoylchloride,98-88-4,C(C1=CC=CC=C1)(=O)Cl,,chaos,176.814541,0.321941766,-0.0707223032351586,0.03409351321675342,0.05833964814911418
benzoylbromide,618-32-6,C(C1=CC=CC=C1)(=O)Br,,chaos,192.7920737,-5.711960573,-0.08140386436340272,0.037237831280912015,0.0550949312172311
benzoylfluoride,455-32-3,C(C1=CC=CC=C1)(=O)F,,chaos,112.4440408,9.049117172,-0.01952385174628342,0.02061034707087259,0.0741560979039328
benzylfluoride,350-50-5,C(C1=CC=CC=C1)F,,chaos,158.0397624,7.370026437,-0.047316828493880234,0.04833896747954264,0.09157786966129962
benzylmethylsulfide,766-92-7,C(C1=CC=CC=C1)SC,,chaos,99.44562214,23.21357227,-0.037315534416786554,0.006600001350764762,0.0594381629560064
benzylmethylether,538-86-3,C(C1=CC=CC=C1)OC,,chaos,-134.3368406,65.27778018,0.035450555172827226,-0.07162367175912296,0.0041953099218013995
beta-propiolactone,57-57-8,C1(CCO1)=O,,chaos,-15.03454098,-11.24682775,0.24654047070155766,0.02048151310310528,0.3466265965666478
"bis(1,1-dimethylethyl)peroxide",110-05-4,CC(C)(C)OOC(C)(C)C,,chaos,-38.84078218,84.50546956,-0.07618943580113532,-0.06894439839200409,-0.05778861700464662
bis(2-chloroethyl)ether,111-44-4,ClCCOCCCl,,chaos,-40.60475168,14.24543192,0.02766213009839582,-0.007460643028921782,0.046340178696729614
"bis(1,1-dimethylethyl)disulfide",110-06-5,CC(C)(C)SSC(C)(C)C,,chaos,189.4570768,43.17525963,-0.16931968792141788,0.011118045885253953,0.002928329835132226
bis(trimethylsilyl)methane,2117-28-4,C[Si](C)(C)C[Si](C)(C)C,,chaos,262.9215655,53.24568584,-0.2330776497595748,0.027947729265290898,-0.018625322511129336
bromoaceticacidmethylester,96-32-2,COC(=O)CBr,,chaos,-6.565623509,-23.87957589,0.0967389776424848,0.004167973745570401,0.11004740258986126
bromocyclohexane,108-85-0,BrC1CCCCC1,,chaos,207.0959917,33.16105098,-0.15855499200093104,0.017538889478291922,0.015391903957716176
bromotrichloromethane,75-62-7,BrC(Cl)(Cl)Cl,,chaos,255.2018239,30.98890594,-0.2278736423941904,0.04056139023719764,-0.012422636107825822
butadione,431-03-8,CC(=O)C(C)=O,,chaos,-8.546440921,23.11974151,0.13968767122422363,-0.019133245434772798,0.1853168807773545
butanal,123-72-8,C(CCC)=O,,chaos,-87.44560932,54.10546393,0.11430429120466294,-0.08963868089612964,0.0864788640849174
"butanoicacid,anhydride",106-31-0,CCCC(=O)OC(=O)CCC,,chaos,-3.938031959,45.60684336,-0.002249329213488666,-0.03856852989486478,0.05134516354438099
butanethiol,109-79-5,C(CCC)S,,chaos,90.03590986,12.43760927,-0.09175346481025148,0.008516046344610223,0.02272092958290769
butanedioicacidethylmethylester,627-73-6,CCOC(=O)CCC(=O)OC,,chaos,-39.79938408,37.42452762,0.09412533435770483,-0.05430832199127941,0.09479874288154344
butylbenzene,104-51-8,C(CCC)C1=CC=CC=C1,,chaos,220.4490299,32.44760779,-0.16095157003826976,0.02554767584586992,0.01492692355530626
butylbutyrate,109-21-7,C(CCC)OC(CCC)=O,,chaos,-60.55521496,75.23216144,0.006866675392323852,-0.09975807652897341,-0.026395441671606616
butylcyclohexane,1678-93-9,C(CCC)C1CCCCC1,,chaos,273.1908205,58.3725421,-0.2717608216286741,0.030221647753523782,-0.039026463574372026
butylformate,592-84-7,C(CCC)OC=O,,chaos,-46.96723559,33.12547051,0.053613937661697156,-0.05127765078537809,0.03757305658898247
butylgylcidylether,2426-08-06 00:00:00,C(C1CO1)OCCCC,,chaos,-107.6578557,65.85925732,0.045432160563054304,-0.0912257821849236,-0.009560147330803995
butylcyclopentane,2040-95-1,C(CCC)C1CCCC1,,chaos,272.5758615,58.5888283,-0.2692604062772725,0.030037541060498933,-0.038601761077538564
butylhexanoate,626-82-4,C(CCC)OC(CCCCC)=O,,chaos,-61.61937896,79.6068295,-0.0055956797659617325,-0.10002078787012322,-0.03841153903843253
butyllactate,138-22-7,C(CCC)OC(C(O)C)=O,,chaos,-163.2767554,-73.92987509,0.09760972609259966,-0.040240011721668495,-0.031313928421763275
butyllaurate,106-18-3,C(CCC)OC(CCCCCCCCCCC)=O,3.0,chaos,-48.09872247,84.59080992,-0.08180815984986159,-0.0779990770343837,-0.07527874468527737
butylvinylether,111-34-2,C(CCC)OC=C,,chaos,64.0087277,52.32596909,-0.08298740759292318,-0.023610750348904332,-0.00452222973791171
butyloctanoate,589-75-3,C(CCC)OC(CCCCCCC)=O,,chaos,-59.63435374,82.29574194,-0.03254164816096569,-0.09566046243248806,-0.05284598370646141
butyricacid,107-92-6,C(CCC)(=O)O,,chaos,-85.75880976,-357.4735334,0.2684926386176349,0.312470702894168,-0.10105034433446346
butylnonanoate,50623-57-9,C(CCC)OC(CCCCCCCC)=O,,ours,-53.26203119,82.35727595,-0.03625255170892005,-0.10051612395913859,-0.06000791112373771
butylphenylether,1126-79-0,C(CCC)OC1=CC=CC=C1,,chaos,81.60268401,42.23906318,-0.07386352591919049,-0.010191897604294882,0.01153044616882824
butyraldoxime,110-69-0,C(CCC)=NO,,chaos_no_stereo,-118.7310224,-312.6084032,0.22162596820290406,0.25899101961357,-0.11645835670386713
butyrylchloride,141-75-3,C(CCC)(=O)Cl,,chaos,192.7055437,-0.902626852,-0.06375590205961262,0.025713123777478107,0.06315842277607146
caprylcapronate,6378-65-0,CCCCCCOC(=O)CCCCC,,chaos,-56.41788203,81.73298734,-0.020954683692797755,-0.09992470601779081,-0.05071421247193677
caprinitrile,1975-78-6,C(#N)CCCCCCCCC,,chaos,-59.01175834,51.52621693,0.014143649930218497,-0.06578627626370812,-0.002272163289228631
carbonochloridicacidmethylester,79-22-1,COC(Cl)=O,,chaos,144.9639869,-9.939848155,0.00492792108927612,0.03232261571685475,0.10727946460619406
carbonochloridicacidethylester,541-41-3,CCOC(Cl)=O,,chaos,148.5441731,10.10306861,-0.045559646630233264,0.006969940526997528,0.06565407890928752
ch2clbr,74-97-5,ClCBr,,chaos,197.7391113,-102.0579674,-0.013760676183466863,0.12403645596775797,0.0653352386480772
ch2br2,74-95-3,BrCBr,,chaos,198.4257916,-104.2497448,-0.02080404561974143,0.120254577984084,0.06416806877667758
chcl2br,75-27-4,ClC(Cl)Br,,chaos,207.6212214,-174.7332411,0.004956641505717707,0.22664661358516772,0.016575530070684286
chloroacetaldehyde,107-20-0,ClCC=O,,chaos,-1.542560345,-58.25125566,0.15349048312557703,0.07349891502761097,0.14877959910689875
chloroaceticacidmethylester,96-34-4,COC(=O)CCl,,chaos,-7.596266429,-25.25151036,0.10587378909256279,0.01021266124059362,0.11696578788099873
chloroacetone,78-95-5,ClCC(C)=O,,chaos,-45.20578554,-23.53750903,0.14058148839785622,-0.005755673407467077,0.12486260710474716
chloro(dimethyl)phosphine,811-62-1,ClP(C)C,,chaos,78.2661439,22.23986813,-0.03168848676240906,-0.003066015861384466,0.038356280975930655
chlorocyclohexane,542-18-7,ClC1CCCCC1,,chaos,207.9822095,36.26244613,-0.15654849955508496,0.016611757339535432,0.01596068535150988
chlorocyclopentane,930-28-9,ClC1CCCC1,,chaos,207.6751201,28.91586072,-0.14848434834318022,0.022262203451795356,0.020447827256533865
chloromethylchloroformate,22128-62-7,ClCOC(=O)Cl,,ours,177.9915582,-99.12319986,0.012751713169092543,0.11794042121630899,0.06768280209786966
chlorosulfonicacid,7790-94-5,ClS(=O)(=O)O,,chaos,62.71671333,-790.6940137,0.6121086891250844,0.894152292791529,-0.1153584851507287
chlorotriethoxysilane,4667-99-6,Cl[Si](OCC)(OCC)OCC,,chaos,25.38793704,61.54164424,-0.12510479102859823,-0.010284908895654091,-0.011181808280831327
"cis,cis,cis-1,2,3-trimethylcyclopentane",2613-69-6,CC1CCC(C)C1C,,chaos,273.1979018,58.34731689,-0.2643153543921453,0.030351557828323585,-0.033823992345355984
"cis-1,2-dimethylcyclohexane",583-57-3,C[C@H]1[C@H](CCCC1)C,,chaos_no_stereo,272.8310448,57.99382629,-0.26789229363281575,0.029999404379667638,-0.03700926502788079
"cis-1,3,5-hexatriene",2612-46-6,C=C\C=C/C=C,,chaos,213.5028534,15.15349084,-0.08812810287526726,0.041051315899266486,0.0668400667624675
"cis-1,3-dimethylcyclohexane",591-21-9,C[C@@H]1C[C@@H](CCC1)C,,chaos_no_stereo,272.5775927,58.26132893,-0.2672479177111005,0.029743166647620577,-0.03713859593259131
"cis-1,4-dimethylcyclohexane",624-29-3,C[C@@H]1CC[C@@H](CC1)C,,chaos,272.3036964,57.79669751,-0.2652334096231298,0.030092529063978767,-0.03484661075659698
cis-1-ethyl-2-methylcyclopentane,930-89-2,C(C)[C@H]1[C@H](CCC1)C,,chaos_no_stereo,273.0342636,58.34936164,-0.2680192119568091,0.030345348411304502,-0.03679633269813218
cis-1-propenylbenzene,766-90-5,C(=C/C)/C1=CC=CC=C1,,chaos,212.2364575,20.45405598,-0.11778080052738403,0.03095847582786726,0.045396976025740145
cis-3-heptene,7642-10-06 00:00:00,CC\C=C/CCC,,chaos,177.7549795,61.00405572,-0.21651535512179174,0.018527222491244427,-0.01726145361199363
cis-3-methyl-2-hexene,10574-36-4,CCC\C(C)=C/C,,chaos,218.1392334,54.68330817,-0.20937763672456425,0.016577866800716462,-0.014830511909840144
cis-3-methylcyclohexanol,5454-79-5,C[C@H]1C[C@H](CCC1)O,,chaos_no_stereo,-212.6451843,-140.959193,0.1412929378166772,0.03594977284143394,-0.14327452451586417
cis-3-octene,592-98-3,CC\C=C/CCCC,,chaos,187.7785735,60.46346412,-0.21960431135263617,0.017371958357637968,-0.022441958218223784
cis-4-octene,7642-15-1,CCC\C=C/CCC,,chaos,220.5767573,56.32102339,-0.22641941752004574,0.021229907119224036,-0.02035678056878844
cis-decalin,493-01-6,C1CCC[C@@H]2CCCC[C@H]12,,chaos,272.1858814,57.74981035,-0.2707507366308575,0.030353288631313126,-0.03810282262099723
cis-stilbene,645-49-8,C1(=CC=CC=C1)\C=C/C1=CC=CC=C1,,chaos,210.7269452,11.74721629,-0.10151312754279744,0.039757927605720396,0.05546283949479666
citral,5392-40-5,CC(C)=CCCC(C)=CC=O,,chaos_no_stereo,-143.6857025,71.40276228,0.048839658466743784,-0.11158324388843573,-0.016335914284716407
cis-perfluorodecalin,60433-11-6,FC1(C(C(C([C@@]2(C(C(C(C([C@]12F)(F)F)(F)F)(F)F)(F)F)F)(F)F)(F)F)(F)F)F,,ours,287.9103269,65.80424565,-0.2702045302883577,0.037830014183483335,-0.03796968524899935
crotylglycolether,52458-04-5,C(C=CC)OCCO,,chaos_no_stereo,-218.8154971,-121.3237359,0.1383531120017861,-0.12455106187743471,0.04148918875064244
cyanoaceticacidmethylester,105-34-0,COC(=O)CC#N,,chaos,-19.09753838,-74.37634413,0.279993071311493,0.14743946626135768,0.2444612348133036
cyanuricfluoride,675-14-9,Fc1nc(F)nc(F)n1,,chaos,107.5150803,-19.80208694,0.09801140769479139,0.17844257697835642,-0.004947691248721855
cyclobutanecarboxylicacid,3721-95-7,C1(CCC1)C(=O)O,,chaos,-79.87857762,-357.1684862,0.2525721777421891,0.3227090252626217,-0.12413670499310672
cycloheptane,291-64-5,C1CCCCCC1,,chaos,273.8390591,59.15739314,-0.27154022664529076,0.03014507566833845,-0.03902560018410603
cycloheptanone,502-42-1,C1(CCCCCC1)=O,,chaos,-158.3769901,80.02513378,0.11065900524632866,-0.14280819143945886,0.01811378248397901
cycloheptatriene,544-25-2,C1=CC=CC=CC1,,chaos,188.4244143,24.64429304,-0.1008254903044953,0.02652968883855348,0.050056058725526736
cycloheptene,628-92-2,C1=CCCCCC1,,chaos,196.6610854,56.66907818,-0.20727353136075607,0.011763096192751897,-0.02196356531390862
cyclohexanethiol,1569-69-3,C1(CCCCC1)S,,chaos,84.47534724,28.54738916,-0.09387024027518422,-0.010171624964516892,0.004147752736703957
cyclohexaneethanol,4442-79-9,C1(CCCCC1)CCO,,chaos,-196.9692221,-166.400517,0.11638422111248116,0.08363212061316273,-0.1643634135412852
cyclohexanemethanol,100-49-2,C1(CCCCC1)CO,,chaos,-187.6705523,-168.7331489,0.1316869579710417,0.08503135864019418,-0.15554464377212215
cyclohexanemethylamine,3218-02-08 00:00:00,C1(CCCCC1)CN,,ours,-582.6104184,122.9347007,0.24938932014201168,-0.275713963342508,-0.16594390163768044
cyclohexyl-isocyanate,3173-53-3,C1(CCCCC1)N=C=O,,chaos,177.2917199,41.47264295,-0.13087749199926718,-0.0004336209135003915,0.026132413532797518
cyclohexylamine,108-91-8,C1(CCCCC1)N,,chaos,-595.9991044,123.8705688,0.2702272595625883,-0.27654157320643225,-0.16911277144274284
cyclohexyl-hydroperoxide,766-07-4,C1(CCCCC1)OO,,chaos,-66.73843246,-310.5564314,0.18494348395282845,0.2753259447092031,-0.11993108638499
cyclooctanamine,5452-37-9,C1(CCCCCCC1)N,,chaos,-609.6104896,130.667205,0.2678064775181436,-0.30315773571866006,-0.19789585651428512
cyclooctene,931-88-4,C1=CCCCCCC1,,chaos,202.2117722,56.79625954,-0.21229572173733638,0.01242366573833156,-0.025251193871366314
cyclopentanol,96-41-3,C1(CCCC1)O,,chaos,-215.6511801,-151.9452787,0.17170266539361206,0.03077096374907033,-0.10505445389112766
cyclopentanamine,1003-03-8,C1(CCCC1)N,,chaos,-602.8992208,117.7384466,0.2856461512011025,-0.2643052148172963,-0.14715258542301335
cyclopentanecarboxylicacid,3400-45-1,C1(CCCC1)C(=O)O,,chaos,-81.55583675,-351.6429742,0.22423822379985867,0.31381231498497963,-0.1439861756926442
cyclopropylbenzene,873-49-4,C1(CC1)C1=CC=CC=C1,,chaos,208.2103338,18.75963016,-0.0987118846839841,0.03425070975258363,0.05978820353368452
dalapon,75-99-0,CC(Cl)(Cl)C(O)=O,,chaos,32.25522043,-566.1703133,0.3817275314552242,0.6197719622242793,-0.12073537796485871
dcip,108-60-1,CC(CCl)OC(C)CCl,,chaos,-45.26437472,32.89337397,-0.006628319964953771,-0.028231026107303665,0.0064190557381225795
decamethylcyclopentasiloxane,541-02-6,C[Si]1(O[Si](O[Si](O[Si](O[Si](O1)(C)C)(C)C)(C)C)(C)C)C,5.0,ours,-320.4628421,122.4360613,-0.1725164699069695,0.001886330585396621,-0.019048602673761576
decanal,112-31-2,C(CCCCCCCCC)=O,,chaos,-61.67502838,69.80887381,-0.003111914994845702,-0.08748482148084868,-0.029990312421502237
decylbenzene,104-72-3,C(CCCCCCCCC)C1=CC=CC=C1,,chaos,232.9181499,40.29391497,-0.20228170895319908,0.02112888253510973,-0.013946120230331266
decanoicacidmethylester,110-42-9,CCCCCCCCCC(=O)OC,,chaos,-46.256955,72.08171115,-0.045507118731000225,-0.07660570285294173,-0.047353533040396495
decamethyltetrasiloxane,141-62-8,C[Si](O[Si](O[Si](O[Si](C)(C)C)(C)C)(C)C)(C)C,,chaos,-358.9364327,134.3055369,-0.022228993273324695,-0.13748028172220372,-0.1413963725439539
decansaeureethylester,110-38-3,CCCCCCCCCC(=O)OCC,,chaos,-50.81844448,78.58706064,-0.06323401212441378,-0.0767340373983909,-0.05839026572790453
decylcyclohexane,1795-16-0,C(CCCCCCCCC)C1CCCCC1,,chaos,272.0430285,58.05517522,-0.27141313191780886,0.029938766803606957,-0.03837336180447416
delta-decalactone,705-86-2,CCCCCC1CCCC(=O)O1,,chaos,-169.4287757,74.85743438,0.1029933372022248,-0.12804772822339555,0.01032336584809205
delta-dodecalactone,713-95-1,CCCCCCCC1CCCC(=O)O1,,chaos,-167.1844555,79.82744857,0.07746124815409765,-0.12742236117183678,-0.016720756016877208
di-2-furylmethane,1197-40-6,O1C(=CC=C1)CC=1OC=CC1,,chaos,172.5346363,-18.32179637,-0.028561210354744716,0.058794765312758804,0.08716564579452475
di-n-butylsulfide,544-40-1,C(CCC)SCCCC,,chaos,64.49640391,65.13233449,-0.13108820943304952,-0.022141435314569805,-0.020348854689808363
di-2-butylamine,626-23-3,CC(CC)NC(C)CC,,chaos,-510.672353,151.7230502,-0.010798162918881029,-0.14622512592976614,-0.14775968887687818
di-n-pentylether,693-65-2,C(CCCC)OCCCCC,,chaos,-153.9782763,111.1689007,-0.05571487104820449,-0.11428544617801692,-0.10748216506262545
diacetoxydimethylsilane,2182-66-3,C(C)(=O)O[Si](C)(C)OC(C)=O,,chaos,-63.46090163,50.18322802,0.07339822948229544,-0.06911995995984228,0.06326327013165182
diallylether,557-40-4,C(C=C)OCC=C,,chaos,-107.2579989,66.34446418,0.03067157262464056,-0.09603723416072632,-0.030362209473057306
diallylphthalate,131-17-9,C(C=C)OC(C=1C(C(=O)OCC=C)=CC=CC1)=O,,chaos,3.94674832,25.89572018,0.03129522868544822,-0.022385367975780727,0.05463688208704184
diallylsulfide,592-88-1,C(C=C)SCC=C,,chaos,124.4342506,26.67564708,-0.07848023277336891,0.006312514936597015,0.04098014247419194
dibutylamine,111-92-2,C(CCC)NCCCC,,chaos,-503.3378427,138.7593611,0.05918548215205277,-0.18334198895491124,-0.16839963406467504
dibutyloxalate,2050-60-4,C(CCC)OC(C(=O)OCCCC)=O,,chaos,-27.71002546,54.66597719,-0.036439283453965125,-0.0343410676152846,0.03244192905819809
dichloro(2-chlorovinyl)arsine,541-25-3,Cl[As](C=CCl)Cl,,chaos_no_stereo,200.1434027,-112.3746031,-0.04566038561948342,0.15386061463839276,0.01474307784994313
dichloroacetaldehyde,79-02-7,ClC(C=O)Cl,,chaos,100.2489038,-99.98888912,0.055343843968252635,0.11162443121583768,0.06357208907465477
dichlorodimethylsilane,72-78-5,Cl[Si](C)(C)Cl,,chaos,216.9571272,2.838767304,-0.14436561020847372,0.04333849775978672,0.03126962648730995
dichlorodiethylsilane,1719-53-5,Cl[Si](CC)(CC)Cl,,chaos,229.4890667,26.55943129,-0.19172404602520965,0.031483991729526845,0.005615350656806896
dichloroethylarsine,598-14-1,ClC(C[AsH2])Cl,,ours,214.0055581,-1.328630179,-0.0873142307526058,0.06942843539674917,0.04768278735234246
diethylaluminumchloride,96-10-6,C(C)[Al](CC)Cl,,ours,197.0939692,-16.50555337,0.05185694721772089,0.3014584300124542,-0.04879863090739064
diethyl-pimeliat,2050-20-6,CCOC(=O)CCCCCC(=O)OCC,,chaos,-75.25256523,61.35297288,0.02090300569255942,-0.08426255485312761,-0.0051520981304386555
diethylcarbamicchloride,88-10-8,C(C)N(C(=O)Cl)CC,,chaos,27.02872314,41.52064259,0.01481583368687749,-0.059217232791005645,0.03602322658397704
diethylaminopropylamine,104-78-9,C(C)N(CC)CCCN,,chaos,-675.449057,143.5794088,0.29285912461359387,-0.33992451122947737,-0.1933318944869407
diethyleneglycolmonoethylether,111-90-0,CCOCCOCCO,,chaos,-232.864977,-85.66597643,0.15634709794737356,-0.16404177795425898,0.011706330700818711
diethyldisulfide,110-80-6,C(C)SSCC,,chaos,196.7125672,24.39461128,-0.12679359440968824,0.024270722990236183,0.033200632017137265
diethyleneglycoldibutylether,112-73-2,CCCCOCCOCCOCCCC,,chaos,-425.3088299,131.324114,-0.01151854089733192,-0.11581307806802259,-0.07249742810765814
diethylcyanamide,617-83-4,C(C)N(C#N)CC,,chaos,-171.3770412,60.07444401,0.17428062002113437,-0.12466736595731295,0.11984840188724731
diethylmalonate,105-53-3,C(C)C(C(=O)[O-])(C(=O)[O-])CC,,ours,-29.72877396,25.74513004,0.012620985644114475,-0.08680178239431344,-0.031700612309187776
diethylphthalate,84-66-2,C(C)OC(C=1C(C(=O)OCC)=CC=CC1)=O,3.0,chaos,-22.198012,37.06863826,0.035669072585619306,-0.04422683822477867,0.046921923363953524
diethylsulfate,64-67-5,C(C)OS(=O)(=O)OCC,,ours,132.4150514,11.49654461,-0.021600324000029553,0.00857714395133076,0.10604542175895866
diethylsulfide,352-93-2,C(C)SCC,,chaos,36.88912285,56.93704219,-0.05513036619942416,-0.037866949335734916,0.016391539827687072
difluoroaceticacid,381-73-7,FC(C(=O)O)F,,chaos,19.29714029,-580.6247654,0.44978468325304855,0.6705606621888575,-0.13018949462798168
diisopropylamine,108-18-9,C(C)(C)NC(C)C,,chaos,-529.8107754,145.0923305,0.13030595315811805,-0.23162542884613768,-0.1781040162091174
diisopropylcyanamide,3085-76-5,C(C)(C)N(C#N)C(C)C,,chaos,-189.281329,74.34567229,0.12641809723869582,-0.13442673829067656,0.04118271592687021
dimethoxydimethylsilane,1112-39-6,CO[Si](C)(C)OC,,chaos,-162.0294093,87.57100329,0.06701868974245596,-0.11559713569195133,0.009651085106884148
dimethoxytetrahydrofuran,696-59-3,COC1(OCCC1)OC,,ours,-117.5993789,65.87445611,0.07820594627513566,-0.11542582235106312,0.009211885702546775
dimethyl-trisulfide,3658-80-8,CSSSC,,chaos,208.2201043,0.183896779,-0.11834107281870827,0.04129365607196768,0.04397575605994315
dimethylaminopropionitrile,1738-25-6,CN(C)C(C#N)C,,chaos_no_stereo,-238.5492463,44.07902418,0.13819543807947196,-0.08561980804068746,0.08650199681306521
dimethyl-t-butylamine,918-02-5,CN(C(C)(C)C)C,,chaos,-423.5723522,146.3913938,0.08214694485029414,-0.2219081362282972,-0.1768175390417095
dimethylcarbamoylchloride,79-44-7,CN(C(=O)Cl)C,,chaos,18.40290028,26.25207159,0.07234131139125122,-0.049173619687146244,0.09460371358941426
dimethylcyanamide,1467-79-4,CN(C#N)C,,chaos,-163.0688424,34.61786909,0.24382927376887986,-0.10001863065022122,0.2548387848689548
dimethyldiethoxysilane,78-62-6,C[Si](OCC)(OCC)C,,chaos,-164.5537783,96.43321956,0.03325516853345492,-0.11856124246579454,-0.029787523353096982
dimethylmaleate,624-48-6,C/C(=C(/C(=O)[O-])\C)/C(=O)[O-],,ours,-20.93528036,-2.210705584,-0.1253984223755635,0.03181410332812175,0.03795815442298081
dimethylmalonate,108-59-8,CC(C(=O)[O-])(C(=O)[O-])C,,ours,-25.09784425,7.168738726,0.005472866000943003,-0.0370448903234574,0.017750825446684125
dimethylphthalate,131-11-3,COC(C=1C(C(=O)OC)=CC=CC1)=O,3.0,chaos,-17.28894811,24.35976752,0.09348914829063473,-0.037202238288835926,0.10264295886088261
dimethylphenylsilane,766-77-8,C[SiH](C1=CC=CC=C1)C,,chaos,225.1526762,27.41982644,-0.1422966720909602,0.030973423264907443,0.029563507768124372
dimethylsulfate,77-78-1,COS(=O)(=O)OC,,chaos,135.9419906,-16.91573124,0.07853001645006429,0.05085546425630962,0.20638734698129932
dimetol,13254-34-7,CC(C)CCCC(C)(C)O,,chaos,-207.1201242,-120.8538085,0.09638023195739896,0.05534387873174771,-0.16530813484675844
dipropylamine,142-84-7,C(CC)NCCC,,chaos,-501.3436227,133.1088085,0.058264799019934435,-0.16386764764000594,-0.14424620824516746
dipropyleneglycoln-butylether,29911-28-2,CCCCOCC(C)OCC(C)O,,chaos,-246.521971,0.254933997,0.09444552153894367,-0.15896865908481558,-0.0574373288232014
dipropyldisulfide,629-19-6,C(CC)SSCCC,,chaos,208.06755,31.39993872,-0.16547595437518062,0.027476569887499042,0.013673287910554239
dl-pin-2(3)-ene,2437-95-8,CC1=CCC2CC1C2(C)C,,chaos,249.2103228,53.68500812,-0.237830850414674,0.026198850591321064,-0.024988628534229614
divinylsulfone,77-77-0,C(=C)S(=O)(=O)C=C,,chaos,-24.69532694,-36.58963531,0.1675411747439517,0.019660032656116665,0.19999364852618767
"dl-1,2-3,4-diepoxybutane",298-18-0,C1OC1C2CO2,,chaos,-58.58763677,19.18929818,0.17085774773018428,-0.017964011148877926,0.21835327079616135
dodecamethylcyclohexasiloxane,540-97-6,C[Si]1(O[Si](O[Si](O[Si](O[Si](O[Si](O1)(C)C)(C)C)(C)C)(C)C)(C)C)C,,ours,-209.4137548,106.9608834,-0.17961533424690063,0.0049107478499221344,-0.02156330871493332
dodecane,112-40-3,CCCCCCCCCCCC,,chaos,273.1027361,58.77394831,-0.2672346062613463,0.029725634600925165,-0.03620219334148141
ethanesulfonicacid,594-45-6,C(C)S(=O)(=O)O,,chaos,-26.59341844,-517.9059478,0.4696594352610008,0.5886107508993452,-0.027834676612952147
ethoxyethanol,110-80-5,C(C)OC(C)O,,ours,-229.0297249,-124.9442408,0.1660304692943469,0.10987722379569641,-0.07720066188227849
ethoxyquin,91-53-2,CCOc1ccc2NC(C)(C)C=C(C)c2c1,,chaos,-34.42195278,-3.544747348,0.056357505406441556,0.016388837140063443,-0.02735633905245086
ethoxytrimethylsilane,1825-62-3,C(C)O[Si](C)(C)C,,chaos,-212.6430007,108.8007459,-0.02200080577442535,-0.1091965446672151,-0.0739801961440444
ethyl-tert-butyl-disulfide,4151-69-3,C(C)SSC(C)(C)C,,chaos,196.3191958,34.88661767,-0.15879415481963494,0.01781153898178251,0.014796451612427982
ethyl3-ethoxypropanoate,763-69-9,C(C)OC(CCOCC)=O,,chaos,-98.41602897,63.2538024,0.07927356655219785,-0.10155765606117333,0.018012880785741234
ethylacetoacetate,414-97-9,C(C)OC(CC(=O)C)=O,,chaos,-50.60743723,21.54674437,0.12479685192667386,-0.05788823031185556,0.11602889857370245
ethylbenzene,100-41-4,C(C)C1=CC=CC=C1,,chaos,213.5659731,27.30578581,-0.12942437955322703,0.026475499479395478,0.03604322302641935
ethylbutyrate,105-54-4,C(C)OC(CCC)=O,,chaos,-64.11850032,68.09304524,0.015375535832843257,-0.0831317044511925,-0.0006938718334875404
ethylchloroacetate,105-39-5,C(C)OC(CCl)=O,,chaos,-17.11847409,-14.04084311,0.05882165259000314,-0.003899941499441041,0.07204813438427157
ethylcyclohexane,1678-91-7,C(C)C1CCCCC1,,chaos,273.8670483,58.57919306,-0.2713481163612499,0.03044415900254105,-0.03869021794397921
ethylcyclobutane,4806-61-5,C(C)C1CCC1,,chaos,272.6036971,58.46073039,-0.2633499408077108,0.030350035457730233,-0.03515229622362167
ethylcyclopentane,1640-89-7,C(C)C1CCCC1,,chaos,273.1912367,58.87739738,-0.2686619383676325,0.030165037599074383,-0.03821249655502974
ethylenecyanohydrin,109-78-4,C(CO)C#N,,chaos,-126.1078673,-273.9105822,0.4005939064896484,0.21258866277287505,0.24984114691894507
ethyleneglycolmonomethyletheracetate,110-49-6,COCCOC(C)=O,,chaos,-107.8770644,49.8242823,0.12756484519219338,-0.08475457956542419,0.09190059598441551
ethylenglycolmonobenzylether,622-08-2,OCCOCc1ccccc1,,chaos,-193.8850754,-120.6164988,0.14017041530807844,-0.10833014318755378,0.04756366734833041
ethylhexanoate,123-66-0,C(C)OC(CCCCC)=O,,chaos,-69.4457561,74.6639932,-0.010385316817089625,-0.08613593486064458,-0.029858541792639304
ethylheptanoate,106-30-9,C(C)OC(CCCCCC)=O,,chaos,-63.7083526,75.830543,-0.01805044777262801,-0.08705851989804136,-0.03570370522704879
ethylhydroperoxide,3031-74-1,C(C)OO,,chaos,-70.37716864,-337.4952339,0.2881706680645081,0.36046888820656,-0.06874900569064402
ethylisoamylketone,624-42-0,C(C)C(=O)CCC(C)C,,chaos,-117.9146146,80.11377904,0.04123901112175175,-0.11473945611825928,-0.02673293298228029
ethylidenecyclohexane,1003-64-1,C(C)=C1CCCCC1,,chaos,227.3942766,53.36563148,-0.21503710123853542,0.01682293494578802,-0.02037116639372427
ethylidenecyclopentane,2146-37-4,C(C)=C1CCCC1,,chaos,214.903551,55.36516849,-0.21242658813778068,0.014554204089126627,-0.021010861498434473
ethylmethacrylate,97-63-2,C(C)OC(C(=C)C)=O,,chaos,-60.21238158,63.87557553,0.012136274687629196,-0.06877210704508682,0.013146188980048728
ethylisopropylsulfide,5145-99-3,C(C)SC(C)C,,chaos,50.38634218,59.0118602,-0.06638308695594641,-0.04807304250516672,-0.005500883016141165
ethylisothiocyanate,543-85-8,C(C)N=C=S,,chaos,197.0475521,2.998164877,-0.07638613474446297,0.04156635565492862,0.07148648554280188
ethyln-propylsulfide,4110-50-3,C(C)SCCC,,ours,47.21623929,59.89027331,-0.07238386835991774,-0.03737358954189319,-0.0005142310892499633
ethyloctanoate,106-32-1,C(C)OC(CCCCCCC)=O,,chaos,-58.21588822,76.57073394,-0.027092008607566023,-0.0873003505094788,-0.044350766290731536
ethylphenylacetate,101-97-3,C(C)OC(CC1=CC=CC=C1)=O,,chaos,-49.37079386,45.04531456,0.0400293528475782,-0.05419297213828846,0.03520871371275717
ethylpelargonate,123-29-5,C(C)OC(CCCCCCCC)=O,,chaos,-58.73824593,78.05908047,-0.03697752107747015,-0.0863640246676009,-0.050876227506666497
ethylsuccinate,123-25-1,C(C)C(C(=O)[O-])CC(=O)[O-],3.0,ours,-39.11216833,44.13692123,-0.14404192331737523,0.029909426338517633,0.026851199027787643
ethylthiocyanate,542-90-5,C(C)SC#N,,chaos,-29.99087436,8.484085267,0.09939281686897766,-0.0225303781932971,0.11765390899909446
ethyltrichlorosilane,115-21-9,C(C)[Si](Cl)(Cl)Cl,,chaos,243.1061189,10.45903532,-0.20948402357120963,0.04182130465566253,-0.004320887698157522
ethylundecanoate,627-90-7,C(C)OC(CCCCCCCCCC)=O,,chaos,-49.02199559,79.68768576,-0.07421329794013662,-0.07423130157613131,-0.06621148983052848
ethyltrimethylacetate,3938-95-2,C(C)OC(C(C)(C)C)=O,,chaos,-80.96274143,78.81364747,0.005669269720095453,-0.09683943602833316,-0.026704786455604836
ethylvalerate,539-82-2,C(C)OC(CCCC)=O,,chaos,-70.72598485,72.40390807,0.0033919894635932976,-0.08598702651794445,-0.017568145416511652
eugenol,97-53-0,C=1(C(O)=CC=C(CC=C)C1)OC,,chaos,-0.513720524,-278.2624791,0.11726737234510372,0.2022883368122305,-0.05193934993396443
ethynylbenzene,536-74-3,C(#C)C1=CC=CC=C1,,chaos,192.1428343,-89.63129203,0.034743960012820915,0.18733439530758592,0.03024973405605167
fluoressigsaeure-methylester,453-18-9,COC(=O)CF,,chaos,-24.3218266,-11.33217296,0.1784284099309726,0.011737721289549613,0.19914770518614727
fluorosulfuricacid,7789-21-1,S(O)(=O)(=O)F,,chaos,53.79826341,-827.0036143,0.6488600578845297,0.939639116344483,-0.1481036595092826
formicacidpentylester,628-49-3,C(=O)OCCCCC,,chaos,-43.85451361,36.61379779,0.030502993604176652,-0.052307208535915625,0.019200741837080423
formicacidhexylester,629-33-4,CCCCCCOC=O,,chaos,-40.01502023,39.64024279,0.014439358393640517,-0.05401232540509223,0.003563929937701104
formicacidoctylester,112-32-3,CCCCCCCCOC=O,,chaos,-32.62726464,44.59107238,-0.015867621724028752,-0.05260933704089588,-0.0157432133515477
furfural,98-01-1,C(C1=CC=CO1)=O,,chaos,-98.00646998,-16.3738815,0.15523253054256594,0.009293280457118313,0.10861026567976761
furfurylamine,617-89-0,C(C1=CC=CO1)N,,chaos,-518.3489314,66.53570856,0.30733994229497985,-0.16189847834901375,-0.0325305317444402
gamma-aminopropyltriethoxysilane,919-30-2,NCCC[Si](OCC)(OCC)OCC,,chaos,-556.3531176,119.3894026,0.22660453097883945,-0.28484766401152123,-0.17664860926947654
glutaraldehyde,111-30-8,C(CCCC=O)=O,,chaos,-81.77000932,21.70180583,0.19638222330488628,-0.05236745463468663,0.22036265478771605
glycidylmethacrylate,106-91-2,C(C1CO1)OC(C(=C)C)=O,,chaos_no_stereo,-43.45638924,34.47390388,0.055057557545289744,-0.04478355292814461,0.06937847009475091
glycidylaldehyde,765-34-4,O=CC1CO1,,chaos_no_stereo,-18.4710896,-9.923137462,0.21071183036749522,0.02897213724339496,0.2777293694688986
glycolmethacrylate,868-77-9,CC(=C)C(=O)OCCO,,chaos,-185.876415,-168.6942944,0.14168019004822552,-0.12142716263384537,0.029119845007599135
h2o2,7722-84-1,OO,,chaos,-87.59575787,-393.1293264,0.47477558889601645,0.7281247758752913,-0.22607721166026412
heptanal,111-71-7,C(CCCCCC)=O,,chaos,-73.23543512,63.95550148,0.03937716098230922,-0.09117770971410714,0.004941792391535546
heptanedinitrile,646-20-8,C(CCCCCC#N)#N,,chaos,-73.98115312,5.03310583,0.220211401585459,-0.03267303358367232,0.2722123607092508
heptanenitrile,629-08-3,C(CCCCCC)#N,,chaos,-66.06046267,43.68343609,0.06013552937800154,-0.06269178867805583,0.04394211545289456
heptanoylchloride,2528-61-2,C(CCCCCC)(=O)Cl,,chaos,204.6013548,10.17614542,-0.11434331217577917,0.017280609933706653,0.02491067132329073
hexadecamethylheptasiloxane,541-01-5,C[Si](O[Si](O[Si](O[Si](O[Si](O[Si](O[Si](C)(C)C)(C)C)(C)C)(C)C)(C)C)(C)C)(C)C,,ours,-413.5395209,141.6910992,-0.18318815066794297,0.003947970181276439,-0.02085234610030045
hexahydro-1h-azepine,111-49-9,N1CCCCCC1,,chaos,-546.2604858,125.5446714,0.2078871624364486,-0.27086768292564434,-0.17677261919471263
hexamethyldisilazane,999-97-3,C[Si](N[Si](C)(C)C)(C)C,,chaos,-126.1841898,75.05869601,-0.16066597862737522,0.04567395473694008,-0.029192977815280366
hexahydroindene,496-10-6,C1CCC2CCCC=C12,,ours,271.9788461,58.3090179,-0.23595317378673247,0.021009732831754897,-0.026625874196402603
hexanal,66-25-1,C(CCCCC)=O,,chaos,-78.41121217,61.2440991,0.05963654603255936,-0.09201689364094753,0.023911469016146072
hexanenitrile,628-73-9,C(CCCCC)#N,,chaos,-69.3146765,40.18294894,0.08332374810118812,-0.06190286202069589,0.06737012545053048
hexylamine,111-26-2,C(CCCCC)N,,chaos,-601.7394197,123.7926474,0.25388051295390784,-0.26865226808860476,-0.1724551285596381
hexanoylchloride,142-61-0,C(CCCCC)(=O)Cl,,chaos,201.1144046,8.42338831,-0.1037689561373025,0.020674440444029888,0.0363671040557148
hexylbutyrate,2639-63-6,C(CCCCC)OC(CCC)=O,,chaos,-57.86018562,78.95836912,-0.014730196652538318,-0.09802713391615116,-0.04475334884314004
hexylbenzene,1077-16-3,C(CCCCC)C1=CC=CC=C1,,chaos,226.0140051,35.57630564,-0.17784518905306737,0.025116356305750903,0.0043938374217128325
hexyldecanoate,10448-26-7,C(CCCCC)OC(CCCCCCCCC)=O,,chaos,-49.93071889,84.95898976,-0.06595554132488134,-0.08075435548860056,-0.06202642603312406
hexyloctanoate,1117-55-1,C(CCCCC)OC(CCCCCCC)=O,,chaos,-52.2078152,83.41306772,-0.03323133009873595,-0.09646497954472018,-0.05668061150418839
hexyne,693-02-7,C#CCCCC,,chaos,185.8603456,-57.42125286,-0.04305908275511279,0.11911985820620372,0.011296617318294703
hydroxyacetonitrile,107-16-4,OCC#N,,chaos,-82.31804659,-377.4502612,0.4717608373269207,0.5260463992324674,0.04399638772912489
indane,496-11-7,C1CCC2=CC=CC=C12,,chaos,211.2665373,31.08627258,-0.14030215348326203,0.022319325786179494,0.026772934299758997
indoline,496-15-1,N1CCC2=CC=CC=C12,,chaos,-106.1511312,-33.10041739,0.13163886780066084,0.05834520992278206,-0.017312019719697782
isoamylchloride,107-84-6,C(CC(C)C)Cl,,chaos,216.6246626,26.71969162,-0.15478632849344298,0.02637544988516554,0.020365595861214638
isobutylformate,542-55-2,C(C(C)C)OC=O,,chaos,-46.47945708,32.84723422,0.05504418584212751,-0.05328081608486629,0.03760163296120185
isobutylbenzene,538-93-2,C(C(C)C)C1=CC=CC=C1,,chaos,222.9095255,32.52170404,-0.15911467572385932,0.025679413956355097,0.01809687293526569
isobutylbromide,78-77-3,C(C(C)C)Br,,chaos,213.6011024,21.6645306,-0.14347002924733435,0.028251677459493422,0.028114761739829203
isobutylisobutyrate,97-85-8,C(C(C)C)OC(C(C)C)=O,,chaos,-67.6058537,80.20035856,-0.006085019750296509,-0.0954553160408475,-0.02517693801384077
isobutylcyclohexane,1678-98-4,C(C(C)C)C1CCCCC1,,chaos,272.1197492,57.69259734,-0.2686625304042918,0.029997215618242024,-0.03641995472227505
isobutylcyclopentane,3788-32-7,C(C(C)C)C1CCCC1,,chaos,271.6832386,58.02010406,-0.2660043069148263,0.029863412603747797,-0.03563810832084292
isobutylmethacrylate,97-86-9,C(C(C)C)OC(C(=C)C)=O,,chaos,-48.5216854,71.008276,-0.017701304724132397,-0.07184644789692556,-0.012319917603766413
isobutyricacid,79-31-2,C(C(C)C)(=O)O,,chaos,-82.59098287,-358.5558372,0.2576516986956429,0.31562224610768186,-0.11691540059608535
isobutylpropionate,540-42-1,C(C(C)C)OC(CC)=O,,chaos,-77.13419035,75.50179979,0.013280557038586414,-0.09099224437096479,-0.011201893880399095
isobutyricanhydride,97-72-3,C(C(C)C)(=O)OC(C(C)C)=O,,chaos,4.80510713,53.04627641,0.0093326767363191,-0.04786149253391352,0.06415958100443418
isobutylvinylether,109-53-5,C(C(C)C)OC=C,,chaos,101.0790845,47.71731332,-0.08378254015739045,-0.022840599703123347,-0.0030447752500222854
isocaproicacid,646-07-1,C(CCC(C)C)(=O)O,,chaos,-80.8730898,-351.7749287,0.2164017091323564,0.30881959238823414,-0.13930033741275263
isobutyrylchloride,79-30-1,C(C(C)C)(=O)Cl,,chaos,195.9353264,16.85651656,-0.08250290349529436,0.014925050752349331,0.056159980369458455
isooctanol,26952-21-6,C(CCCCC(C)C)O,,chaos,-190.0180447,-165.7392461,0.10988550153359311,0.08439387567868674,-0.16390123920290658
isomesityloxide,3744-02-03 00:00:00,CC(=C)CC(C)=O,,chaos,-108.0881171,56.71070895,0.09461162361920161,-0.09847644604748505,0.04309137686399155
isononylalcohol,3452-97-9,C(CCCCCC(C)C)O,,chaos,-187.6561346,-170.4743332,0.10073398135304866,0.08256155923920554,-0.17038287421932785
isopentylbutanoate,106-27-4,C(CC(C)C)OC(CCC)=O,,chaos,-58.99051665,76.50940321,-0.035136369702097194,-0.07755032174011643,-0.03485208653784526
isopropylbenzene,98-82-8,C(C)(C)C1=CC=CC=C1,,chaos,217.4909899,29.28299679,-0.13923110537215028,0.025880300755650888,0.030076024689218852
isopropylcyclohexane,696-29-7,C(C)(C)C1CCCCC1,,chaos,273.2790549,58.1038347,-0.26827914402677483,0.030349979415593867,-0.035475687900667005
isopropylbutyrate,638-11-9,C(C)(C)OC(CCC)=O,,ours,-66.22675034,74.47106613,0.013966853799838619,-0.10408670600997613,-0.024871048817047527
isopropylformate,625-55-8,C(C)(C)OC=O,,chaos,-55.57770494,32.02885217,0.08530112329882263,-0.056111639904343945,0.06447518207736393
isopropyldisulfide,4253-89-8,C(C)(C)SSC(C)C,,chaos,198.4995318,36.96342198,-0.14868363269189164,0.01654542305523122,0.017241437533171734
isothiocyanatopropene,57-06-7,N(=C=S)C=CC,,ours,199.4138512,-18.8562605,-0.1279562871666203,0.04696998502072311,0.03675597477098534
isovalericacid,503-74-2,C(CC(C)C)(=O)O,,chaos,-80.36584042,-357.3753984,0.23934632139627904,0.32264419741901595,-0.12930623833372792
leucamine,107-85-7,CC(C)CCN,,chaos,-613.7449259,120.3206573,0.27739069533355687,-0.2706141180495589,-0.1568445729797392
m-dimethoxybenzene,151-10-0,COC1=CC(=CC=C1)OC,,chaos,57.39685679,20.75243614,-0.007590634481196943,-0.00018603088237858383,0.07299482867807348
m-ethylphenol,620-17-7,C(C)C=1C=C(C=CC1)O,,chaos,10.80857412,-428.2496253,0.2606433767630317,0.4281865144543892,-0.09836930233968107
m-difluorobenzene,372-18-9,FC1=CC(=CC=C1)F,,chaos,216.8770172,-26.31283079,-0.09714167255602914,0.06576240677922827,0.051635713337292576
m-ethylaniline,587-02-0,C(C)C=1C=C(N)C=CC1,,chaos,-123.4858755,-46.27642604,0.16128479919234723,0.1007053417180294,-0.016414770110570655
m-ethyltoluene,620-14-4,C(C)C=1C=C(C)C=CC1,,chaos,216.1950772,33.55782062,-0.14833344087756506,0.02016727412514127,0.02344760005145561
m-fluoroaniline,372-19-0,FC=1C=C(N)C=CC1,,chaos,-52.0445702,-87.77311347,0.19677478461257947,0.1967355180012194,0.0020436280436255823
m-fluoroanisole,456-49-5,FC=1C=C(C=CC1)OC,,chaos,113.0972773,10.02592511,-0.04253697783331436,0.027463823972453925,0.05598546333382426
m-fluorophenetole,458-03-7,FC=1C=C(C=CC1)OCC,,chaos,111.2995625,18.41610376,-0.05844816579441254,0.016216254010935092,0.03855023671562122
m-methylbenzylalcohol,587-03-1,CC=1C=C(CO)C=CC1,,chaos,-157.6189581,-205.9178915,0.18063938698031462,0.1458292686249926,-0.08295047471517823
m-toluenethiol,108-40-7,CC1=CC(=CC=C1)S,,chaos,183.1899175,-86.98724548,-0.02725038253764018,0.09856479426548638,0.06347337656194119
m-trifluoromethylphenol,98-17-9,FC(C=1C=C(C=CC1)O)(F)F,,chaos,58.90278687,-515.999012,0.31344722799392544,0.540659911199269,-0.09195739886486223
mandelonitrile,532-28-5,C(C(O)C1=CC=CC=C1)#N,,chaos,-39.90353625,-380.5783991,0.29568914890633224,0.3611368047552598,-0.021978063712132064
mechlorethamine,51-75-2,CN(CCCl)CCCl,,chaos,-138.0032301,50.15783801,0.043406462309371396,-0.053582311400916086,0.005255147902137514
mercaptoaceticacid,68-11-1,SCC(=O)O,,chaos,-56.40813658,-413.5538817,0.38661263950690516,0.4901573727509142,-0.047621039094045366
methacrylalcohol,513-42-8,C(=O)(C(=C)C)O,,chaos,-165.3400058,-212.1572924,0.2808932711091472,0.372002490292539,-0.11896981316156847
methanesulfonyl-chloride,124-63-0,CS(=O)(=O)Cl,,chaos,136.4252871,-119.3569315,0.14522218377905244,0.17855778686636933,0.14859513849730985
methoxyacetylchloride,38870-89-2,COCC(=O)Cl,,chaos,3.345581976,-18.19400998,0.06848328062264512,0.02028789378400052,0.09420221972631636
methoxycyclohexane,931-56-6,COC1CCCCC1,,chaos,-195.2945478,106.1999242,0.013479449983151068,-0.14142210146575443,-0.08837492246570113
methyl-octyl-sulfide,3698-95-1,CSCCCCCCCC,,chaos,70.83015206,62.94092116,-0.13255776495122656,-0.02082203035494534,-0.02325846882921627
methyl2-chloroacrylate,80-63-7,COC(C(=C)Cl)=O,,chaos,17.94233816,13.74004976,0.038125097556853095,-0.014752902355232321,0.07116717288625488
methylacrylate,96-33-3,COC(C=C)=O,,chaos,-42.42986124,36.96391667,0.09414969597513856,-0.05404392437772819,0.08743266030759372
methylaminoacetaldehydedimethylacetal,122-07-6,CNCC(OC)OC,,ours,-476.1505805,112.6096328,0.22506757649125883,-0.24588604366423736,-0.10447798555493917
methylbutyrate,623-42-7,COC(CCC)=O,,chaos,-67.6545294,60.26528937,0.05549829760602481,-0.08287830033944847,0.030781891243548326
methylcyclohexane,108-87-2,CC1CCCCC1,,chaos,273.5182861,58.89234458,-0.26937419534920587,0.030099692042709784,-0.0383655450936652
methylcyclopentadienedimer,26472-00-4,CC1=CC2C(C1)C3CC2C(=C3)C,,ours,201.6855292,50.6099164,-0.21364228205737346,0.018174446378415213,-0.01815246806295778
methylcyclopentane,98-37-7,CC1CCCC1,,chaos,272.6686661,58.97673363,-0.2660610431121839,0.03020983544087265,-0.03677427562033087
methyldichloroacetate,116-54-1,COC(C(Cl)Cl)=O,,chaos,64.52763297,-69.66807986,0.05410190232787104,0.08169927888727577,0.047029373365224364
methylenecyclohexane,1192-37-6,C=C1CCCCC1,,chaos,214.3190061,51.97165829,-0.19439455845661574,0.011446884319038508,-0.01334613202336384
methylenecyclopentane,1528-30-9,C=C1CCCC1,,chaos,188.0200564,54.33900323,-0.18701358888793526,0.009736351796848475,-0.011955028227755472
methylhydrazine,60-34-4,CNN,,chaos,-519.0062792,44.23657612,0.4045229109650223,-0.1748021976216185,0.11689261963604415
methylheptanoate,106-73-0,COC(CCCCCC)=O,,chaos,-57.19357337,68.15782828,0.005653371406460713,-0.08621087378528385,-0.018579853734382784
methylhexanoate,106-70-7,COC(CCCCC)=O,,chaos,-63.3075626,66.39987871,0.015160059154797494,-0.08196727003374711,-0.004901399152298424
methylhydroperoxide,3031-73-0,COO,,chaos,-67.2640022,-359.6175388,0.36032198364120277,0.4074563160879503,-0.011003165241749383
methylmethacrylate,80-62-6,COC(C(=C)C)=O,,chaos,-46.77424303,51.73554241,0.053255667075009894,-0.06634289369322315,0.04630359740395599
methyllinolenate,301-00-8,CC\C=C/C/C=C\C\C=C/CCCCCCCC(=O)OC,3.0,chaos,-27.08873158,66.48690374,-0.048737665020392604,-0.06989519299124941,-0.03658717906889074
methylnonanoate,1731-84-6,COC(CCCCCCCC)=O,,chaos,-50.64456413,71.12324229,-0.04231857552789087,-0.07290040577881728,-0.04020304124505504
methyln-butylether,628-28-4,COCCCC,,chaos,-168.6958076,101.4972274,0.01949720125824915,-0.13078590809013904,-0.0628727762197573
methyloctanoate,111-11-5,COC(CCCCCCC)=O,,chaos,-54.96204254,69.91223785,-0.016549799246611673,-0.08223735698181446,-0.03187662177681685
methylpropionate,554-12-1,COC(CC)=O,,chaos,-80.81494439,56.11873578,0.1004751842830221,-0.08802670463757921,0.06965746491731815
methylthiobenzene,100-68-5,CSC1=CC=CC=C1,,ours,189.5904736,3.213160402,-0.07639452688681013,0.04095684115889523,0.07341112955499753
methylthiirane,1072-43-1,CC1SC1,,chaos,43.36070882,31.88323447,-0.04043243495544297,-0.0003771025715987583,0.052611248036599674
methylthiocyanate,556-64-9,CSC#N,,chaos,-24.88157081,-11.02517042,0.158007041574657,0.01342216320646099,0.18213338277487773
methylthiophene,616-44-4,CC=1SC=CC1,,chaos,209.4720464,-5.243184145,-0.09971050296622848,0.04082912445022704,0.05577750398995132
methyltrichloroacetate,598-99-2,COC(C(Cl)(Cl)Cl)=O,,chaos,121.5874907,12.10533815,-0.059561840762393715,0.011515567920227331,0.042540657150218424
methylvalerate,624-24-8,COC(CCCC)=O,,chaos,-63.9244854,63.4951475,0.033129520137074556,-0.08224153851170904,0.013239574713414092
metolachlor,51218-45-2,CCc1cccc(C)c1N(C(C)COC)C(=O)CCl,,chaos,-130.1624959,55.9445136,0.043450143599421974,-0.0892081936755489,-0.013436158516328286
myrcene,123-35-3,CC(C)=CCCC(=C)C=C,5.0,ours,218.5402522,35.86577138,-0.18327490459460144,0.024268907990550172,0.005614758995735474
myristicin,607-91-0,COc1cc(CC=C)cc2OCOc12,,chaos,93.71898662,5.249979861,-0.04832128395809588,0.01081099984645345,0.044590446250054545
"n,n'-dimethylpiperazine",106-58-1,CN1CCN(C)CC1,,chaos,-428.7297599,131.2042309,0.1534359924308287,-0.234429600842979,-0.12356990456087241
"n,n,2,6-tetramethylbenzeneamine",769-06-2,CN(C)c1c(C)cccc1C,,chaos,214.8162748,35.46473564,-0.15383293529422318,0.015423533009678646,0.017160745375945703
"n,n,n',n'-tetramethyl-1,2-ethanediamine",110-18-9,CN(C)CCN(C)C,,chaos,-449.5791486,140.3516596,0.1387244797648208,-0.23124651290664677,-0.1262787992026548
"n,n-diethyl-benzeneamine",91-66-7,CCN(CC)c1ccccc1,,chaos,120.8583967,38.92242773,-0.11694611337926024,0.017145524243375915,0.043844380330677196
"n,n-diethyl-2-methylbenzenamine",606-46-2,CCN(CC)c1ccccc1C,,ours,16.36349179,62.82470957,-0.18156281297223198,0.022395488619123216,0.004129914105338126
"n,n-diethylethylenediamine",100-36-7,CCN(CC)CCN,,chaos,-672.211623,139.1939701,0.2780791681559583,-0.305109698593033,-0.17304032290603524
"n,n-dimethyl-1,3-benzenediamine",2836-04-06 00:00:00,CN(C)c1cccc(N)c1,,chaos,-160.9363643,-29.08707919,0.1913275052688354,0.07318114507443353,0.01785285983958792
"n,n-dimethyl-o-toluidine",609-72-3,CN(C)c1ccccc1C,,chaos,71.51071069,47.5019119,-0.08152441720507705,-0.020516391412206656,0.003270428485998998
"n,n-dimethylbenzylamine",103-83-3,CN(C)Cc1ccccc1,,chaos,-246.1349294,94.59501133,0.11766270117766192,-0.1704952983074569,-0.094569636680882
"n,n-dimethylbutanamide",760-79-2,CCCC(=O)N(C)C,,chaos,-268.7358499,90.98646507,0.17165395133569444,-0.1770606366946215,0.0043100545520720086
"n,n-dimethylpentanamide",6225-06-05 00:00:00,CCCCC(=O)N(C)C,,chaos,-263.7600656,93.20347849,0.14707358268689777,-0.17140196102940705,-0.012782758401900908
"n,n-dimethylpropanamide",758-96-3,CCC(=O)N(C)C,,chaos,-269.7051685,85.63110365,0.19538078153805086,-0.1771789050012898,0.03278709428440333
"n,n-dipropyl-1-propanamine",102-69-2,CCCN(CCC)CCC,,chaos,-826.5372802,215.3947473,-0.15830620974273682,-0.04704597301915359,-0.08218887461048072
"n-(2-aminoethyl)-1,2-ethanediamine",111-40-0,NCCNCCN,,chaos,-587.9861421,86.38074026,0.406725909899698,-0.28767050910153813,-0.026751503339877185
n-(1-methylethyl)benzeneamine,768-52-5,CC(C)Nc1ccccc1,,ours,89.75306015,-30.78767267,0.02654399002627679,0.06474147949375596,-0.011834389086969673
"n-(3-aminopropyl)-n-methyl-1,3-propanediamine",105-83-9,CN(CCCN)CCCN,,ours,-612.018376,104.9810009,0.35359047117088593,-0.3201781864280999,-0.1234176506703598
n-2-propenyl-2-propen-1-amine,124-02-7,C=CCNCC=C,,chaos,-432.9434809,98.02061709,0.19552126596523556,-0.16201383111625825,-0.09518986574673788
n-acetyl-n-methylacetamide,1113-68-4,CN(C(C)=O)C(C)=O,,chaos,-111.1064972,39.15593761,0.17971454797172995,-0.08435604360701232,0.15174225385928197
n-bucooh,109-52-4,CCCCC(O)=O,,chaos,-81.76699249,-354.8361162,0.23558549217491612,0.3194733888906888,-0.13086616400341522
n-benzyl-1-phenylmethanamine,103-49-1,C(NCc1ccccc1)c2ccccc2,,chaos,-342.901369,82.48070747,0.1777434695815971,-0.1626684965765893,-0.0694023617819582
n-butylpropionate,590-01-2,C(CCC)OC(CC)=O,,chaos,-72.08124856,73.63506428,0.016655266445196076,-0.09343023075515887,-0.01400362634218305
n-butylacetamide,1119-49-9,C(CCC)CC(=O)N,,chaos,-268.7980783,9.202950462,0.2136821499656491,0.06712271112464954,-0.057447942962352665
n-butylaniline,1126-78-9,C(CCC)NC1=CC=CC=C1,,chaos,83.34003409,-35.36544247,0.02368233085121918,0.0736708401509142,-0.013876267795725102
n-butylethylsulfide,638-46-0,C(CCC)SCC,,chaos,50.92375549,62.18104505,-0.09745572070690929,-0.03229020535801968,-0.009498716054738012
n-cyclohexylcyclohexaneamine,101-83-7,C1CCC(CC1)NC2CCCCC2,,chaos,-596.1569792,163.0564666,0.10072675856770576,-0.24156709743939359,-0.20701762010267885
n-decylcyclopentane,1795-21-7,C(CCCCCCCCC)C1CCCC1,,chaos,271.6024821,58.15739602,-0.2701511887960246,0.029820699664488432,-0.03803136114589806
n-dodecylcyclopentane,5634-30-0,C(CCCCCCCCCCC)C1CCCC1,,chaos,271.4759116,58.03735595,-0.27014796477629377,0.02974653234214597,-0.03806169050088295
n-ethyl-morpholine,100-74-3,C(C)N1CCOCC1,,chaos,-349.0222345,110.339021,0.13611182299758082,-0.1946059301477289,-0.07084658956617645
n-ethyl-n-butylamine,13360-63-9,C(C)NCCCC,,chaos,-525.9164084,136.9286696,0.07129062035079174,-0.17425908147171257,-0.15116261457467187
n-ethyl-2-methylbenzenamine,94-68-8,C(C)NC1=C(C=CC=C1)C,,chaos,79.08906779,-4.97648183,0.02268964316407973,0.05391246671204442,0.004210953521575167
n-ethylaniline,103-69-5,C(C)NC1=CC=CC=C1,,chaos,65.44152424,-36.0058578,0.07761651591276228,0.10966048355459877,0.00839406170004716
n-ethylacetamide,625-50-3,C(C)NC(C)=O,,chaos,-272.9307425,-1.009162038,0.26495602865665274,0.0006826963479970793,-0.00122041134271719
n-ethyldiisopropylamine,7087-68-5,C(C)N(C(C)C)C(C)C,,chaos,-470.1397728,159.4364606,-0.05176318810302565,-0.12399263646631019,-0.1327517264058577
n-heptanoicacid,111-14-8,C(CCCCCC)(=O)O,,chaos,-70.8021047,-353.4150501,0.19965731931592587,0.3059665700833865,-0.15474570461249587
n-hexanoicacid,142-62-1,C(CCCCC)(=O)O,,chaos,-78.02318796,-352.5176494,0.215330742417277,0.31003256531085865,-0.1437766790748815
n-hexylacetate,142-92-7,C(CCCCC)OC(C)=O,,chaos,-79.75111086,72.92369891,0.01627802969999822,-0.09470393912019429,-0.020956107903078183
n-heptylbenzene,1078-71-3,C(CCCCCC)C1=CC=CC=C1,,chaos,228.2792198,37.06199425,-0.18450995050399469,0.025036060800917793,0.0008612290357401013
n-heptylcyclopentane,5617-42-5,C(CCCCCC)C1CCCC1,,chaos,271.9877084,58.32917135,-0.26986595417716275,0.02987942009072331,-0.03857305461856642
n-hexylcyclopentane,4457-00-5,C(CCCCC)C1CCCC1,,chaos,272.3434098,58.45187696,-0.26981159802336596,0.02995531548674663,-0.03835399282384997
n-methylaniline,100-61-8,CNC1=CC=CC=C1,,chaos,66.07309579,-68.01303242,0.10016208438738053,0.13557123028594364,0.02598550618934741
n-methylbutylamine,110-68-9,CNCCCC,,chaos,-540.4541605,124.0489732,0.20395772386264818,-0.2583264955517066,-0.17561543394849985
n-methylmorpholine,109-02-4,CN1CCOCC1,,chaos,-366.0754264,108.3948672,0.17067927269901076,-0.2034245501839537,-0.05309949045559447
n-methylpentafluorobenzene,771-56-2,Cc1c(F)c(F)c(F)c(F)c1F,,chaos,243.4048133,28.00745232,-0.18464705110069962,0.0345921709047455,0.010308706820086293
n-methylpropanamide,1187-58-2,CNC(CC)=O,,chaos,-270.3852182,-5.225249204,0.24168470781687856,0.030531885865022486,-0.007357541775599397
n-methylpiperidine,626-67-5,CN1CCCCC1,,chaos,-440.8785911,148.5797063,0.10399944107518234,-0.2400310156850025,-0.1823659896980703
n-nitroso-n-methylurethane,615-53-2,CCOC(=O)N(C)N=O,,chaos,-7.567058365,28.450882,0.06906847117761822,-0.028446365053589315,0.11251952775137623
n-nitrosodimethylamine,62-75-9,CN(C)N=O,,chaos,-140.7798652,29.40061013,0.21474121913451033,-0.07624058475440132,0.22850394253081832
n-nonane,111-84-2,CCCCCCCCC,,chaos,274.219728,59.2376899,-0.26656985575889264,0.029928641105202644,-0.03545241335538934
n-pentyl-1-pentanamine,2050-92-2,C(CCCC)C(CCCC)N,,ours,-499.5765919,141.459869,-0.019668285445154716,-0.11170682924211207,-0.11134147108215477
n-octylbenzene,2189-60-8,C(CCCCCCC)C1=CC=CC=C1,,chaos,230.1573645,38.22992952,-0.19037879821361384,0.02525474796274957,-0.0025370448122945186
n-octylcyclopentane,1795-20-6,C(CCCCCCC)C1CCCC1,,chaos,271.9062966,58.33438852,-0.26971138111652704,0.029856095464918735,-0.03796805408147782
n-pentylamine,110-58-7,C(CCCC)N,,chaos,-608.3992331,121.0397797,0.26806559757539916,-0.26227509159241863,-0.16158595199893297
n-propylacetate,109-60-4,C(CC)OC(C)=O,3.0,chaos,-92.58957435,65.16744357,0.07038704031949683,-0.09692845376228981,0.030489759675021648
n-propylbenzene,103-65-1,C(CC)C1=CC=CC=C1,,chaos,217.3586768,30.04670808,-0.15043890339255658,0.025823032614790985,0.021930924198683165
n-propylbutyrate,105-66-8,C(CC)OC(CCC)=O,,chaos,-72.65799581,74.79664976,0.017841408313894927,-0.09971051479624594,-0.015137179895456009
n-propylcyclohexane,1678-92-8,C(CC)C1CCCCC1,,chaos,273.459226,58.54966067,-0.2714765954222631,0.030326068776093423,-0.03865172766988135
n-propyllactate,616-09-1,C(CC)OC(C(O)C)=O,,chaos,-171.5136421,-74.31506471,0.12014983918361022,-0.028430989191012498,-0.024048278439370664
n-undecane,1120-21-4,CCCCCCCCCCC,,chaos,273.4219914,58.97489495,-0.26781261418065566,0.029904378480995863,-0.034771357831798536
nerol,106-25-2,OC\C=C(/CCC=C(C)C)\C,,chaos,-195.6770748,-147.2912882,0.10945353247983645,-0.09765994952929195,-0.08634829876562848
nicotine,54-11-5,N1=CC(C2N(C)CCC2)=CC=C1,,chaos,-352.9485829,103.1768601,0.14774705189819184,-0.19587240128169875,-0.09202846529658357
nitrogentrichloride,10025-85-1,N(Cl)(Cl)Cl,,chaos,258.7832543,32.41538382,-0.20769868011675077,0.04382539420078119,-0.0006651500528186078
nonanal,124-19-6,C(CCCCCCCC)=O,,chaos,-69.02696012,68.62458259,0.010128947199043125,-0.08992613237302136,-0.02264672431825305
nonanonitrile,2243-27-8,C(CCCCCCCC)#N,,chaos,-59.62538671,48.75905355,0.026600335872896487,-0.06445230736902108,0.010452283012741617
nonylbenzene,1081-77-2,C(CCCCCCCC)C1=CC=CC=C1,,chaos,231.4960976,39.02908201,-0.20595304135147857,0.026855143573530475,-0.012388546315125782
"o,p-bisphenola",837-08-1,CC(C)(c1ccc(O)cc1)c2ccccc2O,,chaos,1.647930556,-409.3224138,0.2854184188573904,0.44009466630635014,-0.07980573926444447
o-chlorostyrene,2039-87-4,ClC1=C(C=C)C=CC=C1,,chaos,221.7833252,3.59207713,-0.12336520385409062,0.048166205524348686,0.0425648396177813
o-chlorofluorobenzene,348-51-6,ClC1=C(C=CC=C1)F,,chaos,221.2439582,-10.56368285,-0.11458882189535513,0.05944642770467037,0.042698503557367914
o-fluoroaniline,348-54-9,FC1=C(N)C=CC=C1,,chaos,-59.97591924,-76.55548409,0.18560367830370525,0.17661821435463537,-0.009834745352576587
o-difluorobenzene,367-11-3,FC1=C(C=CC=C1)F,,chaos,218.671666,-11.71445868,-0.10083828372651564,0.06134828670062497,0.050016791694382876
o-t-butylphenol,88-18-6,C(C)(C)(C)C1=C(C=CC=C1)O,,chaos,94.6108105,-461.9005976,0.24958544139321048,0.5057406889266692,-0.05891586415974847
o-toluicacidmethylester,89-71-4,COC(=O)c1ccccc1C,,chaos,-19.25701057,45.41362577,0.007448850647216333,-0.047508605787666074,0.014175280404682753
octadecamethylcyclononasiloxane,556-71-8,C[Si]1(O[Si](O[Si](O[Si](O[Si](O[Si](O[Si](O[Si](O[Si](O1)(C)C)(C)C)(C)C)(C)C)(C)C)(C)C)(C)C)(C)C)C,,ours,-337.2864245,126.4427216,-0.16153370090238078,-0.005353130947032684,-0.03261656227406031
octadiene,3710-30-3,C=CC=CCCCC,,ours,211.2102682,42.30808056,-0.17976565895255403,0.024796921004285127,0.008622383843938111
octanal,124-13-0,C(CCCCCCC)=O,,chaos,-70.10563027,66.29557231,0.024395209156014633,-0.09163064859394948,-0.011312910741699031
octamethyltrisiloxane,107-51-7,C[Si](O[Si](O[Si](C)(C)C)(C)C)(C)C,,chaos,-69.6060166,91.93216067,-0.1637237715840632,-0.004155629518424631,-0.03204064088986141
octene,111-66-0,C=CCCCCCC,,chaos,229.8408942,51.86384017,-0.21589441225836747,0.020372219226060872,-0.02021713250268647
octanoylchloride,111-64-8,C(CCCCCCC)(=O)Cl,,chaos,207.5537208,12.79381922,-0.12857091205159896,0.01929639433879807,0.019857480775231924
octan-4-ol,589-62-8,CCCC(CCCC)O,,chaos,-190.1780035,-137.5953532,0.10180776042957922,0.06672487366284816,-0.16385616729391955
octylbutyrate,110-39-4,C(CCCCCCC)OC(CCC)=O,,chaos,-53.71073219,81.05786868,-0.04782011096218752,-0.08747214030989321,-0.05807148884960807
octanenitrile,124-12-9,C(CCCCCCC)#N,,chaos,-62.71453889,46.57228939,0.045199198032105314,-0.06664301442231574,0.022621882121392878
octanedinitrile,629-40-3,C(CCCCCCC#N)#N,,chaos,-76.58223512,15.13016021,0.18749144985444918,-0.04522524017215829,0.21372176945864238
octyne,629-05-0,C#CCCCCCC,,chaos,194.4907757,-49.96669468,-0.07178843521739986,0.11941066065898054,-0.011164522949772585
oxiranemethanol,556-52-5,O1C(C1)CO,,chaos_no_stereo,-169.0865246,-207.8450253,0.2681804281282688,0.06478367094551502,0.09464090129853003
oxybischloromethane,542-88-1,ClCOCCl,,chaos,173.2796666,-72.21151037999999,-0.01747699584270275,0.08293855248566068,0.08374899574190918
p-(t-butyl)toluene,98-51-1,C(C)(C)(C)C1=CC=C(C)C=C1,,chaos,222.2339543,36.13905627,-0.16101947441860923,0.020888942964856497,0.01633140404324383
p-difluorobenzene,540-36-3,FC1=CC=C(C=C1)F,,chaos,212.6285836,-23.76656108,-0.08467793075522902,0.06783380709922295,0.057907324037299486
pbr3,7789-60-8,BrP(Br)Br,,chaos,242.3834748,18.76280566,-0.21045281067227514,0.03999038197461654,-0.001976319921097055
pcl3,7719-12-02 00:00:00,ClP(Cl)Cl,,chaos,245.94281,14.95509227,-0.21599715169622588,0.04366351185542031,-0.005622274137173368
peg-5_mw238,4792-15-8,OCCOCCOCCOCCOCCO,,chaos,-286.33037,-41.24379565,0.13931741190842467,-0.1308220379465857,0.039121515551931066
pentachloroethane,76-01-7,ClC(C(Cl)(Cl)Cl)Cl,,chaos,215.4822888,-156.3295433,-0.043588997109962765,0.20957472193257806,-0.01250202669752383
pentafluoro(trifluoromethyl)benzene,434-64-0,FC1=C(C(=C(C(=C1C(F)(F)F)F)F)F)F,,chaos,249.7603987,11.881984,-0.17784456351809602,0.04684804736292311,0.01410499771240763
pentaethylbenzene,605-01-6,C(C)C=1C(=C(C(=C(C1)CC)CC)CC)CC,,chaos,219.5765944,49.11084128,-0.19603700943471958,0.013714985734287546,-0.005764453653616478
pentafluorobenzene,363-72-4,FC=1C(=C(C(=C(C1)F)F)F)F,,chaos,228.751115,-65.70962839,-0.11688239686307965,0.10217411689332519,0.008962088628076131
pentafluorothiophenol,771-62-0,FC1=C(C(=C(C(=C1S)F)F)F)F,,ours,213.0020083,-160.8994768,-0.09519862900898717,0.14848354195976557,-0.015317439384667961
pentanoicacidbutylester,591-68-4,CCCCOC(=O)CCCC,,chaos,-64.90518725,78.09467329,0.0004886820346859397,-0.09796854602785596,-0.029624540676530253
pentanoicacidpropylester,414-06-0,C(CCCC)(=O)OCCC,,chaos,-66.31307954,76.10684839,0.007917602992035467,-0.10255146905990506,-0.029629055820881236
pentanedinitrile,544-13-8,C(CCCC#N)#N,,chaos,-53.64551711,-35.82940517,0.29495459931815216,0.028354908335458437,0.40627272759164096
pentylbutyrate,540-18-1,C(CCCC)OC(CCC)=O,,chaos,-61.35822116,77.6362497,-0.003228526510573367,-0.10003571464538674,-0.03708436270120514
pentylbenzene,538-68-1,C(CCCC)C1=CC=CC=C1,,chaos,223.1231472,34.05523289,-0.16993481636850113,0.025201304722131185,0.009115005443674941
pentylcyclopentane,3741-00-2,C(CCCC)C1CCCC1,,chaos,272.2541896,58.43744303,-0.26946187814814826,0.029959689195143975,-0.03842426693491485
pentylcyclohexane,4292-92-6,C(CCCC)C1CCCCC1,,chaos,272.8112736,58.27718092,-0.2716686766534512,0.030149994005187482,-0.03902789978692319
perfluoroheptane,335-57-9,FC(C(C(C(C(C(C(F)(F)F)(F)F)(F)F)(F)F)(F)F)(F)F)(F)F,,ours,289.3962394,65.61473601,-0.28033413692856657,0.03255666736391753,-0.0408134618785049
perfluoromethylcyclohexane,355-02-2,FC1(C(C(C(C(C1(F)F)(F)F)(F)F)(F)F)(F)F)C(F)(F)F,,ours,288.2961531,65.24550167,-0.27784699515972094,0.03406391404516941,-0.039408815093734055
perfluorooctane,307-34-6,FC(C(C(C(C(C(C(C(F)(F)F)(F)F)(F)F)(F)F)(F)F)(F)F)(F)F)(F)F,5.0,ours,289.0795268,65.54280098,-0.28032668092134366,0.03255240660079506,-0.040287377635306224
peroxyaceticacid,79-21-0,C(C)(=O)OO,,chaos,10.66110407,-283.4093506,0.2664318350651616,0.24206893611721275,0.10432460347185621
petunial,22717-57-3,COC(=O)c1cc(C)ccc1O,,ours,28.3122977,28.72564035,-0.046559810508289286,-0.017454265011221645,0.02696471625826908
phenylacetonitrile,140-29-4,C1(=CC=CC=C1)CC#N,,chaos,-31.76770735,-12.0242525,0.12192122604434541,0.013923024054819908,0.13182982194515475
phenylisothiocyanat,103-72-0,C1(=CC=CC=C1)N=C=S,,chaos,214.4842835,-4.831490142,-0.11076030723105647,0.05283900461384982,0.048289846121677346
phenyltrichlorosilane,98-13-5,C1(=CC=CC=C1)[Si](Cl)(Cl)Cl,,chaos,236.7034887,8.584584635,-0.17034299618669246,0.04923750257797484,0.017002860611064808
phenylpropylether,622-85-5,C1(=CC=CC=C1)OCCC,,chaos,72.94787878,40.44190823,-0.05907895707634226,-0.009242797689975718,0.024106811396786675
phorate,298-02-2,CCO[P](=S)(OCC)SCSCC,,chaos,-48.72175012,38.95495179,-0.10650994901761443,0.024836733067501643,0.03625202357392367
piconol,586-98-1,OCc1ccccn1,,chaos,-258.0130384,-129.336839,0.16559483794162708,-0.09454794202453543,0.04713006541577827
pinane,473-55-2,C12C(CCC(C1(C)C)C2)C,,chaos,271.5384151,56.69838372,-0.26043079461086616,0.030508785953521817,-0.031221386558005014
"propanoicacid,anhydride",123-62-6,CCC(=O)OC(=O)CC,,chaos,-12.58234449,36.89338618,0.07625006863706317,-0.03430358230111412,0.12200470434501517
propanesulfonylchloride,10147-36-1,C(CC)S(=O)(=O)Cl,,chaos,154.7279185,-72.82773403,0.0002749657290967901,0.050186376994952264,0.1130602429221844
propanoicacidhexylester,2445-76-3,CCCCCCOC(=O)CC,,chaos,-63.32676381,76.96888692,-0.012995463347747031,-0.08721114830317299,-0.027359458347546727
propanoicacidethenylester,105-38-4,CCC(=O)OC=C,,chaos,9.318094896,41.16350015,0.025103134007335617,-0.03843673075399166,0.051874043507617526
propionicacid,79-09-4,C(CC)(=O)O,8.0,chaos,-91.49176168,-360.0229263,0.3068911650307782,0.3333672121226826,-0.07376986734468859
propionylchloride,79-03-8,C(CC)(=O)Cl,,chaos,185.3223678,-9.997614639,-0.032491619284342424,0.03442792233640664,0.08619953891072286
propylcyclopentane,2040-96-2,C(CC)C1CCCC1,,chaos,272.7822971,58.6952295,-0.2692110108437753,0.03011766793710496,-0.03872930610905337
propylhexanoate,626-77-7,C(CC)OC(CCCCC)=O,,chaos,-63.690594,77.71440502,-0.02127957543331271,-0.08955137965088444,-0.041935346883263454
propylpropionate,106-36-5,C(CC)OC(CC)=O,,chaos,-81.29408081,72.05512787,0.03581975355496177,-0.09708614067896211,-0.0007203010166294739
propynol,107-19-7,C(#CC)O,,ours,-121.0664603,-300.8730363,0.47128486997766006,0.7007273279880714,-0.0677086035108515
"pyridine,2-methyl-5-vinyl",140-76-1,Cc1ccc(C=C)cn1,,chaos,-326.1928839,81.82538956,0.17956901504695355,-0.1568910417999455,-0.043585839966302616
pyridazine,289-80-5,N1=NC=CC=C1,,chaos,-316.1686623,25.68080289,0.3111465328706917,-0.10825972452833531,0.17782395781572066
pyrrole,109-97-7,N1C=CC=C1,,chaos,81.84976236,-163.1858032,0.29104087730998396,0.4049318240538524,0.02650961427194202
"r,r-diisopropylenglycol",110-98-5,CC(O)COCC(C)O,5.0,chaos,-245.2527332,-143.7155999,0.21962592470021983,0.05800036822455551,-0.06612129691663571
ricinoleicacidmethylester,141-24-2,CCCCCC[C@@H](O)C\C=C/CCCCCCCC(=O)OC,7.0,chaos_no_stereo,-170.3592155,-49.92460805,0.03932054138975465,-0.1522165410512831,-0.10297341654151207
salicylicaldehyde,90-02-8,Oc1ccccc1C=O,,chaos,-23.03311442,-34.59664983,0.08276371029503526,-0.006844053884252314,0.0828103226046626
sec-butylacetate,105-46-4,C(C)(CC)OC(C)=O,,chaos,-88.18513195,70.83672395,0.044416168183629,-0.0977712422689065,0.004265699251797178
seleniumcarbide,506-80-9,[Se]=C=[Se],,ours,272.26389,41.70656998,-0.246812230450628,0.03841118060467313,-0.024077545855203185
silicicacidtetramethylester,681-84-5,CO[Si](OC)(OC)OC,,chaos,-16.55117529,55.5936164,-0.030030477965006307,-0.04804125683295977,0.016129712664868415
sitosterol,83-46-5,CC[C@H](CC[C@@H](C)[C@H]1CC[C@H]2[C@@H]3CC=C4C[C@@H](O)CC[C@]4(C)[C@H]3CC[C@]12C)C(C)C,,ours,-156.652781,-153.2577206,0.0313532903214625,0.08355580004919043,-0.17040936341311724
styreneoxide,96-09-3,C1C(C2=CC=CC=C2)O1,,chaos,-10.34009625,32.28559748,0.03220175687024722,-0.013662009373984258,0.07202268322983353
"spiro[5,5]undecane",180-43-8,C1CCCCC12CCCCC2,,chaos,271.2269656,57.01495772,-0.2685769822499998,0.03034619504168123,-0.03637142168951301
sulfurylchloride,7791-25-5,S(=O)(=O)(Cl)Cl,,chaos,222.4541099,27.045955,-0.11606841184649745,0.02313663380917772,0.05026215139427044
sulfuricaciddibutylester,625-22-9,CCCCO[S](=O)(=O)OCCCC,,chaos,143.6909865,28.62256097,-0.06940442181474146,-0.004212939260852532,0.04541045390835935
sulfurylchlorideisocyanate,1189-71-5,Cl[S](=O)(=O)N=C=O,,ours,201.1729281,1.536589391,-0.024194477556108866,0.1049631999009723,0.04925400763310355
tabun,77-81-6,O=P(C#N)(N(C)C)OCC,,ours,-68.58731825,41.99734484,0.1500593457151223,-0.06884592656603815,0.10754242566949856
t-butylacetoacetate,1694-31-1,C(C)(C)(C)OC(CC(=O)C)=O,,chaos,-60.5950057,39.16356349,0.0700473648621301,-0.06342074247773115,0.05716907839419413
tert-amylthiol,1679-09-0,CCC(C)(C)S,,chaos,81.1061885,29.2506446,-0.10530923414632966,-0.0013066647223472319,0.0050422323873011736
tert-butylhydroperoxide,75-91-2,C(C)(C)(C)OO,,chaos,-78.93095331,-296.9603229,0.20647802919263267,0.27593490067820775,-0.10583223608909681
tert-butylcyclohexane,3178-22-1,C(C)(C)(C)C1CCCCC1,,chaos,271.9236627,57.38181327,-0.26478621758809245,0.030022384911259584,-0.03398752067727362
tert-butylisocyanate,1609-86-5,C(C)(C)(C)N=C=O,,chaos,175.1202559,37.5790201,-0.10909703600528296,0.008439198156977279,0.044311848142252766
tert-butyliodide,558-17-8,C(C)(C)(C)I,,chaos,205.0420156,24.67776951,-0.15122246824105956,0.021640179003835927,0.023875950000267068
tert-dodecanethiol,25103-58-6,CC(C)C(C)(C)C(C)(C)C(C)(C)S,,ours,113.8241492,31.54757347,-0.14655852450597245,-0.005854223353539984,-0.018041363982693737
tert-butylmethacrylate,585-07-9,C(C)(C)(C)OC(C(=C)C)=O,,chaos,-59.6611953,74.89112011,-0.032183416230107204,-0.0675175428579158,-0.025550942114051043
tetrabutylgermane,1067-42-1,C(CCC)[Ge](CCCC)(CCCC)CCCC,,chaos,271.6499883,58.17463277,-0.26201983592351374,0.030232219368059154,-0.027167123752914545
tetrachlorogermane,10038-98-9,Cl[Ge](Cl)(Cl)Cl,,chaos,271.1053069,53.99799785,-0.20662311617696405,0.07169458794075707,-0.018986578719043565
tetraethylene-glycol-monomethyl-ether,23783-42-8,COCCOCCOCCOCCO,,chaos,-265.0613835,-44.23793066,0.139178174137804,-0.13901465758739212,0.024504148064998912
tetraethylgermane,597-63-7,C(C)[Ge](CC)(CC)CC,,chaos,273.942288,58.48175991,-0.2606958439470157,0.029791876885373308,-0.02705781375410457
tetraethylsilane,631-36-7,C(C)[Si](CC)(CC)CC,,chaos,273.8438602,58.44690502,-0.2596359475885785,0.029966474035931723,-0.02630633468234158
"tetrahydro-2,2,5,5-tetramethylfuran",15045-43-9,CC1(OC(CC1)(C)C)C,,chaos,-271.0290893,118.3088471,0.039957819868317916,-0.16345193286140405,-0.1052589607940915
tetrahydro-2h-pyran-2-methanol,100-72-1,O1C(CCCC1)CO,,chaos,-225.0819921,-104.9274664,0.14910921129939814,-0.006998865689415952,-0.07538542476120023
tetrahydro-2h-pyran-2-one,542-28-9,O1C(CCCC1)=O,,chaos,-166.3216678,44.92863352,0.22656250742204576,-0.11893071851516253,0.20594328612861731
tetrahydrothiophene,110-01-0,S1CCCC1,,chaos,24.26322998,52.70084764,-0.03997034664835292,-0.04051452213370854,0.03056191863794256
tetralin,119-64-2,C1CCCC2=CC=CC=C12,,chaos,212.6403018,33.67655455,-0.14768555075242343,0.017990756890351844,0.02105404922462501
"tetramethyl-1,3-dichlorodisiloxane",2401-73-2,C[Si](O[Si](Cl)(C)C)(Cl)C,,chaos,215.7928877,23.05940097,-0.16452423880936057,0.03351599730297713,0.016786296891435452
tetramethylcyclotetrasiloxane,2370-88-9,C[SiH]1O[SiH](O[SiH](O[SiH](O1)C)C)C,,ours,99.69199387,54.06528966,-0.1825465325781508,0.012531287352356556,-0.011744868422263174
"tetramethyl-1,3-propanediamine",110-95-2,CC(CC(N)(C)C)(N)C,,ours,-412.2913727,136.9673025,0.2726770259199613,-0.2689119208548805,-0.1435873681977422
tetramethylorthocarbonate,1850-14-2,COC(OC)(OC)OC,,chaos,-4.104338657,53.65241875,-0.04143904923850817,-0.03102572236050825,0.01900911704928518
thiazole,288-47-1,S1C=NC=C1,,chaos,-233.2128512,4.736450923,0.22596836247727053,-0.07990026030708441,0.027505455118387024
thiacyclobutane,287-27-4,S1CCC1,,chaos,50.15786597,45.24722458,-0.03848140304521853,-0.025681102987087083,0.04559044813569593
thioaceticacid,507-09-5,C(C)(=S)O,,ours,16.9022429,-82.11471082,0.3388872179530135,0.5211500582067385,-0.030037668916629033
thionylchloride,7719-09-07 00:00:00,S(=O)(Cl)Cl,,chaos,215.3879601,-14.84004386,-0.10696574904723284,0.040380635791699274,0.047403314637194105
thiophene,110-02-1,S1C=CC=C1,,chaos,203.5120503,-20.73624756,-0.06284557742303665,0.06148712937792275,0.07114371336454044
thiophenol,108-98-5,C1(=CC=CC=C1)S,,ours,179.4598854,-97.79157436,-0.02912771923133943,0.10127644552371982,0.06423710624085267
thp,142-68-7,C1CCOCC1,,chaos,-209.7735776,101.0727209,0.06702125403821216,-0.15693592090153385,-0.057486860168749536
"trans,trans-2,4-hexadiene",5194-51-4,C\C=C\C=C\C,,chaos,216.0955854,37.53262837,-0.14406199195019936,0.018732788633345557,0.026676411646431537
"trans-1,2-dimethylcyclopentane",822-50-4,C[C@H]1[C@@H](CCC1)C,,chaos,272.6003835,58.3017332,-0.26481546247315496,0.030189098485958795,-0.03516610069542941
"trans-1,3-dimethylcyclopentane",1759-58-6,C[C@@H]1C[C@H](CC1)C,,chaos_no_stereo,273.514303,58.84047382,-0.26641114278100037,0.03009858761399105,-0.03731686307735534
"trans-1,2-dimethylcyclohexane",6876-23-9,C[C@H]1[C@@H](CCCC1)C,,chaos_no_stereo,273.1006655,58.24562496,-0.26789229363281575,0.029999404379667638,-0.03700926502788079
"trans-1,4-hexadiene",7319-00-8,C=CC\C=C\C,,chaos,213.3584787,38.49400079,-0.15621802068571963,0.020140684597791433,0.01897077755857732
"trans-1,3,5-hexatriene",821-07-8,C=C\C=C\C=C,,chaos,213.2501303,17.50366454,-0.0911295450100627,0.03834047514454752,0.06570064099449283
"trans-1,3-dimethylcyclohexane",2207-03-06 00:00:00,C[C@@H]1C[C@H](CCC1)C,,chaos,272.2812908,57.74526631,-0.26609979831640873,0.030086880379722306,-0.03564620585616378
"trans-1,4-dimethylcyclohexane",2207-04-07 00:00:00,C[C@@H]1CC[C@H](CC1)C,,chaos_no_stereo,272.5541312,58.34345918,-0.26700070109749713,0.029791566850489976,-0.03724035569277779
trans-2-eicosene,42448-85-1,C\C=C\CCCCCCCCCCCCCCCCC,,chaos,250.9919898,56.0221319,-0.25044715484270436,0.025384392630262313,-0.03080828675733015
trans-1-butenylbenzene,1005-64-7,C(=C\CC)/C1=CC=CC=C1,,chaos,215.0028487,20.92021969,-0.12101826497263664,0.03259785949198397,0.043245443037299276
trans-1-ethyl-4-methylcyclohexane,6236-88-0,C(C)[C@@H]1CC[C@H](CC1)C,,chaos_no_stereo,272.831534,58.12874194,-0.2694239886012964,0.030160324629335586,-0.03776371431355978
trans-2-heptene,14686-13-6,C\C=C\CCCC,,chaos,233.6932289,53.11787663,-0.22089460739919323,0.020379011099729956,-0.0228542699816847
trans-2-hexene,4050-45-7,C\C=C\CCC,,chaos,231.4763305,52.27644724,-0.2172264222464721,0.021779054992083997,-0.017898835804050276
trans-2-methyl-3-hexene,692-24-0,CC(C)\C=C\CC,,chaos,245.0644367,53.51060904,-0.2195606449916599,0.020300640389472168,-0.021143712087772378
trans-2-octene,13389-42-9,C\C=C\CCCCC,,chaos,234.6177556,53.72816498,-0.2267214211754128,0.021736776643872274,-0.023992402329492995
"trans-3,4-dimethyl-2-pentene",4914-92-5,C\C=C(/C)C(C)C,,chaos,245.2534951,50.84284594,-0.21431509039521798,0.022260849211700604,-0.013846416919450683
trans-3-hexene,13269-52-8,CC\C=C\CC,,chaos,236.0299449,52.7694878,-0.20822871617532707,0.017956941334287768,-0.0160805331493046
trans-3-heptene,14686-14-7,CC\C=C\CCC,,chaos,237.3943573,53.64788105,-0.2232181401789142,0.02010608896149395,-0.023207985820220337
trans-4-methylcyclohexanol,7731-29-5,C[C@@H]1CC[C@H](CC1)O,,chaos_no_stereo,-210.3390088,-142.3876758,0.13944599605203684,0.043511314352966374,-0.14231511716492093
trans-3-octene,14919-01-8,CC\C=C\CCCC,,chaos,241.4701271,54.11960295,-0.22941286551823029,0.02233290455706464,-0.02455623635960658
trans-decalin,493-02-7,C1CCC[C@@H]2CCCC[C@@H]12,,chaos,272.4660103,58.19415802,-0.2733491740188065,0.030003126359643632,-0.04053051377786109
trans-4-methyl-2-hexene,3683-22-5,CC(/C=C/C)CC,,chaos,247.6445454,53.28436332,-0.22572927330572692,0.023135252751699725,-0.02227142821589359
trans-crotonaldehyde,123-73-9,C(\C=C\C)=O,,chaos,-135.0815597,47.88009494,0.17310901203237525,-0.08470954888385493,0.13845026299882313
trans-5-methyl-2-hexene,7385-82-2,CC(C/C=C/C)C,,chaos,239.0401019,52.85794574,-0.2197550094869132,0.021254053378353854,-0.020514582110735
trans-dibromoethene,590-12-5,Br/C=C/Br,,chaos,217.3241045,-85.82126823,-0.08792009113691984,0.09643562450233713,0.04141149522802611
tri-n-butylphosphate,126-73-8,C(CCC)OP(=O)(OCCCC)OCCCC,,chaos,-164.9961922,88.74473441,0.05534158072349532,-0.15233527721482368,-0.08269383536977096
tributoxyborane,688-74-4,C(CCC)OB(OCCCC)OCCCC,,chaos,-240.5182571,121.7110443,-0.13167023804832256,-0.03872038237757687,-0.05320780467938374
trichloroacetaldehyde,75-87-6,ClC(C=O)(Cl)Cl,,chaos,154.9901827,-60.7851108,-0.027571257018603572,0.09395277118190133,0.03517197378532625
trichloroacetonitrile,545-06-2,ClC(C#N)(Cl)Cl,,chaos,157.295753,39.79106636,-0.11616345080650463,0.006006400122076691,0.02609146209462493
trichloroacetylchloride,76-02-8,ClC(C(=O)Cl)(Cl)Cl,,chaos,235.6610164,32.65767676,-0.17751309874026733,0.030750231224221675,0.0034008136390883564
trichloromethylsilane,75-79-6,ClC(Cl)(Cl)[SiH3],,ours,235.7692326,-12.2850612,-0.22146117089760936,0.033744026836089624,-0.01017833821174993
tridecane,629-50-5,CCCCCCCCCCCCC,,chaos,272.8677174,58.74809689,-0.2672921617666547,0.029731501874974815,-0.035720263268650146
triethoxysilane,998-30-1,C(C)O[SiH](OCC)OCC,,chaos,-105.9559669,83.62515592,-0.06738690218980237,-0.06251834534150473,-0.041040237868580166
triethylaluminum,97-93-8,C(C)[Al](CC)CC,,ours,250.5574975,13.02313204,-0.08355939417509428,0.20200523671248619,-0.048933064260351294
triethylphosphate,78-40-0,C(C)OP(=O)(OCC)OCC,,chaos,-166.1534555,69.74005503,0.13268123656768605,-0.1495150174724999,-0.004588428883896605
triethylorthoformate,122-51-0,C(C)OC(OCC)OCC,,chaos,-131.2019189,79.19831825,-0.019656641093732302,-0.07131623344565459,-0.0220165031176729
triethylphosphine,554-70-1,C(C)P(CC)CC,,ours,-369.8803044,134.8397626,0.12723866946956316,-0.23197347762048215,-0.1411473453940611
triethylsilane,617-86-7,C(C)[SiH](CC)CC,,chaos,263.2012066,55.46568494,-0.24742275559131569,0.02817663428510894,-0.025927908269774605
trifluoromethylbenzene,98-08-8,FC(F)(F)C1=CC=CC=C1,,chaos,228.6614411,-1.693618177,-0.12492968078154305,0.055891643471261195,0.04151845173282175
trifluoromethoxybenzene,456-55-3,FC(OC1=CC=CC=C1)(F)F,,chaos,232.04753,-0.102744611,-0.1446428322795605,0.0515674678239309,0.031243935864595573
trifluorophenylsilane,368-47-8,F[Si](C1=CC=CC=C1)(F)F,,chaos,215.7605775,-0.936884218,-0.10610718127098337,0.05170551052178766,0.052349155141403717
trimethoxysilane,2487-90-3,CO[SiH](OC)OC,,chaos,-91.88330308,64.71227061,-0.008476549648107222,-0.048065300847934846,0.030589867608263373
trimethylacetylchloride,3282-60-2,CC(C(=O)Cl)(C)C,,chaos,198.841456,28.97851523,-0.10545982211225402,0.010377621979382249,0.03879046043434654
trimethoxyvinylsilane,2768-02-07 00:00:00,COC(=C(OC)OC)[SiH3],,ours,-80.91669261,65.09480598,-0.07469820915381159,-0.03494535718189505,-0.01663244917845227
trimethylborate,121-43-7,COB(OC)OC,,chaos,2.636527313,59.75023372,-0.029079066029315762,-0.050292149839203396,0.0066145260032897885
trimethylphosphate,512-56-1,COP(=O)(OC)OC,,chaos,-143.5407047,41.96599501,0.20342175110698477,-0.12856311034654602,0.10413900956467648
trimethylphosphite,121-45-8,COP(OC)OC,,chaos,-65.2114189,55.56881478,0.039428573268567656,-0.051075459029274975,0.07466229998943429
trimethylphenoxysilane,1529-17-5,C[Si](OC1=CC=CC=C1)(C)C,,chaos,51.93586097,47.55315137,-0.10279532559553396,0.009796211552654963,0.021053452957381657
tris(2-butoxyethyl)phosphate,78-51-3,C(CCC)OCCOP(=O)(OCCOCCCC)OCCOCCCC,,ours,-280.2088063,92.58752728,0.053820885900776674,-0.11739709507463292,-0.02954280931303274
tripropyleneglycol,1638-16-0,CC(COC(C)COC(C)CO)O,,ours,-246.1954602,-38.97739846,0.17377695792019554,0.01246337585705346,-0.06439145441885188
trithiocarbonicacid,594-08-1,C(S)(S)=S,,chaos,168.285261,-218.9918538,0.05491414949109955,0.2179450714346949,0.03832455453529013
undecanal,112-44-7,C(CCCCCCCCCC)=O,,chaos,-57.85920584,71.15705215,-0.014045933763121785,-0.08578299721097869,-0.03725633501892584
undecylbenzene,6742-54-7,C(CCCCCCCCCC)C1=CC=CC=C1,,chaos,234.9299141,41.04219714,-0.21265743834007778,0.026692235544166994,-0.010750732660406085
valeraldehyde,110-62-3,C(CCCC)=O,,chaos,-83.55278089,58.87080086,0.08285647086041774,-0.09045677709420397,0.0506531604738375
undecanoicacidmethylester,1731-86-8,CCCCCCCCCCC(=O)OC,,chaos,-47.9660266,74.29448953,-0.05432415256220101,-0.07566994214878403,-0.052094896208494425
valeronitrile,110-59-8,C(CCCC)#N,,chaos,-73.51752474,35.27898589,0.11248657581721513,-0.05963608379866242,0.10054110512971054
valerylchloride,638-29-9,C(CCCC)(=O)Cl,,chaos,196.7493495,3.153679549,-0.0862471524523099,0.022512728924843718,0.048456433833530765
vinyltrichlorosilane,75-94-5,C(=C)[Si](Cl)(Cl)Cl,,chaos,240.7064916,-8.578856612,-0.18651848530542925,0.052448495510548934,0.008853399952924059
vinyloxirane,930-22-3,C(=C)C1OC1,,chaos,-63.30469284,40.22305836,0.08956399380409408,-0.03579679576666236,0.10354306599650077
vinylcyclohexane,695-12-5,C(=C)C1CCCCC1,,chaos,227.5000177,50.99114186,-0.20675679178350925,0.01704559905405281,-0.016779207630409475
furane,110-00-9,O1C=CC=C1,,chaos,175.1100993,-30.2405509,-0.023302976291174282,0.07115948352486494,0.08932705535251495
"1,2-diacetin",102-62-5,CC(=O)OCC(CO)OC(C)=O,,chaos,-140.0379417,-205.4196757,0.16697325302985574,-0.09822749021652696,0.08325172200706951
"1,3-diacetin",105-70-4,CC(=O)OCC(O)COC(C)=O,,chaos,-149.8714578,-162.4838164,0.14962986069595452,-0.09535008641485938,0.08546766347493746
"3-ethoxy-1,2-propanediol",1874-62-0,C(C)OCC(CO)O,,chaos,-201.1394912,-169.8389031,0.17968291492704846,-0.08587421222078923,0.02593360769049353
"3-methylamino-1,2-propanediol",40137-22-2,CNCC(CO)O,,chaos,-321.9723194,-127.4912257,0.21108071912456144,-0.08769574532878867,0.036291432180248814
3-oxetanol,7748-36-9,O1CC(C1)O,,ours,-183.260808,-220.5992382,0.2937753719848784,0.17162694226796135,0.016336659491163096
"3-tert-butoxy-1,2-propanediol",74338-98-0,C(C)(C)(C)OCC(CO)O,,chaos,-208.633113,-157.0828725,0.15342372959638342,-0.08289721634341522,-0.0264176052623392
"a,a'-glycerol",627-82-7,OCC(O)COCC(O)CO,,chaos,-194.3385255,-208.5077119,0.2509603278039527,-0.04478593886409653,0.11130234242165467
2-pyrrolidon,616-45-5,N1C(CCC1)=O,2.0,chaos,-267.4442251,-9.693096774,0.31619630727743947,-0.02429903973763767,0.10066238149850515
"1,4-cineol",470-67-7,CC(C)C12CCC(C)(CC1)O2,3.0,chaos,-195.8740308,109.3502397,-0.0032811378808507603,-0.13903369976598715,-0.1038570939069382
"1,8-cineole",470-82-6,CC12CCC(CC1)C(C)(C)O2,3.0,chaos_no_stereo,-249.3561752,117.5151135,0.02922756814263715,-0.16244472971663965,-0.1126760550013658
decanedioicaciddibutylester,109-43-3,CCCCOC(=O)CCCCCCCCC(=O)OCCCC,3.0,chaos,-66.35777233,75.3190466,-0.0720212571464406,-0.0650751842679345,-0.051876912311373244
rhodiasolv-dib1_cas_141_04_8,141-04-8,CC(C)COC(=O)CCCCC(=O)OCC(C)C,3.0,chaos,-69.29520098,69.58601892,-0.009924438537089119,-0.07176806915964,-0.013446327035236069
rhodiasolv-dib3_cas_71195_64_7,71195-64-7,CC(C)COC(=O)CCCC(=O)OCC(C)C,3.0,chaos,-57.10292167,65.35724846,-0.038756476365568546,-0.05014280885363222,-0.009480076227264305
rhodiasolv-dib2_cas_925_06_4,925-06-4,CC(C)COC(=O)CCC(=O)OCC(C)C,3.0,chaos,-43.25203416,57.49193163,-0.006693235286526657,-0.051351422655636206,0.007588817037394223
ethyl-linoleate,544-35-4,C(C)OC(CCCCCCC\C=C/C\C=C/CCCCC)=O,3.0,chaos_no_stereo,-34.64768121,75.59287074,-0.09483125153415187,-0.05511149404013724,-0.04838902916370747
ethyl-linolenate,1191-41-9,CCOC(=O)CCCCCCC\C=C\C\C=C\C\C=C\CC,3.0,chaos,-35.61483422,71.13294155,-0.06761141221837498,-0.06903386926996118,-0.04917163657532956
ethyltetradecanoate,124-06-1,C(C)OC(CCCCCCCCCCCCC)=O,3.0,chaos,-45.84432258,82.51295891,-0.09214537767795006,-0.06938944210706481,-0.07186869509823461
isopropylacetate,108-21-4,C(C)(C)OC(C)=O,3.0,chaos,-89.97870969,65.97989023,0.07232891958700778,-0.0993603634260835,0.027362556829776903
isopropylbutadecanoate,110-27-0,CCCCCCCCCCCCCC(=O)OC(C)C,3.0,chaos,-47.3811865,85.69361263,-0.09028244208998865,-0.07519267008258192,-0.07822329402166638
methylabietate,128-25-3,CC(C)C1=CC2=CCC3C(C2CC1)(CCCC3(C)C(=O)OC)C,3.0,chaos,-23.42887664,70.95534086,-0.0656692475717577,-0.06721272856483798,-0.04432295406166666
dodecanoicacidmethylester,111-82-0,CCCCCCCCCCCC(=O)OC,3.0,chaos,-44.53047921,75.17866106,-0.06608954203044178,-0.07123564226020342,-0.05719739447812176
methyllinoleate,112-63-0,COC(CCCCCCC\C=C/C\C=C/CCCCC)=O,3.0,chaos,-28.69891112,70.74360795,-0.08027353205437848,-0.057770754641849165,-0.04499509581151722
methyltetradecanoate,124-10-7,COC(CCCCCCCCCCCCC)=O,3.0,chaos,-36.40079177,76.11254231,-0.08558962353403034,-0.07033890971498956,-0.07040643736765331
hexadecanoicacidmethylester,112-39-0,CCCCCCCCCCCCCCCC(=O)OC,3.0,chaos,-34.57202442,77.96383703,-0.09795094312828338,-0.07055061538422382,-0.08088674455175449
octadecanoicacidbutylester,123-95-5,CCCCCCCCCCCCCCCCCC(=O)OCCCC,5.0,ours,-36.65295667,86.73777909,-0.09248472544309647,-0.08153375488892194,-0.08170533592132691
ethyl-oleate,111-62-6,C(C)OC(CCCCCCC\C=C/CCCCCCCC)=O,5.0,chaos,-35.86351454,80.38924603,-0.07089451247398879,-0.07407415340176514,-0.06013472193950744
hexadecanoicacid-ethylester,628-97-7,C(C)OC(CCCCCCCCCCCCCCC)=O,5.0,chaos,-42.77510236,82.98999154,-0.10428037949292095,-0.07067971475988166,-0.08429574219501901
hexadecanoicacidisopropylester,142-91-6,CCCCCCCCCCCCCCCC(=O)OC(C)C,5.0,ours,-36.83629583,85.42136531,-0.0751821826436711,-0.08992115560145074,-0.08230974583794017
octadecanoicacidmethylester,112-61-8,CCCCCCCCCCCCCCCCCC(=O)OC,5.0,chaos,-27.22080698,78.45443929,-0.09562903654700242,-0.07261556965194053,-0.07962718093207834
terpinolene,586-62-9,CC1=CCC(=C(C)C)CC1,5.0,chaos,214.519518,46.68751947,-0.19093028010237617,0.016326169621111376,-0.0035130132453306856
1-decanol,112-30-1,C(CCCCCCCCC)O,7.0,chaos,-187.971165,-160.144806,0.0936050542370965,0.08271769576236118,-0.17755917472874153
"1,3-dimethoxy-2-propanol",623-69-8,COCC(COC)O,7.0,chaos,-200.5194749,-87.04118555,0.1713855812258887,-0.02803949184308596,-0.00604003081732931
cis-9-octadecenoicacid,112-80-1,C(CCCCCCC\C=C/CCCCCCCC)(=O)O,7.0,chaos,-39.07070288,-347.8001125,-0.03160049330081499,0.037514440673188355,-0.08542785483047874
oleyl-alcohol,143-28-2,C(CCCCCCC\C=C/CCCCCCCC)O,7.0,chaos,-160.2039439,-164.9538551,0.05177419102654919,0.008578375287260756,-0.14133690137265434
alpha-terpineol,98-55-5,CC1=CCC(C(C)(O)C)CC1,7.0,chaos,-188.7639979,-136.0663087,0.11431734562710834,0.04687199879731631,-0.13445861973292894
1-methyl-4-(1-methylethenyl)-cyclohexanol,138-87-4,CC1(CCC(CC1)C(=C)C)O,7.0,chaos,-185.9512135,-135.4821407,0.1151563932563666,0.08411840833032168,-0.13839605486991666
"4-hydroxymethyl-1,3-dioxolan-2-one",931-40-8,OCC1OC(OC1)=O,8.0,chaos,-104.1276937,-275.5968187,0.3833654200493348,0.22740704981509824,0.2155431167680348
"3-methoxy-1,2-propanediol",623-39-2,COCC(CO)O,8.0,chaos,-195.2203179,-182.714977,0.22426038060341524,-0.06359850287408747,0.05958965157076058
hydroxymethylfurfural,67-47-0,OCC1=C(C=O)OC=C1,8.0,ours,-137.6906929,-250.7764887,0.222837082404513,0.007112446146869451,0.05132561140553038
hydracrylicacid,503-66-2,C(CCO)(=O)O,8.0,chaos,-149.870237,-321.832669,0.3483024981988432,0.28136894628619946,-0.004475474918091332
3-methoxy-3-methylbutanol,56539-66-3,COC(CCO)(C)C,8.0,chaos,-267.3808945,-85.96553646,0.14596738529695294,-0.18513980086522902,-0.02779556074949825
